recording_id,user_id,language,segment_id,start_sec,end_sec,duration_sec,audio_path,text
238079,93626,hi,0,37.54,42.7,5.16,/kaggle/working/Hindi-ASR-Whisper-Pipeline/artifacts/q1/preprocess/segments/238079_0000.wav,ओके
238079,93626,hi,1,45.58,58.39,12.81,/kaggle/working/Hindi-ASR-Whisper-Pipeline/artifacts/q1/preprocess/segments/238079_0001.wav,अम्म फिलहाल तो मेरा है कि मुझे प्रोफेसर बनना है तो फिलहाल मैं वो देख रही हूँ उसके उसका प्रिपरेशन करना है अ
238079,93626,hi,2,58.84,61.93,3.09,/kaggle/working/Hindi-ASR-Whisper-Pipeline/artifacts/q1/preprocess/segments/238079_0002.wav,यही है आप आपका क्या है
238079,93626,hi,3,64.81,69.19,4.38,/kaggle/working/Hindi-ASR-Whisper-Pipeline/artifacts/q1/preprocess/segments/238079_0003.wav,अच्छा
238079,93626,hi,4,81.22,87.88,6.66,/kaggle/working/Hindi-ASR-Whisper-Pipeline/artifacts/q1/preprocess/segments/238079_0004.wav,जी हां हां
238079,93626,hi,5,108.16,111.25,3.09,/kaggle/working/Hindi-ASR-Whisper-Pipeline/artifacts/q1/preprocess/segments/238079_0005.wav,हां अच्छा
238079,93626,hi,6,123.07,126.28,3.21,/kaggle/working/Hindi-ASR-Whisper-Pipeline/artifacts/q1/preprocess/segments/238079_0006.wav,जी जी .
238079,93626,hi,7,148.66,153.64,4.98,/kaggle/working/Hindi-ASR-Whisper-Pipeline/artifacts/q1/preprocess/segments/238079_0007.wav,हुन
238079,93626,hi,8,171.79,176.41,4.62,/kaggle/working/Hindi-ASR-Whisper-Pipeline/artifacts/q1/preprocess/segments/238079_0008.wav,जी जी
238079,93626,hi,9,179.41,187.06,7.65,/kaggle/working/Hindi-ASR-Whisper-Pipeline/artifacts/q1/preprocess/segments/238079_0009.wav,ह्यू
238079,93626,hi,10,192.13,205.45,13.32,/kaggle/working/Hindi-ASR-Whisper-Pipeline/artifacts/q1/preprocess/segments/238079_0010.wav,REDACTED
238079,93626,hi,11,206.08,217.27,11.19,/kaggle/working/Hindi-ASR-Whisper-Pipeline/artifacts/q1/preprocess/segments/238079_0011.wav,REDACTED
238079,93626,hi,12,234.01,248.59,14.58,/kaggle/working/Hindi-ASR-Whisper-Pipeline/artifacts/q1/preprocess/segments/238079_0012.wav,जी जी
238079,93626,hi,13,249.13,263.32,14.19,/kaggle/working/Hindi-ASR-Whisper-Pipeline/artifacts/q1/preprocess/segments/238079_0013.wav,मेरे हिसाब से मतलब जो हम लोगों का जॉब है वो ऐसा होना चाहिए कि वो मतलब वो काम आपके मतलब आपको करने में मजा आए एक
238079,93626,hi,14,263.32,277.57,14.25,/kaggle/working/Hindi-ASR-Whisper-Pipeline/artifacts/q1/preprocess/segments/238079_0014.wav,क ये काम होना चाहिए अब ऐसा काम अगर मिल जाए आ जिसमें आपको वो करने में आपको अ मन ना लगे या फिर आपको जो करना चाहे जबरदस्ती आप कर रहे हो तो फिर वो आप मतलब वो काम सही से नहीं हो पाते मेरा ये मानना है
238079,93626,hi,15,277.6,291.49,13.89,/kaggle/working/Hindi-ASR-Whisper-Pipeline/artifacts/q1/preprocess/segments/238079_0015.wav,अगर आप ऐसे ही काम को ऐसे करियर को चूज करते हैं जिसमें मतलब अ आपका मन भी लगता रहे एंड आपको वो आपको वो करने में मज़ा आए आपको बतलब री अ बाद में पश्तावा ना हो कि ये मैंने क्यों कर लिया ये मुझे नहीं करना चाहिए था
238079,93626,hi,16,291.55,295.9,4.35,/kaggle/working/Hindi-ASR-Whisper-Pipeline/artifacts/q1/preprocess/segments/238079_0016.wav,तो आ ऐसा नहीं होना चाहिए मेरा ये ख्याल है
238079,93626,hi,17,298.54,302.65,4.11,/kaggle/working/Hindi-ASR-Whisper-Pipeline/artifacts/q1/preprocess/segments/238079_0017.wav,हम्म
238079,93626,hi,18,306.91,315.1,8.19,/kaggle/working/Hindi-ASR-Whisper-Pipeline/artifacts/q1/preprocess/segments/238079_0018.wav,REDACTED
238079,93626,hi,19,321.37,330.16,8.79,/kaggle/working/Hindi-ASR-Whisper-Pipeline/artifacts/q1/preprocess/segments/238079_0019.wav,जी जी आवाज
238079,93626,hi,20,333.16,348.13,14.97,/kaggle/working/Hindi-ASR-Whisper-Pipeline/artifacts/q1/preprocess/segments/238079_0020.wav,REDACTED
238079,93626,hi,21,348.28,362.98,14.7,/kaggle/working/Hindi-ASR-Whisper-Pipeline/artifacts/q1/preprocess/segments/238079_0021.wav,REDACTED
238079,93626,hi,22,378.1,392.2,14.1,/kaggle/working/Hindi-ASR-Whisper-Pipeline/artifacts/q1/preprocess/segments/238079_0022.wav,REDACTED
238079,93626,hi,23,392.26,406.93,14.67,/kaggle/working/Hindi-ASR-Whisper-Pipeline/artifacts/q1/preprocess/segments/238079_0023.wav,कि आपने अगर उह पहले कही जॉब किया रहेगा मतलब किया है और अगर आपको फिर से वो कंपनी छोड़ते हो एंड आपने बहुत तक मतलब टाइम दिया है उस कंपनी को एंड फिर आप अगर उसको छोड़ते हो तो आपको बहुत एक एक्सपीरियंस गेन हो जाता है कि हां ये काम करते हैं
238079,93626,hi,24,406.93,421.6,14.67,/kaggle/working/Hindi-ASR-Whisper-Pipeline/artifacts/q1/preprocess/segments/238079_0024.wav,करना है ये काम करना है एंड फिर अगर आप नया कोई जॉब जॉइन करते हो उसी फिल्ड में तो फिर अब आप आपका बहुत चांसेस रहते हैं कि आपका मतलब जो प्रमोशन वगैरह है वह बहुत जल्दी जल्दी होने लगता है ऐंड यही सब है वो बहुत
238079,93626,hi,25,421.6,424.6,3.0,/kaggle/working/Hindi-ASR-Whisper-Pipeline/artifacts/q1/preprocess/segments/238079_0025.wav,काम आता है वो वेस्ट नहीं जाता है एक तरह से
238079,93626,hi,26,431.77,434.41,2.64,/kaggle/working/Hindi-ASR-Whisper-Pipeline/artifacts/q1/preprocess/segments/238079_0026.wav,हूं कि
239492,98827,hi,0,15.43,18.13,2.7,/kaggle/working/Hindi-ASR-Whisper-Pipeline/artifacts/q1/preprocess/segments/239492_0000.wav,हम हम
239492,98827,hi,1,26.83,30.43,3.6,/kaggle/working/Hindi-ASR-Whisper-Pipeline/artifacts/q1/preprocess/segments/239492_0001.wav,थोड़ा आपका आवाज किलियर नहीं आ रहा है
239492,98827,hi,2,33.82,47.32,13.5,/kaggle/working/Hindi-ASR-Whisper-Pipeline/artifacts/q1/preprocess/segments/239492_0002.wav,हां हां बोलिए पड़ोसियों से मिलकर अपना परिचय देना हां हां आप सुन पा रहे है हां अब परफैक्ट है
239492,98827,hi,3,48.46,62.59,14.13,/kaggle/working/Hindi-ASR-Whisper-Pipeline/artifacts/q1/preprocess/segments/239492_0003.wav,पड़ोसियों से मिलकर अपना परिचय देना जब हम नए मोहल्ले में जाते हैं अगलबगल के जो हमारे पड़ोसीगण हैं उनसे मिलकर अपने बारे में बताते हैं कि हमारा नाम ये है हम आये हैं फला जगह से आये हैं
239492,98827,hi,4,63.01,76.84,13.83,/kaggle/working/Hindi-ASR-Whisper-Pipeline/artifacts/q1/preprocess/segments/239492_0004.wav,जिससे ओ उसके और हमारे बीच में एक अच्छा रिश्ता हो पाएं जो कि भविष्य में अगर मेरे पास चिन्नी ना हो तो हम उनके घर जा पाएं कि चिन्नी लेने के लिए
239492,98827,hi,5,76.87,80.05,3.18,/kaggle/working/Hindi-ASR-Whisper-Pipeline/artifacts/q1/preprocess/segments/239492_0005.wav,थोड़ा चीनी दीजिए गा ऐसे
239492,98827,hi,6,82.18,96.34,14.16,/kaggle/working/Hindi-ASR-Whisper-Pipeline/artifacts/q1/preprocess/segments/239492_0006.wav,हां हां पास की दुकानों पार्कों और कैफे को देखना अगल बगल के जो भी दुकान गन है जो अगल में क्या मिल रहा है नहीं मिल रहा है इसके
239492,98827,hi,7,96.34,109.06,12.72,/kaggle/working/Hindi-ASR-Whisper-Pipeline/artifacts/q1/preprocess/segments/239492_0007.wav,इसके बारे में भी जानकारी इकठ्ठा कर लेना अगर हम नए मोहल्ले में जा रहे हैं अगर हां कि कहां क्या मिल रहा है आखिकार मेरा गैस खत्म हो जाएगा तो हमें कौन सा
239492,98827,hi,8,109.27,122.98,13.71,/kaggle/working/Hindi-ASR-Whisper-Pipeline/artifacts/q1/preprocess/segments/239492_0008.wav,अगल बगल का दुकान में गैस मेरा फिल कर पाएगा ऐसे भर पाएगा अ और नए घर को सेट करना तो अपने घर को जितना अच्छा से हम बना के रखेंगे अह उत्त
239492,98827,hi,9,122.98,137.77,14.79,/kaggle/working/Hindi-ASR-Whisper-Pipeline/artifacts/q1/preprocess/segments/239492_0009.wav,नहीं अच्छा होगा हमारे लिए कि हां हां हां कौन समान कहां रखना बेड तैयार करना कपड़े को एडजेस्ट करना किचन को तैयार करना मसाले को मसाले के डब्बा में रखना
239492,98827,hi,10,138.16,145.36,7.2,/kaggle/working/Hindi-ASR-Whisper-Pipeline/artifacts/q1/preprocess/segments/239492_0010.wav,अह चूल्हे को लगाना ऐसे बहुत सारे काम है न नए घर में करना पड़ता है
239492,98827,hi,11,150.04,157.63,7.59,/kaggle/working/Hindi-ASR-Whisper-Pipeline/artifacts/q1/preprocess/segments/239492_0011.wav,हाँ हाँ हां सही बोलें
239492,98827,hi,12,164.32,167.32,3.0,/kaggle/working/Hindi-ASR-Whisper-Pipeline/artifacts/q1/preprocess/segments/239492_0012.wav,हा और
239492,98827,hi,13,172.36,175.3,2.94,/kaggle/working/Hindi-ASR-Whisper-Pipeline/artifacts/q1/preprocess/segments/239492_0013.wav,तो ही बोला और अगर
239492,98827,hi,14,178.09,191.92,13.83,/kaggle/working/Hindi-ASR-Whisper-Pipeline/artifacts/q1/preprocess/segments/239492_0014.wav,हां हां अगर अगर हमारा अं नए घर बन रहे हैं मकान बन रहे हैं तो गृह प्रवेश कराना एक रीति रिवाज है जो अं सभी के यहां होता है तो वो भी हम करा सकते हैं
239492,98827,hi,15,192.04,206.95,14.91,/kaggle/working/Hindi-ASR-Whisper-Pipeline/artifacts/q1/preprocess/segments/239492_0015.wav,उसमें ब तमाम मेहमान ज अं को निमंत्रण करना एं या बुलाना उस पार्टी में गृह प्रवेस में खिलाना कि देखिये हम नया मकान या या नए मोहल्ले में सिफ्ट हुए हैं
239492,98827,hi,16,207.85,209.44,1.59,/kaggle/working/Hindi-ASR-Whisper-Pipeline/artifacts/q1/preprocess/segments/239492_0016.wav,जानकारी देना सभी को
239492,98827,hi,17,244.6,251.02,6.42,/kaggle/working/Hindi-ASR-Whisper-Pipeline/artifacts/q1/preprocess/segments/239492_0017.wav,और पुराने पड़ोस की यादें ताजा करना इस पर कुछ आप बताना चाहेंगे
239492,98827,hi,18,253.45,261.13,7.68,/kaggle/working/Hindi-ASR-Whisper-Pipeline/artifacts/q1/preprocess/segments/239492_0018.wav,हां हां आपका आवाज थोड़ा कट कट के आता है हाँ पुराने पड़ोस की
239492,98827,hi,19,263.47,267.49,4.02,/kaggle/working/Hindi-ASR-Whisper-Pipeline/artifacts/q1/preprocess/segments/239492_0019.wav,हा पुराने पढो
239492,98827,hi,20,277.87,279.04,1.17,/kaggle/working/Hindi-ASR-Whisper-Pipeline/artifacts/q1/preprocess/segments/239492_0020.wav,हूं
239492,98827,hi,21,281.47,288.82,7.35,/kaggle/working/Hindi-ASR-Whisper-Pipeline/artifacts/q1/preprocess/segments/239492_0021.wav,हुं
239492,98827,hi,22,291.58,295.51,3.93,/kaggle/working/Hindi-ASR-Whisper-Pipeline/artifacts/q1/preprocess/segments/239492_0022.wav,हां हां
239492,98827,hi,23,298.09,306.46,8.37,/kaggle/working/Hindi-ASR-Whisper-Pipeline/artifacts/q1/preprocess/segments/239492_0023.wav,हम्म
239492,98827,hi,24,334.39,347.41,13.02,/kaggle/working/Hindi-ASR-Whisper-Pipeline/artifacts/q1/preprocess/segments/239492_0024.wav,सही बोले हमारे भी वहां अपने जो बचपन के जो मित्र गण है जहां मैं पुराने मौहल्ला में जहां रहता था तो
239492,98827,hi,25,350.26,364.27,14.01,/kaggle/working/Hindi-ASR-Whisper-Pipeline/artifacts/q1/preprocess/segments/239492_0025.wav,पुराने जगह का याद तो जरूर आता है पुराने मोहल्ले में हम जहां रहते थे पुराने मोहल्ले में जहां हम रहते थे वहाँ का याद तो जरूर आता है
239492,98827,hi,27,382.72,385.45,2.73,/kaggle/working/Hindi-ASR-Whisper-Pipeline/artifacts/q1/preprocess/segments/239492_0027.wav,हम्म हम्म सही बोले
239492,98827,hi,29,408.67,415.15,6.48,/kaggle/working/Hindi-ASR-Whisper-Pipeline/artifacts/q1/preprocess/segments/239492_0029.wav,सही बात ठीक है सर अह रखते हैं ठीक है अलविदा
240907,6449,hi,0,0.12,14.07,13.95,/kaggle/working/Hindi-ASR-Whisper-Pipeline/artifacts/q1/preprocess/segments/240907_0000.wav,सर ऐसे भी होता की कभी आप देर रात तक पढ़े हो के अच्छा ह्म्म्म
240907,6449,hi,1,14.28,24.15,9.87,/kaggle/working/Hindi-ASR-Whisper-Pipeline/artifacts/q1/preprocess/segments/240907_0001.wav,तो सर कॉलेज टाइम में अपने जो प्रोफेसर होते हैं उनके साथ कभी आपका कोई कोई प्रोफेसर के साथ लगाव रहा हो या कोई आपका फेवरेट पसंदीदा प्रोफेसर रहा हो तो
240907,6449,hi,2,24.45,30.51,6.06,/kaggle/working/Hindi-ASR-Whisper-Pipeline/artifacts/q1/preprocess/segments/240907_0002.wav,उनका क्या नाम था कि सब्जेक्ट का था अगर वह पसंदीदा था तो क्यों पसंदीदा था इसके बारे में कुछ बताइए सर
240907,6449,hi,3,34.47,48.48,14.01,/kaggle/working/Hindi-ASR-Whisper-Pipeline/artifacts/q1/preprocess/segments/240907_0003.wav,जी सर जी सर हुम
240907,6449,hi,5,61.92,76.41,14.49,/kaggle/working/Hindi-ASR-Whisper-Pipeline/artifacts/q1/preprocess/segments/240907_0005.wav,हम्म हम्म जी सर मैं अगर अपने कॉलेज के बारे में बताऊं तो मेरे भी कॉलेज के दिन काफ मोज मस्ती में स्टडी में दोस्तों के साथ फन में गुजरा है सर
240907,6449,hi,6,76.83,90.78,13.95,/kaggle/working/Hindi-ASR-Whisper-Pipeline/artifacts/q1/preprocess/segments/240907_0006.wav,हां मैं कह सकता हूं कि वो मेरे जो कोलेज के तीन साल थे ना अ जिंदगी से के सबसे फेवरेट गोल्ड पीरियड कह सकते हैं उनको और
240907,6449,hi,7,91.86,104.58,12.72,/kaggle/working/Hindi-ASR-Whisper-Pipeline/artifacts/q1/preprocess/segments/240907_0007.wav,अ जी सर मेरे जो पसंदीदा टीचर थी वो थी अ गीता मैम जो मेरे को अ बिजनेस पढ़ाती थी बी कॉम में
240907,6449,hi,8,104.67,117.75,13.08,/kaggle/working/Hindi-ASR-Whisper-Pipeline/artifacts/q1/preprocess/segments/240907_0008.wav,तो बिजनस पढ़ाती थी वो भी ग्रामीण क्षेत्र से थी मतलब अ उनके साथ मेरा इतना लगाव था कि हम अ कक्षा के बाद भी आपस में बातें करते रहते थे कभी स्टडी को लेकर के बातें
240907,6449,hi,9,117.87,132.6,14.73,/kaggle/working/Hindi-ASR-Whisper-Pipeline/artifacts/q1/preprocess/segments/240907_0009.wav,कभी घर परिवार को लेकर के बातें अ जो सोशल मीडिया उसको लेकर के बातें जो अपने आसपास चल रहा है उसको लेकर के बातें मतलब हम आप आपस में बातें करते रहते थे उनकें साथ एक
240907,6449,hi,10,132.6,146.55,13.95,/kaggle/working/Hindi-ASR-Whisper-Pipeline/artifacts/q1/preprocess/segments/240907_0010.wav,टीचर वाला भी लगाव था और एक घर वाला भी लगाव था ऐसे लगता था जैसे कि हम फैमिली मेंबर भी हैं हांजी
240907,6449,hi,11,147.24,161.4,14.16,/kaggle/working/Hindi-ASR-Whisper-Pipeline/artifacts/q1/preprocess/segments/240907_0011.wav,जी सर हमारे कॉलेज में काफी फेस्ट होते थे यूनिवर्सिटी में फेस्ट होते थे उसमें भी हम भाग लेते थे कॉलेज में जो फेस्ट होते थे उसमें भी हम भाग लेते थे शुरू शुरू से मेरे को उसका सिंगिंग का शोक रहा है तो मैं
240907,6449,hi,12,161.49,173.52,12.03,/kaggle/working/Hindi-ASR-Whisper-Pipeline/artifacts/q1/preprocess/segments/240907_0012.wav,काफी बढ़ चढ़ के भाग लिया करता था उसमें जी सर आपका भी कोई मतलब आह फैस्ट में हिस्सा लेने की रुचि रही होगी कोई
240907,6449,hi,13,177.45,188.16,10.71,/kaggle/working/Hindi-ASR-Whisper-Pipeline/artifacts/q1/preprocess/segments/240907_0013.wav,जी हां सर
240907,6449,hi,14,190.23,200.73,10.5,/kaggle/working/Hindi-ASR-Whisper-Pipeline/artifacts/q1/preprocess/segments/240907_0014.wav,हांजी सर हं
240907,6449,hi,15,203.25,204.57,1.32,/kaggle/working/Hindi-ASR-Whisper-Pipeline/artifacts/q1/preprocess/segments/240907_0015.wav,हम्म
240907,6449,hi,16,206.97,219.48,12.51,/kaggle/working/Hindi-ASR-Whisper-Pipeline/artifacts/q1/preprocess/segments/240907_0016.wav,सर आपने कभी रूममेट्स या दोस्तों के साथ ऐसी कोई शरारत की हो जो आपकी यादगार बन गई हो सदा के लिए
240907,6449,hi,17,230.52,244.59,14.07,/kaggle/working/Hindi-ASR-Whisper-Pipeline/artifacts/q1/preprocess/segments/240907_0017.wav,हाँ फिर तो हाँ जी सर मेरे रूम मेटेस थे हम काफी शरारत किया करते थे जैसे अ अगर किसी को नींद आ जाती थी उसका कंबल अ छीन लिया करते थे ऐसे मतलब
240907,6449,hi,18,244.71,246.6,1.89,/kaggle/working/Hindi-ASR-Whisper-Pipeline/artifacts/q1/preprocess/segments/240907_0018.wav,प्रार्थे चलती रहती थी
240907,6449,hi,20,254.91,269.46,14.55,/kaggle/working/Hindi-ASR-Whisper-Pipeline/artifacts/q1/preprocess/segments/240907_0020.wav,ऐसी तो शरारते है सर काफी है उन में से अब क्या बताऊं आपको जैसे कि सर्दियों में मतलब अगर कोई सोया हुआ होता था तो एक उस पे ठंडा पानी डाल दिया
240907,6449,hi,21,269.49,284.49,15.0,/kaggle/working/Hindi-ASR-Whisper-Pipeline/artifacts/q1/preprocess/segments/240907_0021.wav,उसको खड़ा करने के लिए ऐसे शरारते करते रहते थे सर हम और जैसे कोई नहाने जा रहा है उसका पीछे से नल बंद कर दिया उसने साबुन लगा रखी है वो
240907,6449,hi,22,284.73,289.17,4.44,/kaggle/working/Hindi-ASR-Whisper-Pipeline/artifacts/q1/preprocess/segments/240907_0022.wav,हल्ला मचा रहा है ना लोन करो ना लोन करो
240907,6449,hi,23,294.0,303.81,9.81,/kaggle/working/Hindi-ASR-Whisper-Pipeline/artifacts/q1/preprocess/segments/240907_0023.wav,वो काफी इमोशनल था सर ऐसे लग रहा था जैसे कि ये जो अपनी अ कॉलेज की एक फैमिली है या जो कॉलेज की ये जो लाइफ है
240907,6449,hi,24,304.26,318.75,14.49,/kaggle/working/Hindi-ASR-Whisper-Pipeline/artifacts/q1/preprocess/segments/240907_0024.wav,तो ऐसे लग रहा था सर जैसे कि ये सब कुछ अपने से एकदम दूर हो रहा है आज लास्ट दिन है इसको जितना जिया जाए उतना जी लो मतलब काफी इमोशनल था वो और मतलब
240907,6449,hi,25,319.5,322.47,2.97,/kaggle/working/Hindi-ASR-Whisper-Pipeline/artifacts/q1/preprocess/segments/240907_0025.wav,तीन साल की यादें एक दिन में सिमट गई सर वो
240907,6449,hi,26,327.57,341.88,14.31,/kaggle/working/Hindi-ASR-Whisper-Pipeline/artifacts/q1/preprocess/segments/240907_0026.wav,हा अलग बस मतलब सैल्फी वगैराह ली थी और आपस में बाते की थी यही सब किया था ताकि सदा इसको संजो के सहज आ
240907,6449,hi,27,341.88,354.12,12.24,/kaggle/working/Hindi-ASR-Whisper-Pipeline/artifacts/q1/preprocess/segments/240907_0027.wav,संजोग के इसको रख सकें सदा याद रहे ये मेमोरी है इनको सेव कर सके बस यहीं किया था सब हम्म आपका कॉलेज का लास्ट दिन केसा रहा था
240907,6449,hi,28,356.28,371.1,14.82,/kaggle/working/Hindi-ASR-Whisper-Pipeline/artifacts/q1/preprocess/segments/240907_0028.wav,REDACTED
240907,6449,hi,29,371.25,379.8,8.55,/kaggle/working/Hindi-ASR-Whisper-Pipeline/artifacts/q1/preprocess/segments/240907_0029.wav,हम्म हम्म हां
240907,6449,hi,30,383.58,394.5,10.92,/kaggle/working/Hindi-ASR-Whisper-Pipeline/artifacts/q1/preprocess/segments/240907_0030.wav,मैंम बातें तो अभी भी होती सर मेरी भी होती रहती है और अगर मैं डिफरेंस अंतर अ जानना चाहूं या तुलना करना चाहें आपा
240907,6449,hi,31,394.83,400.98,6.15,/kaggle/working/Hindi-ASR-Whisper-Pipeline/artifacts/q1/preprocess/segments/240907_0031.wav,तो जो वो अ कोलेज के दिन थे और जो आज के दिन है उनमें अ क्या फर्क नजर आता है सर आपको
240907,6449,hi,32,405.39,410.49,5.1,/kaggle/working/Hindi-ASR-Whisper-Pipeline/artifacts/q1/preprocess/segments/240907_0032.wav,हूं हूं
240907,6449,hi,33,413.79,427.44,13.65,/kaggle/working/Hindi-ASR-Whisper-Pipeline/artifacts/q1/preprocess/segments/240907_0033.wav,जी सर जी सर
240907,6449,hi,34,428.58,443.34,14.76,/kaggle/working/Hindi-ASR-Whisper-Pipeline/artifacts/q1/preprocess/segments/240907_0034.wav,हुं हुं लगभग सेम कह सकते हैं सर ऐसा ही मेरा था क्योंकि जब आपन अगर कॉलेज में रहते हैं तो उस
240907,6449,hi,35,443.37,456.84,13.47,/kaggle/working/Hindi-ASR-Whisper-Pipeline/artifacts/q1/preprocess/segments/240907_0035.wav,टाइम आप शेड्यू्ल् से चलते हैं कि अपने को इस टाइम कॉलेज पहुंचना है इस टाइम अपनी क्लास है इस टाइम अपने को वापस आना है मतलब वो दिनचर्याय का अलग होती है जैसे अब तो आपको कुछ मिस भी कर दे तो भी चलेगा बट
240907,6449,hi,36,456.84,469.47,12.63,/kaggle/working/Hindi-ASR-Whisper-Pipeline/artifacts/q1/preprocess/segments/240907_0036.wav,कॉलेज में आपा अह मिस नहीं करते ज्यादा अगर आपा कॉलेज में मिस करते हैं तो वो एक अह चीज होती है अह दोस्तों के साथ फन करने के लिए आपका क्लास मिस करते है बस हा
240907,6449,hi,37,473.04,482.94,9.9,/kaggle/working/Hindi-ASR-Whisper-Pipeline/artifacts/q1/preprocess/segments/240907_0037.wav,अ जी सर अ मेरे को भी अच्छा लगा सर धन्यवाद आपका
240909,219548,hi,0,3.99,12.15,8.16,/kaggle/working/Hindi-ASR-Whisper-Pipeline/artifacts/q1/preprocess/segments/240909_0000.wav,जी पेप पेपर के एक दिन पहले ही हम देर तक पढ़ते थे वरना तो हम सिर्फ मौज मस्ती करते थे
240909,219548,hi,1,30.06,44.28,14.22,/kaggle/working/Hindi-ASR-Whisper-Pipeline/artifacts/q1/preprocess/segments/240909_0001.wav,मेरे पसंदीदा सर थे अनुपम सर वो हमें फाइनेंस पढ़ाते थे जब मैं सेकंड ईयर में था अपने कॉलेज में वो काफी अच्छा पढ़ाई पढ़ाते थे हमें अपने वो अपने
240909,219548,hi,2,44.28,57.9,13.62,/kaggle/working/Hindi-ASR-Whisper-Pipeline/artifacts/q1/preprocess/segments/240909_0002.wav,पुराने समय के बारे में बताते थे और फाइनेंस की छोटीछोटी छोटी बारीकियों को बताते थे और उनको सुनने में काफी अच्छा लगता था क्योंकि उनको काफी अनुभव था वो थोड़े बुढ़े थे तो उन्हें काफी ज्यादा अनुभव था इन सब
240909,219548,hi,3,57.9,69.39,11.49,/kaggle/working/Hindi-ASR-Whisper-Pipeline/artifacts/q1/preprocess/segments/240909_0003.wav,चीजों में पढ़ाने का अनुभव तक शायद वह बीस साल से ज्यादा उनको अनुभव था और उनसे पढ़कर हमें काफी ज्यादा बेहतरी अच्छा लगता था
240909,219548,hi,4,87.45,93.0,5.55,/kaggle/working/Hindi-ASR-Whisper-Pipeline/artifacts/q1/preprocess/segments/240909_0004.wav,अच्छा तो आपका सबसे अच्छे टीचर कौन थे जिनको आप पसंद करते थे
240909,219548,hi,5,99.96,106.83,6.87,/kaggle/working/Hindi-ASR-Whisper-Pipeline/artifacts/q1/preprocess/segments/240909_0005.wav,अच्छा
240909,219548,hi,6,140.49,147.96,7.47,/kaggle/working/Hindi-ASR-Whisper-Pipeline/artifacts/q1/preprocess/segments/240909_0006.wav,अच्छा और अब कॉलेज में फेस्ट होते थे क्या आपके कॉलेज में फेस्ट होते थे
240909,219548,hi,7,165.0,167.94,2.94,/kaggle/working/Hindi-ASR-Whisper-Pipeline/artifacts/q1/preprocess/segments/240909_0007.wav,अच्छा जी तो काफी अच्छी बात है
240909,219548,hi,8,173.79,187.08,13.29,/kaggle/working/Hindi-ASR-Whisper-Pipeline/artifacts/q1/preprocess/segments/240909_0008.wav,जी सच बताओ तो हमारे यहाँ फेस्ट काफी छोटा फेस्ट होता था लेकिन साल में पाँच छह बार होते थे अलग अलग संस्कृति पर आधारित होता था और हर त्यौहार से पहले एक फेस्ट होते थे इसमें शायरी सभा
240909,219548,hi,9,187.44,201.96,14.52,/kaggle/working/Hindi-ASR-Whisper-Pipeline/artifacts/q1/preprocess/segments/240909_0009.wav,आईडी शर्माने वाला पेसकुटर था एनुअल पेसकुटर था इवेंट स्पोर्ट फेसट बहुत सारे फेसट होते थे तो हम उसके ओरगीनाईजर के साथ रहके हम बेसिकली लाईंट को डिसिपिलेन करते थे उसका सबसे मजेदार पार्ट था फिरि का
240909,219548,hi,10,201.96,210.51,8.55,/kaggle/working/Hindi-ASR-Whisper-Pipeline/artifacts/q1/preprocess/segments/240909_0010.wav,फुट पास मिलता था तो एक बार हमने डांस कंपटीशन में पार्ट लिया था उसमें हम बैकग्राउंड डांसर की तरह हमने डांस किया था काफी मज़ा आया था उस दिन
240909,219548,hi,11,220.53,232.32,11.79,/kaggle/working/Hindi-ASR-Whisper-Pipeline/artifacts/q1/preprocess/segments/240909_0011.wav,असल में हमारा घर से ही हमारा कॉलेज काफी पास मे था कुछ इससे कारण हम अपने घर से ही सीधे कॉलेज जाते थे और कॉलेज से ही घर तो रूममेट्स तो थे नहीं हमारे है या आपके रूममेट्स थे
240909,219548,hi,12,246.9,255.72,8.82,/kaggle/working/Hindi-ASR-Whisper-Pipeline/artifacts/q1/preprocess/segments/240909_0012.wav,अच्छा तो आपको शरारतें बचा सकते हैं जो बहुत ज्यादा खतरनाक टाइप की थी जो आप अभी तक याद है आपको
240909,219548,hi,14,288.9,292.65,3.75,/kaggle/working/Hindi-ASR-Whisper-Pipeline/artifacts/q1/preprocess/segments/240909_0014.wav,अच्छा तो आपका ग्रेजुएशन डे कैसा रहा था जब आखिरी दिन आप कॉलेज में गए थे तो
240909,219548,hi,15,323.46,326.28,2.82,/kaggle/working/Hindi-ASR-Whisper-Pipeline/artifacts/q1/preprocess/segments/240909_0015.wav,जब तो आपने उस दिन कुछ ऐसा कुछ अलग किया था अपने दोस्तों के साथ
240909,219548,hi,17,354.96,369.42,14.46,/kaggle/working/Hindi-ASR-Whisper-Pipeline/artifacts/q1/preprocess/segments/240909_0017.wav,हमारा तो काफी अच्छा रहा था हम लास्ट दिन हमारा पेपर था उस दिन जिस दिन लास्ट दिन हम लोग गए थे तो पेपर के बाद हम लोगों ने वो होली के टाइम ही हुआ था एन्ड तो होली खेली होली के बाद फिर फैनफेस्ट हुआ था जिसमे हम लोगों ने एक दूसरे के टी शर्ट में
240909,219548,hi,18,369.42,382.68,13.26,/kaggle/working/Hindi-ASR-Whisper-Pipeline/artifacts/q1/preprocess/segments/240909_0018.wav,अ अपना नाम लिखा साइन किया सबकी अ शर्ट वाइट शर्ट थी सबकी वाइट शर्ट एकदम फिल हो गई थी काफी अच्छा दिन था उसके बाद फोटोज क्लिक फोटोज खींचीं उसको संभाल के रखा आगे ग्रुपस बनाए
240909,219548,hi,19,383.28,386.85,3.57,/kaggle/working/Hindi-ASR-Whisper-Pipeline/artifacts/q1/preprocess/segments/240909_0019.wav,अभी भी हम बड़ा ही दोस्तों से बात होती रहती हैं
240909,219548,hi,20,401.43,415.62,14.19,/kaggle/working/Hindi-ASR-Whisper-Pipeline/artifacts/q1/preprocess/segments/240909_0020.wav,कॉलेज से कॉलेज असल में मेरे घर से दस किलोमीटर दूर था तो मुझे सुबह और आठ बजे कॉलेज था तो मुझे सुभा छे बजे जागना पड़ता था पहले पर अब मैं दिन में सुबह आठ बजे कभी नौ बजे कभी दस बजे जब मेरा मन करे तब मैं उठता हूँ
240909,219548,hi,21,416.85,431.76,14.91,/kaggle/working/Hindi-ASR-Whisper-Pipeline/artifacts/q1/preprocess/segments/240909_0021.wav,तो उस तरह में मुझे छः बजे उठके खाना बना के तैयार होके जाना पड़ता था बस में बैठके और फिर हम दो बजे वहां से वापस आते थे उसके बाद अपने कॉलेज वे कॉलेज का काम करना और पूरा एक डिसिप्लिन शेड्यूल था जो की अब काफी हद
240909,219548,hi,22,431.76,436.68,4.92,/kaggle/working/Hindi-ASR-Whisper-Pipeline/artifacts/q1/preprocess/segments/240909_0022.wav,निरस्त्र हो गया है आपका कैसा था ये दिनचर्या
240909,219548,hi,23,450.51,452.64,2.13,/kaggle/working/Hindi-ASR-Whisper-Pipeline/artifacts/q1/preprocess/segments/240909_0023.wav,REDACTED
240909,219548,hi,24,467.4,478.14,10.74,/kaggle/working/Hindi-ASR-Whisper-Pipeline/artifacts/q1/preprocess/segments/240909_0024.wav,जी कॉलेज की मेरी भी इतनी ही यादें थी बस कॉलेज की यह आप से बात करके अच्छा लगा फिर फिर मिलेंगे
240994,216926,hi,0,0.23,13.13,12.9,/kaggle/working/Hindi-ASR-Whisper-Pipeline/artifacts/q1/preprocess/segments/240994_0000.wav,दूर से लेके आया रहता है तो फिर उसकी कंप्लेंट नहीं जा के जैसे मन लीजिए हम कही ट्रैवल मे जा रहे हैं बीच में एक कहीं खरीद लिए फिर चले गए तो वो शॉप पे न पहुंचेंगे ना शिकायत करेंगे लेकिन होता है कि
240994,216926,hi,1,13.19,21.68,8.49,/kaggle/working/Hindi-ASR-Whisper-Pipeline/artifacts/q1/preprocess/segments/240994_0001.wav,हम जहां भी है मान लीजिए कोई किराना स्टोर पे जाते हैं कुछ लेके आते हैं वो खराब निकल गया फिर उसके यहां बार- बार जाना होता है तो हम जा के शिकायत कर सकते हैं
240994,216926,hi,2,22.4,36.32,13.92,/kaggle/working/Hindi-ASR-Whisper-Pipeline/artifacts/q1/preprocess/segments/240994_0002.wav,या करते भी हैं कि अरे वो लेके गया आपके साथ आपके यहां से वो तो खराब निकला लेकिन उस टाइम भी जोकि है कि कुछ पैकेट्स वाली चीज़े हैं जिसमें कि दुकानदार की भी गलती नहीं रहती है
240994,216926,hi,3,36.41,47.21,10.8,/kaggle/working/Hindi-ASR-Whisper-Pipeline/artifacts/q1/preprocess/segments/240994_0003.wav,फिर भी हम लोग जा के उसे बोलेंगे के आरे वो आपका लिया वो तो खराब निकला लेकिन उसके अन्दर वो भी नहीं बैठा था उसे भी पता नहीं हे कि वो खराब हे कि क्या हे बट फिर भी
240994,216926,hi,4,47.21,62.15,14.94,/kaggle/working/Hindi-ASR-Whisper-Pipeline/artifacts/q1/preprocess/segments/240994_0004.wav,उसकी गलती नहीं है फिर भी जब कस्टमर उसको ब्लेम करते हैं तो शांत रहना है शांत होकर ही अपनी बाते रखनी चाहिए कि नहीं देखिए हमें भी नहीं प हमें मतलब पैकेट के अंदर तो बैठे नहीं है कि हमें पता है
240994,216926,hi,5,62.21,68.42,6.21,/kaggle/working/Hindi-ASR-Whisper-Pipeline/artifacts/q1/preprocess/segments/240994_0005.wav,देखे नहीं हैं कि तो यह सब चीजें शांत से ही जहां तक मुझे लगता है कि निपटाना चाहिए
240994,216926,hi,6,70.52,73.55,3.03,/kaggle/working/Hindi-ASR-Whisper-Pipeline/artifacts/q1/preprocess/segments/240994_0006.wav,और आप बताईए आप
240994,216926,hi,9,143.75,145.46,1.71,/kaggle/working/Hindi-ASR-Whisper-Pipeline/artifacts/q1/preprocess/segments/240994_0009.wav,मिल जाता है मिल जाता है.
240994,216926,hi,10,159.83,173.21,13.38,/kaggle/working/Hindi-ASR-Whisper-Pipeline/artifacts/q1/preprocess/segments/240994_0010.wav,हां ऐसा होता है ऐसा बहुत होता है अ. मेरे साथ भी हुआ है मैंने ईवेन जो वो बोले हैं कि ढाई हजार की सारी मैंने पांच सौ में भी खरीदा है
240994,216926,hi,11,173.27,186.32,13.05,/kaggle/working/Hindi-ASR-Whisper-Pipeline/artifacts/q1/preprocess/segments/240994_0011.wav,तो ओह ऐसा होता है मैं आपकी इस बातों से एग्री करती हूँ हाँ अगला टॉपिक है हल निकालने का तरीका जो है कि हल निकालने का तरीका बताना
240994,216926,hi,12,186.32,198.68,12.36,/kaggle/working/Hindi-ASR-Whisper-Pipeline/artifacts/q1/preprocess/segments/240994_0012.wav,तो होता है ना जैसे कोई भी ये रहता है तो मान लीजिए हम साड़ी खरीदते हैं ना तो हम बोलेंगे कि नहीं मुझे पॉच जीरो जोरो मतलब मैं पांच जीरो जीरो ही दूँगी आपको इसमें देना है तो दे दीजिये मतलब कोई भी
240994,216926,hi,13,198.71,213.56,14.85,/kaggle/working/Hindi-ASR-Whisper-Pipeline/artifacts/q1/preprocess/segments/240994_0013.wav,कस्टमर ऐसा अपना डिमांड रखता है कि मैं इतना दूंगी इसमें देना है तो दीजिए आ अपना दुकानदार भी ऐसा रहता है कि नहीं आप छः सौ दीजिए फिर एक अ ऐसा पॉइंट आता है कि वो भी बोलता है अच्छा चलिए ना आपका ना मेरा साढ़े पांच सौ मे
240994,216926,hi,14,213.8,228.44,14.64,/kaggle/working/Hindi-ASR-Whisper-Pipeline/artifacts/q1/preprocess/segments/240994_0014.wav,तय करते है डील करते है मतलब थोड़ा सा मेरा भी थोड़ा ऊपर जाता है वो भी थोड़ा अपना कम करता है तो ऐसे ऐसे करके वो चीजे हल हो जाती है और वो शायद समान बिक भी जाता है कस्टमर ले भी लेता है
240994,216926,hi,15,228.62,229.94,1.32,/kaggle/working/Hindi-ASR-Whisper-Pipeline/artifacts/q1/preprocess/segments/240994_0015.wav,हेलो
240994,216926,hi,16,232.52,237.44,4.92,/kaggle/working/Hindi-ASR-Whisper-Pipeline/artifacts/q1/preprocess/segments/240994_0016.wav,और बताइए आपको क्या
240994,216926,hi,17,273.86,277.58,3.72,/kaggle/working/Hindi-ASR-Whisper-Pipeline/artifacts/q1/preprocess/segments/240994_0017.wav,जी जी ऐसा तो होता ही हैं
240994,216926,hi,18,280.34,285.95,5.61,/kaggle/working/Hindi-ASR-Whisper-Pipeline/artifacts/q1/preprocess/segments/240994_0018.wav,हाँ हाँ आपका आवाज थोड़ा कट हो होके आ रहा है
240994,216926,hi,19,289.22,290.45,1.23,/kaggle/working/Hindi-ASR-Whisper-Pipeline/artifacts/q1/preprocess/segments/240994_0019.wav,जी
240994,216926,hi,20,296.96,300.77,3.81,/kaggle/working/Hindi-ASR-Whisper-Pipeline/artifacts/q1/preprocess/segments/240994_0020.wav,अभी ठीक है हा सर आपका बीच में कट हो हो के आ रहा था
240994,216926,hi,21,302.93,313.58,10.65,/kaggle/working/Hindi-ASR-Whisper-Pipeline/artifacts/q1/preprocess/segments/240994_0021.wav,हम्म ये एक जो टॉपिक है बुरी बातों को अच्छे तरीके से बदलना धैर्य रखना तो है बहुत सारी चीजे
240994,216926,hi,22,313.67,328.49,14.82,/kaggle/working/Hindi-ASR-Whisper-Pipeline/artifacts/q1/preprocess/segments/240994_0022.wav,ऐसी होती है कि मतलब कोई आ के एकदम रूडली बात कर देता है कोई रूडली एकदम बोल देता है जैसे मान लिजिए हमें कोई समान जैसे लेके गए अरे ये आपने कैसा दिया है एकदम देखिये तो इतना खराब है मतलब
240994,216926,hi,23,328.82,338.48,9.66,/kaggle/working/Hindi-ASR-Whisper-Pipeline/artifacts/q1/preprocess/segments/240994_0023.wav,एक रूड होके बोलते हैं बट उस टाइम पे है आ जो भी दुकानदार है या फिर जो भी लोग है अगर वो
240994,216926,hi,24,338.63,353.18,14.55,/kaggle/working/Hindi-ASR-Whisper-Pipeline/artifacts/q1/preprocess/segments/240994_0024.wav,थोड़ा हस के थोड़ा अच्छे से पेशेंस रख के और वो अच्छा से कॉलम हो के बोल दो ना फिर वो जो रूड हुआ भी इंसान रहता है वो भी थोड़ा नॉर्मल हो जाता है कि हमने इतना ऐसे किया अगर अच्छे लोग हो तो
240994,216926,hi,25,353.54,368.36,14.82,/kaggle/working/Hindi-ASR-Whisper-Pipeline/artifacts/q1/preprocess/segments/240994_0025.wav,हमने ऐसा उनके साथ बरताव किया पर फिर भी वो हमसे इतना अच्छे से रिस्पेक्ट फुली बात कर रहे है तो जहां तक मुझे लगता है कि ये वर्क करता है हम अगर किसी को रिस्पेक्ट दें तो बदले में हमें रिस्पेक्ट तो
240994,216926,hi,26,368.42,373.88,5.46,/kaggle/working/Hindi-ASR-Whisper-Pipeline/artifacts/q1/preprocess/segments/240994_0026.wav,ज्यादा ना सही थोड़ा तो मिलता ही है
240994,216926,hi,28,396.77,403.43,6.66,/kaggle/working/Hindi-ASR-Whisper-Pipeline/artifacts/q1/preprocess/segments/240994_0028.wav,बिल्कुल बिल्कुल और कुछ चीजों में धैर्य तो रखना ही पड़ता है अपने को
240994,216926,hi,29,405.77,408.92,3.15,/kaggle/working/Hindi-ASR-Whisper-Pipeline/artifacts/q1/preprocess/segments/240994_0029.wav,शेयर करना ये तो मोस्ट
240994,216926,hi,30,411.98,414.83,2.85,/kaggle/working/Hindi-ASR-Whisper-Pipeline/artifacts/q1/preprocess/segments/240994_0030.wav,यह एक तरफ से देखा जाए तो
240994,216926,hi,31,418.1,421.28,3.18,/kaggle/working/Hindi-ASR-Whisper-Pipeline/artifacts/q1/preprocess/segments/240994_0031.wav,भैया आपकी आवाज़ अभी भी कट रही है
240994,216926,hi,32,424.73,428.75,4.02,/kaggle/working/Hindi-ASR-Whisper-Pipeline/artifacts/q1/preprocess/segments/240994_0032.wav,आवाज हां ठीक है
240994,216926,hi,33,432.74,434.81,2.07,/kaggle/working/Hindi-ASR-Whisper-Pipeline/artifacts/q1/preprocess/segments/240994_0033.wav,जी कुछ बोल रहे हैं
240994,216926,hi,34,440.51,445.82,5.31,/kaggle/working/Hindi-ASR-Whisper-Pipeline/artifacts/q1/preprocess/segments/240994_0034.wav,आपका आवाज हमें क्लियर नहीं हो पा रहा है
240994,216926,hi,35,450.14,453.23,3.09,/kaggle/working/Hindi-ASR-Whisper-Pipeline/artifacts/q1/preprocess/segments/240994_0035.wav,आह
240994,216926,hi,37,463.91,468.14,4.23,/kaggle/working/Hindi-ASR-Whisper-Pipeline/artifacts/q1/preprocess/segments/240994_0037.wav,आपका आवाज हमें नहीं आ रहा है चलिए आप फिर हम
241695,215819,hi,0,0.01,14.14,14.13,/kaggle/working/Hindi-ASR-Whisper-Pipeline/artifacts/q1/preprocess/segments/241695_0000.wav,कोई ऑथर प्रॉब्लम हो गई मोहल्ले में झगड़ा हो गया लैंड ज्यादा ले रहे हैं किराया मतलब बहुत सारे ऐसे मल्टीप्ल कारण मुझे मतलब हम अपना एरिया छोड़ दे के मोहल्ले में जाकर शिफ्ट हो जाए आप कभी ऐसा किए हैं क्या
241695,215819,hi,1,17.53,20.44,2.91,/kaggle/working/Hindi-ASR-Whisper-Pipeline/artifacts/q1/preprocess/segments/241695_0001.wav,हैलो हैलो
241695,215819,hi,4,36.28,38.11,1.83,/kaggle/working/Hindi-ASR-Whisper-Pipeline/artifacts/q1/preprocess/segments/241695_0004.wav,हलो श्रीमान आप सुन पा रहे हैं न
241695,215819,hi,5,41.08,45.88,4.8,/kaggle/working/Hindi-ASR-Whisper-Pipeline/artifacts/q1/preprocess/segments/241695_0005.wav,ओ अब परफेक्ट हैं हां
241695,215819,hi,6,48.22,51.31,3.09,/kaggle/working/Hindi-ASR-Whisper-Pipeline/artifacts/q1/preprocess/segments/241695_0006.wav,जी हाँ
241695,215819,hi,9,82.99,88.21,5.22,/kaggle/working/Hindi-ASR-Whisper-Pipeline/artifacts/q1/preprocess/segments/241695_0009.wav,जी यहाँ वाली जरूरतों पर जैसे हो वो काम आएंगे जी
241695,215819,hi,10,91.45,95.95,4.5,/kaggle/working/Hindi-ASR-Whisper-Pipeline/artifacts/q1/preprocess/segments/241695_0010.wav,जी
241695,215819,hi,13,106.57,108.25,1.68,/kaggle/working/Hindi-ASR-Whisper-Pipeline/artifacts/q1/preprocess/segments/241695_0013.wav,REDACTED
241695,215819,hi,14,115.93,118.87,2.94,/kaggle/working/Hindi-ASR-Whisper-Pipeline/artifacts/q1/preprocess/segments/241695_0014.wav,जी जी
241695,215819,hi,16,126.79,130.51,3.72,/kaggle/working/Hindi-ASR-Whisper-Pipeline/artifacts/q1/preprocess/segments/241695_0016.wav,जी
241695,215819,hi,17,137.08,139.75,2.67,/kaggle/working/Hindi-ASR-Whisper-Pipeline/artifacts/q1/preprocess/segments/241695_0017.wav,जी
241695,215819,hi,19,149.14,162.1,12.96,/kaggle/working/Hindi-ASR-Whisper-Pipeline/artifacts/q1/preprocess/segments/241695_0019.wav,उसमें एक मतलब किसी पार्टनर की भी जरूरत पड़ सकती है क्योंकि इतना सारा काम भईया अकेला आदमी तो कर नहीं पाएगा पहले का तो बहुत टाइम जाएगा उसका इसलिए हां मोहल्ले में देख सकते हैं कोई अच्छा सा दोस्त मिल गया यदि
241695,215819,hi,20,162.31,177.16,14.85,/kaggle/working/Hindi-ASR-Whisper-Pipeline/artifacts/q1/preprocess/segments/241695_0020.wav,ठीक है चलो हम उसका काम करा देगे वो हमारा काम करा दे गा उसका भी काम आसान होगा और हमारा भी काम आसान हो गया हमारा भी काम आसान हो गया ओर जैसे भविष्य में कभी आना जाना है कही कोई जरूरत पड़ी तो मतलब कम से कम साथ में जा तो सकता हे
241695,215819,hi,21,177.79,185.92,8.13,/kaggle/working/Hindi-ASR-Whisper-Pipeline/artifacts/q1/preprocess/segments/241695_0021.wav,वैसे हां अकेले पड़े हो तो फिर ऊबन भी महसूस होने लगती है लोगों को क्या करे घर मे
241695,215819,hi,23,213.16,226.75,13.59,/kaggle/working/Hindi-ASR-Whisper-Pipeline/artifacts/q1/preprocess/segments/241695_0023.wav,हां ये जी ये बहुत बढ़िया आप्शन है ये क्योंकि जैसे हम किसी नए मोहल्ले में गए वहां सारे लोगों से अनजान हैं हम ये सबसे बढ़िया तरीका है मतलब नए लोगों से मिलना जैसे हम कोई एक एक
241695,215819,hi,24,226.78,241.21,14.43,/kaggle/working/Hindi-ASR-Whisper-Pipeline/artifacts/q1/preprocess/segments/241695_0024.wav,गृहप्रवेश के अपना निमंत्रण दे आए सबको मोहल्ले में अपने पड़ोसियों को जैसे इसी बहाने हम उनसे मिलेंगे अच्छे से उनसे बात चित होगी उन्हें जानने का अवसर मिलेगा हमको इसलिए अच्छा है और जुरूरी भी है कहीं तक है
241695,215819,hi,25,246.94,248.74,1.8,/kaggle/working/Hindi-ASR-Whisper-Pipeline/artifacts/q1/preprocess/segments/241695_0025.wav,हेलो
241695,215819,hi,27,254.95,269.74,14.79,/kaggle/working/Hindi-ASR-Whisper-Pipeline/artifacts/q1/preprocess/segments/241695_0027.wav,जी इसमें हा कुछ है ऐसा जैसे हम एक मिनट
241695,215819,hi,28,270.19,285.04,14.85,/kaggle/working/Hindi-ASR-Whisper-Pipeline/artifacts/q1/preprocess/segments/241695_0028.wav,जी इसमें जैसा ही जैसा ये है कि अभी जैसे हम प्रेजेंट जगह पर हैं यहां यहां से छोड़ के कहीं दूसरी जगह गए अगले किसी दूसरे महुले में अलग जगह पर हम शिफ़्ट हुए जाके गए फिर यह हुआ कि यहां
241695,215819,hi,29,285.07,299.89,14.82,/kaggle/working/Hindi-ASR-Whisper-Pipeline/artifacts/q1/preprocess/segments/241695_0029.wav,जैसे हम मान के चलो कुछ नहीं तो दो चार महीने छे महीने या साल साल भर जितने दिन रुके तो यहां पे मतलब लोगों से अलग प्रकार का वो क्या बोलते हैं आपस में जो मतलब मेल मिलाप है वो ज़्यादा बढ़ जाता है किसी के पास रुकने से ऐसा ही होता है
241695,215819,hi,30,300.01,309.55,9.54,/kaggle/working/Hindi-ASR-Whisper-Pipeline/artifacts/q1/preprocess/segments/241695_0030.wav,फिर उनकी यादें तो हमेशा के लिए रहेगी या जैसे खाना पीने का है जैसे हमारे हम किसी के मोहल्ले में अपने वहां किसी की घर गए तो
241695,215819,hi,31,309.97,324.55,14.58,/kaggle/working/Hindi-ASR-Whisper-Pipeline/artifacts/q1/preprocess/segments/241695_0031.wav,थोड़ा मतलब जैसे खानापीना बनाएगा कुछ या बहुत बढ़िया चीज डिस बनाते हैं अच्छी खाने वाली तो बहुत यादगार रहेगी ये कोई खेल है हम अपने दोस्तों के साथ खेल रहे हैं कहीं पे तो आज यहां है यहां दोस्त हैं मारे पुराने यहां मैं खेलता हूँ
241695,215819,hi,32,324.61,336.76,12.15,/kaggle/working/Hindi-ASR-Whisper-Pipeline/artifacts/q1/preprocess/segments/241695_0032.wav,फिर अगली जगह में कहीं जाकर गया वहाँ नए दोस्त मिलेगे वहाँ वो दोस्त थोड़े मिल पाएगे हमको जो हमारे पुराने मोहल्ले में मिलते थे तो इसलिए उनकी भी याद आएगी और वो हमारे पास होंगे नहीं
241695,215819,hi,33,341.65,348.4,6.75,/kaggle/working/Hindi-ASR-Whisper-Pipeline/artifacts/q1/preprocess/segments/241695_0033.wav,जी और बाकी सजेशी ये है कि हम किसी नए मोहले में
241695,215819,hi,34,359.92,363.52,3.6,/kaggle/working/Hindi-ASR-Whisper-Pipeline/artifacts/q1/preprocess/segments/241695_0034.wav,जी
241695,215819,hi,36,370.45,371.65,1.2,/kaggle/working/Hindi-ASR-Whisper-Pipeline/artifacts/q1/preprocess/segments/241695_0036.wav,जी
241695,215819,hi,37,374.89,389.65,14.76,/kaggle/working/Hindi-ASR-Whisper-Pipeline/artifacts/q1/preprocess/segments/241695_0037.wav,बीच में जैसे यह है कि हम किसी नए मोहल्ले में शिफ्ट हुए हैं तो आप जैसे बताया कि हां दुकान को देखना है या मतलब वहां पे जो सुख सुविधाएं मिल जाएगी सबसे बेस्ट मतलब जो महत्वपूर्ण चीज है वहा आ हॉस्पिटल अस्पताल वगैरह जैसे है
241695,215819,hi,38,390.01,404.23,14.22,/kaggle/working/Hindi-ASR-Whisper-Pipeline/artifacts/q1/preprocess/segments/241695_0038.wav,अब कभी भी अस्पताल है या मेडीकल स्टोर है अब स्वास्थ का तो कोई भरोसा नहीं है कभी क्या किसको हो जाए इमरजेंसी में मतलब तो जरूरत तो पड़ेगी ही तो ये सबसे बड़ी चीज है देखना कि हां
241695,215819,hi,39,404.23,415.75,11.52,/kaggle/working/Hindi-ASR-Whisper-Pipeline/artifacts/q1/preprocess/segments/241695_0039.wav,मतलब हमें मिल पाएगा या नहीं मिल पाएगा हमारी जरूरत के हिसाब से यह सारी चीजें हैं देखना जरूरी है
241695,215819,hi,40,417.79,421.0,3.21,/kaggle/working/Hindi-ASR-Whisper-Pipeline/artifacts/q1/preprocess/segments/241695_0040.wav,ठीक है
243702,213479,hi,1,8.48,10.7,2.22,/kaggle/working/Hindi-ASR-Whisper-Pipeline/artifacts/q1/preprocess/segments/243702_0001.wav,हूं
243702,213479,hi,4,68.06,82.04,13.98,/kaggle/working/Hindi-ASR-Whisper-Pipeline/artifacts/q1/preprocess/segments/243702_0004.wav,जी मेरा मेरा मानना है हां मेरा मानना है सबसे पहले तो यह कि कई कई बार जो सबसे पहले अपने बताया है कि अगर हम अ ए अ एक दुकानदार के तौर पर देखें
243702,213479,hi,5,82.43,97.19,14.76,/kaggle/working/Hindi-ASR-Whisper-Pipeline/artifacts/q1/preprocess/segments/243702_0005.wav,हम किसी भी समान का दाम इसे बताते हैं तो जो दूसरे मतलब ग्राहक होते हैं वह सीधा उसका मतलब आधे से भी कम दाम बोल देते हैं तो ऐसे सीचुएशन में हमें कभी भी डायरेक्ट रुडली उनसे बात नहीं करना चाहिए कि नहीं हो पाएगा
243702,213479,hi,6,97.28,110.24,12.96,/kaggle/working/Hindi-ASR-Whisper-Pipeline/artifacts/q1/preprocess/segments/243702_0006.wav,हां हमें इस परिस्थिति तक इस स्तर तक जरूर मोलभाव करना चाहिए कि हमारी जो खरीद खरीदारी हुई है उस चीज पर हमें घाटा ना हो हां ये अलग चीज है कि हम
243702,213479,hi,7,110.24,124.79,14.55,/kaggle/working/Hindi-ASR-Whisper-Pipeline/artifacts/q1/preprocess/segments/243702_0007.wav,थोड़े कम मुनाफे के साथ उसको बेचें और कस्टूमर को कभी भी ग्राहक को निराश ना करें सबसे पहली चीज तो ये और हांलाकि ये अ हमारे बचपन के अगर बाते करें तो जब मम्मी लोगों के साथ हम जाते थे बाजार
243702,213479,hi,8,124.79,138.02,13.23,/kaggle/working/Hindi-ASR-Whisper-Pipeline/artifacts/q1/preprocess/segments/243702_0008.wav,आपने भी किया होगा कि अगर वो कोई साड़ी दो हजार की बता रहा है फॉर द एग्जाम्पल तो उसको चार सौ पांच सौ कहकर और मोलभाव करके साथ सो आठ सो रुपए में भी हमने देखा है कि वह खरीद के ले आती थी
243702,213479,hi,9,138.05,152.3,14.25,/kaggle/working/Hindi-ASR-Whisper-Pipeline/artifacts/q1/preprocess/segments/243702_0009.wav,तो इसका ये मतलब नहीं है कि उसको घाटा हो रहा है पर वो उनको ही पता होता है कि मोलभाव करना से इसलिए ऐसा भी हो सकता है कि वो दुकानदार एक बार में ही दाम बढ़ा के बता रहा हो के मोलभाव करने पे हम उतना कम करके दें देंगे
243702,213479,hi,10,159.83,162.89,3.06,/kaggle/working/Hindi-ASR-Whisper-Pipeline/artifacts/q1/preprocess/segments/243702_0010.wav,बाकी अगला हमारा टॉपिक जी
243702,213479,hi,11,173.27,174.53,1.26,/kaggle/working/Hindi-ASR-Whisper-Pipeline/artifacts/q1/preprocess/segments/243702_0011.wav,जी
243702,213479,hi,12,177.92,179.15,1.23,/kaggle/working/Hindi-ASR-Whisper-Pipeline/artifacts/q1/preprocess/segments/243702_0012.wav,जी जी- जी
243702,213479,hi,13,185.87,188.06,2.19,/kaggle/working/Hindi-ASR-Whisper-Pipeline/artifacts/q1/preprocess/segments/243702_0013.wav,जी
243702,213479,hi,14,194.75,202.07,7.32,/kaggle/working/Hindi-ASR-Whisper-Pipeline/artifacts/q1/preprocess/segments/243702_0014.wav,जी.
243702,213479,hi,16,218.66,221.87,3.21,/kaggle/working/Hindi-ASR-Whisper-Pipeline/artifacts/q1/preprocess/segments/243702_0016.wav,हां
243702,213479,hi,17,228.05,240.59,12.54,/kaggle/working/Hindi-ASR-Whisper-Pipeline/artifacts/q1/preprocess/segments/243702_0017.wav,जी कह सकते हैं कई कई बार ऐसा भी होता है हल निकालने हाँ हल निकालने का तरीका
243702,213479,hi,18,240.62,253.4,12.78,/kaggle/working/Hindi-ASR-Whisper-Pipeline/artifacts/q1/preprocess/segments/243702_0018.wav,जी जी मेरे मेरे ख्याल से ऐसा भी हो सकता है हल निकालने का तरीका एक बार हम अगर कुछ सामान खरीद के लेके गए बाद में उस सामान में समस्या आ जाए तो हम दुका दोबारा दुकानदार के पास जाते है
243702,213479,hi,19,253.4,267.92,14.52,/kaggle/working/Hindi-ASR-Whisper-Pipeline/artifacts/q1/preprocess/segments/243702_0019.wav,हां तो ऐसा नहीं है की दुकानदार हमें बिलकुल भले वो पैकेजड़ आइटम है उसमे दुकानदार की कोई गलती नहीं है पर फिर भी नहीं होता की दुकानदार हमें उस चीज़ से मना कर दे उस कंडीशन में भी जो भी संभव हो सकता है हमारी मदद करता है
243702,213479,hi,20,268.22,271.25,3.03,/kaggle/working/Hindi-ASR-Whisper-Pipeline/artifacts/q1/preprocess/segments/243702_0020.wav,जो भी उसमें समाधान हो सकता है वो जरूर हमें बताता है
243702,213479,hi,21,279.38,285.32,5.94,/kaggle/working/Hindi-ASR-Whisper-Pipeline/artifacts/q1/preprocess/segments/243702_0021.wav,हेलो जी अ अगला टॉपिक है बुरी बातों को अच्छे तरी
243702,213479,hi,22,289.46,290.75,1.29,/kaggle/working/Hindi-ASR-Whisper-Pipeline/artifacts/q1/preprocess/segments/243702_0022.wav,आ एक मिनट
243702,213479,hi,23,292.94,294.56,1.62,/kaggle/working/Hindi-ASR-Whisper-Pipeline/artifacts/q1/preprocess/segments/243702_0023.wav,अभी अभी ठीक है मेरी आवाज
243702,213479,hi,24,299.84,312.92,13.08,/kaggle/working/Hindi-ASR-Whisper-Pipeline/artifacts/q1/preprocess/segments/243702_0024.wav,जी आ हां वो थोड़ी सी नेटवर्क कनेक्टिविटी की दिक्कत जी जी
243702,213479,hi,25,322.94,325.52,2.58,/kaggle/working/Hindi-ASR-Whisper-Pipeline/artifacts/q1/preprocess/segments/243702_0025.wav,जी जी
243702,213479,hi,26,372.98,386.84,13.86,/kaggle/working/Hindi-ASR-Whisper-Pipeline/artifacts/q1/preprocess/segments/243702_0026.wav,य हां बिल्कुल ये तो वो बात ली बात है बुरी बातों को अच्छे तरीके से बनाना मतलब ऐसा तो ठीक है दुकानदार की तो बात हम तो ऐसा भी है कि अगर छोटा बच्चा भी अगर रो रहा है किसी चीज को जिद कर रहा है तो प्यार से तो हम उसे भी समझा लेते हैं
243702,213479,hi,27,387.32,392.39,5.07,/kaggle/working/Hindi-ASR-Whisper-Pipeline/artifacts/q1/preprocess/segments/243702_0027.wav,तो फिर दुकानदार तो खैर मतलब दुकानदार और ग्राहक तो जरूर मान ही जाते हैं आज के समय
243702,213479,hi,28,398.78,410.15,11.37,/kaggle/working/Hindi-ASR-Whisper-Pipeline/artifacts/q1/preprocess/segments/243702_0028.wav,REDACTED
243702,213479,hi,29,412.4,417.35,4.95,/kaggle/working/Hindi-ASR-Whisper-Pipeline/artifacts/q1/preprocess/segments/243702_0029.wav,आजकल के समय में तो अग
243702,213479,hi,30,421.94,425.87,3.93,/kaggle/working/Hindi-ASR-Whisper-Pipeline/artifacts/q1/preprocess/segments/243702_0030.wav,आह. अभी ठीक है
243702,213479,hi,31,428.09,430.07,1.98,/kaggle/working/Hindi-ASR-Whisper-Pipeline/artifacts/q1/preprocess/segments/243702_0031.wav,जी
243702,213479,hi,32,435.8,438.14,2.34,/kaggle/working/Hindi-ASR-Whisper-Pipeline/artifacts/q1/preprocess/segments/243702_0032.wav,नही नही आप आप बोल रहे थे आप कंटिनयु कीजिए
253253,198074,hi,0,0.13,15.07,14.94,/kaggle/working/Hindi-ASR-Whisper-Pipeline/artifacts/q1/preprocess/segments/253253_0000.wav,जी जी जी इतिहास रच दिए हम जहां रहते है ऐतिहासिक स्थल है अभी हम नालंदा में थे नालंदा खंडार भी गए है हा नालंदा खंडार गए भी है नालंदा विश्व विद्यालय जो पहले था राजगीर
253253,198074,hi,1,15.79,30.01,14.22,/kaggle/working/Hindi-ASR-Whisper-Pipeline/artifacts/q1/preprocess/segments/253253_0001.wav,उन्हों से क्या घुरें पहले से तो भाई बहुत अच्छा बन गया है लेकिन हां वो जगह बहुत ही पुराने पुराने दीवार इतना मोटा मोटा दीवार पहली बार देखे थे नंदा खंडहर का बहुत ही
253253,198074,hi,2,30.22,45.1,14.88,/kaggle/working/Hindi-ASR-Whisper-Pipeline/artifacts/q1/preprocess/segments/253253_0002.wav,खंडर बन गया लेकिन फिर भी बहुत सुन्दर अभी भी है बहुत अच्छा ऐतिहासिक जगह उसका डिजाइन एक से एक डिजाइन उसका ईट का डिजाइन इतना बढ़िया बढ़िया सजाया गया है ईंट की हम देख नहीं सकते देख के कहेंगे की बहुत पुराना बहुत अच्छा है
253253,198074,hi,3,45.43,60.25,14.82,/kaggle/working/Hindi-ASR-Whisper-Pipeline/artifacts/q1/preprocess/segments/253253_0003.wav,पीठ हो या वहां का स्थल हो कितना दरवाजा था जितना अभी भी किला जना रहा है बहुत अच्छा उसका शायद तस्वीर भी हर दिन बहुत सारे लोग जाते हैं तस्वीर खींचते हैं घूमने जाते हैं बहुत दूर दूर से लोग वहां आते हैं घूमने के लिए
253253,198074,hi,4,61.63,65.35,3.72,/kaggle/working/Hindi-ASR-Whisper-Pipeline/artifacts/q1/preprocess/segments/253253_0004.wav,जी
253253,198074,hi,6,72.91,74.56,1.65,/kaggle/working/Hindi-ASR-Whisper-Pipeline/artifacts/q1/preprocess/segments/253253_0006.wav,सुने है लेकिन नहीं गए है हम
253253,198074,hi,9,91.66,93.52,1.86,/kaggle/working/Hindi-ASR-Whisper-Pipeline/artifacts/q1/preprocess/segments/253253_0009.wav,बप्पा
253253,198074,hi,11,102.46,103.51,1.05,/kaggle/working/Hindi-ASR-Whisper-Pipeline/artifacts/q1/preprocess/segments/253253_0011.wav,REDACTED
253253,198074,hi,15,121.54,122.74,1.2,/kaggle/working/Hindi-ASR-Whisper-Pipeline/artifacts/q1/preprocess/segments/253253_0015.wav,जी
253253,198074,hi,17,136.84,140.62,3.78,/kaggle/working/Hindi-ASR-Whisper-Pipeline/artifacts/q1/preprocess/segments/253253_0017.wav,जी जी
253253,198074,hi,23,192.58,195.64,3.06,/kaggle/working/Hindi-ASR-Whisper-Pipeline/artifacts/q1/preprocess/segments/253253_0023.wav,आ नहीं
253253,198074,hi,25,225.1,239.62,14.52,/kaggle/working/Hindi-ASR-Whisper-Pipeline/artifacts/q1/preprocess/segments/253253_0025.wav,जी हम भी गए थे जी एक वाराणसी गए हैं वाराणसी बहुत अच्छा स्थान है जी वाराणसी गए थे गंगा आरती उसका बहुत अच्छा वहा काशी विश्वनाथ मंदिर था वहाँ भी
253253,198074,hi,26,239.65,249.13,9.48,/kaggle/working/Hindi-ASR-Whisper-Pipeline/artifacts/q1/preprocess/segments/253253_0026.wav,मज़ा किये है बहुत अच्छा तो आओ गाँव अच्छा बन गया है बहोत जगह नवी कल्पना है जब मोदी पी एम् उद्धघाटन किये थे अच्छा है बना हुआ है
253253,198074,hi,27,249.91,264.43,14.52,/kaggle/working/Hindi-ASR-Whisper-Pipeline/artifacts/q1/preprocess/segments/253253_0027.wav,वहाँ घाट है अस्सी घाट है तो हम लोग तो जा रहे ना है तीस पैंतीस घाट घूमें थे उसमें राजा हरिश्चंद्र घाट है जहां राजा हरिश्चंद्र जहां लाथ वो भी घाट है मणिकर्णिका का घाट है बहुत सारे घाट है नदी के गंगाजी है
253253,198074,hi,28,264.52,265.63,1.11,/kaggle/working/Hindi-ASR-Whisper-Pipeline/artifacts/q1/preprocess/segments/253253_0028.wav,बहुत सुन्दर देश है
253253,198074,hi,29,267.88,282.28,14.4,/kaggle/working/Hindi-ASR-Whisper-Pipeline/artifacts/q1/preprocess/segments/253253_0029.wav,अभी घूरे थे मीटर का भी बगल में से मंदिर जाने हा तो पहले इधर से जाना था काशी विश्वनाथ मंदिर का टेंपर रोड पर से था रास्ता लेकिन आपको मनिकरण का बिन इतना बढ़िया बन गया वहीं से जाना पड़ता है
253253,198074,hi,30,282.94,297.34,14.4,/kaggle/working/Hindi-ASR-Whisper-Pipeline/artifacts/q1/preprocess/segments/253253_0030.wav,बहुत सुविधा हो गया है पहले के अनुसार अब उतना लाइन में लगना नहीं पड़ता है बहुत दोनों तरफ से जाते हैं ना तो दोनों तरफ से कम भीड़ लगता है वहाँ एक और है अनपुर्णा देवी का मंदिर है उसमें हा उसमें भोजन दिन रात
253253,198074,hi,31,297.34,310.9,13.56,/kaggle/working/Hindi-ASR-Whisper-Pipeline/artifacts/q1/preprocess/segments/253253_0031.wav,REDACTED
253253,198074,hi,32,311.11,317.26,6.15,/kaggle/working/Hindi-ASR-Whisper-Pipeline/artifacts/q1/preprocess/segments/253253_0032.wav,बहुत ज़्यादा भीड़ है
253253,198074,hi,33,322.15,329.98,7.83,/kaggle/working/Hindi-ASR-Whisper-Pipeline/artifacts/q1/preprocess/segments/253253_0033.wav,अ बहुत ज्यादा भीड़ भी बहुत सी आती थी जो भी जाते हैं ना गंगा आरती लिए जरूरी ठहरते हैं जी
253253,198074,hi,34,335.38,337.93,2.55,/kaggle/working/Hindi-ASR-Whisper-Pipeline/artifacts/q1/preprocess/segments/253253_0034.wav,हां बिल्कुल किये है हां बिल्कुल किये है
253253,198074,hi,35,340.72,341.98,1.26,/kaggle/working/Hindi-ASR-Whisper-Pipeline/artifacts/q1/preprocess/segments/253253_0035.wav,हांजी
253253,198074,hi,36,348.01,355.57,7.56,/kaggle/working/Hindi-ASR-Whisper-Pipeline/artifacts/q1/preprocess/segments/253253_0036.wav,हा बहुत इस पर ओ घाट के लिए कितना मूवी भी बन चुका है फिल्म भी सूटिंग होते रहता
253253,198074,hi,37,357.64,370.45,12.81,/kaggle/working/Hindi-ASR-Whisper-Pipeline/artifacts/q1/preprocess/segments/253253_0037.wav,ऐसी नाव में स्थिति होती है सटी नाव मतलब नाव वाला लेता है ना पूरा घाट घूराने का दो सौ रुपया लेता पूरा अस्सी घाट है पूरा घूराता है तो हम लोगभी अ अ
253253,198074,hi,38,372.46,386.02,13.56,/kaggle/working/Hindi-ASR-Whisper-Pipeline/artifacts/q1/preprocess/segments/253253_0038.wav,नई अस्सी घाट नाव पर नाव पर से घूम लिये लेकिन रहे थे तीन चार दिन फैमिली साथ गए थे ना तो मने हुआ शाम के गए तो मम्मी कहीं नहीं अब गंगा आरती बिना देखले हम नहीं जाएंगे एक दिन और रहना परा गंगा आरती के लिए तो रुके तो फिर
253253,198074,hi,39,386.23,400.24,14.01,/kaggle/working/Hindi-ASR-Whisper-Pipeline/artifacts/q1/preprocess/segments/253253_0039.wav,अब घाट भी घूम लीजिए और पूजा उजा करना था दो बार कर लिए दोनों दिन कर लिए शेक दानी कटे बटे हां दोनों दिन कर लिए रूम लेके रुके थे बहुत लोग गए थे दस पंद्रह आदमी मिल के पूरा फैमिली गए थे
253253,198074,hi,40,400.3,404.35,4.05,/kaggle/working/Hindi-ASR-Whisper-Pipeline/artifacts/q1/preprocess/segments/253253_0040.wav,बहुत अच्छा बहुत अच्छा रहा सब खुश होकर आए मतलब कि बहुत अच्छा रहा
253253,198074,hi,41,406.51,420.25,13.74,/kaggle/working/Hindi-ASR-Whisper-Pipeline/artifacts/q1/preprocess/segments/253253_0041.wav,शाम को तेरा बांका रा मे जब न गंगा आरती होता है ईतना बढ़िया बांटाबरन हो जाता है दम सबका मन एक दम शांत हो जाता है पूरा गंगा आरती हां गंगा जी में भी पूट जहाज रहता है ना बाटरोला
253253,198074,hi,42,420.58,435.28,14.7,/kaggle/working/Hindi-ASR-Whisper-Pipeline/artifacts/q1/preprocess/segments/253253_0042.wav,पूरा रहता है शीप रहता है पूरा रहता उस पे भी आदमी जा जाके देखते हैं बाहर के लोग भी आते हैं या हम लोग भी जा सकते हैं बहुत पैसा देके बहुत भरा हुआ लैट ऐसा लगा रहता है बहुत अच्छा लगता है बहुत जादे
253253,198074,hi,43,436.84,440.32,3.48,/kaggle/working/Hindi-ASR-Whisper-Pipeline/artifacts/q1/preprocess/segments/253253_0043.wav,जी जी
253253,198074,hi,45,445.87,447.37,1.5,/kaggle/working/Hindi-ASR-Whisper-Pipeline/artifacts/q1/preprocess/segments/253253_0045.wav,जी
253253,198074,hi,48,478.06,481.27,3.21,/kaggle/working/Hindi-ASR-Whisper-Pipeline/artifacts/q1/preprocess/segments/253253_0048.wav,जी
253253,198074,hi,49,484.48,488.11,3.63,/kaggle/working/Hindi-ASR-Whisper-Pipeline/artifacts/q1/preprocess/segments/253253_0049.wav,जी
253253,198074,hi,50,490.54,498.25,7.71,/kaggle/working/Hindi-ASR-Whisper-Pipeline/artifacts/q1/preprocess/segments/253253_0050.wav,REDACTED
253253,198074,hi,52,528.88,543.22,14.34,/kaggle/working/Hindi-ASR-Whisper-Pipeline/artifacts/q1/preprocess/segments/253253_0052.wav,हमलोग के नजदीक में ही है राजगीर नाम सुने होंगे राजगीर का नहीं सुने हा राजगीर राजगीर में वह एक कुंड है पहाड़ वहदत तो है एक कुंड है वहां हर साल मतलब साल में हर दिन
253253,198074,hi,53,543.55,557.02,13.47,/kaggle/working/Hindi-ASR-Whisper-Pipeline/artifacts/q1/preprocess/segments/253253_0053.wav,गरम पानी कुंड से गिरता है गरम पानी रहता है नानी को पहाड़े पर से पानी आता है पता ही नहीं चलता वहीं पर है राजगिर में ये जरासन रखा रा जहां जरासन की लड़ाई हुआ था ना भीम से
253253,198074,hi,54,557.44,570.31,12.87,/kaggle/working/Hindi-ASR-Whisper-Pipeline/artifacts/q1/preprocess/segments/253253_0054.wav,वही हुआ़ था वह अभी भी हैं और जो कृष्ण भगवान रथ से गए थें जहां रथ धंसा था वो रथ पहिया का चिन्हा भी अभी भी हैं हाॅं चिन्हा भी हैं आ जराशन अखाड़ा तो पूरा हैं
253253,198074,hi,55,570.82,583.63,12.81,/kaggle/working/Hindi-ASR-Whisper-Pipeline/artifacts/q1/preprocess/segments/253253_0055.wav,बहुत जा राशन का जो खा रहा है उसके बारे में स्वर्ण भण्डार है आज तक उसका जो गेट है ना बंद किया हुआ नहीं टूटा है कि अंग्रेज लोग भी हां अंग्रेज लोग भी तोप से उसको तोड़ने कोशिश किया लेकिन इतना मोटा
253253,198074,hi,56,583.66,596.89,13.23,/kaggle/working/Hindi-ASR-Whisper-Pipeline/artifacts/q1/preprocess/segments/253253_0056.wav,पत्थर से टूटा ही नहीं उसमें लिखा हुआ है कुछ वो भाषा का प्रयोग ऐसे न भाषा में लिखा है उ भाषा को पढ़ेगा तब ये गेट है उसमें लिखा हुआ है हा हां हां पास तक
253253,198074,hi,57,597.61,608.77,11.16,/kaggle/working/Hindi-ASR-Whisper-Pipeline/artifacts/q1/preprocess/segments/253253_0057.wav,आज तक नहीं पढ़ पाया नां ही खुला है कि बहुत सारे लोग उसमें भी डेखने आते हैं जहां असम है खड़ा के जिससे हम लोग के बगल में नेपाल हुआ भुटान ई सब से बहुट लोग आते हैं हर दिन भीर लगा रहता है हां
253253,198074,hi,58,609.28,619.27,9.99,/kaggle/working/Hindi-ASR-Whisper-Pipeline/artifacts/q1/preprocess/segments/253253_0058.wav,रात से ना खा रहा हो गया रसण भन्डारा हो गया ये सब पुरा ऐतिहासिक ना पुरा देखने आते हैं नलन्दा के बगल में आती हैं तो दोनों देख लेते हैं नलन्दा और राजगिर दोनों घुर लेते हैं
253253,198074,hi,59,630.07,634.69,4.62,/kaggle/working/Hindi-ASR-Whisper-Pipeline/artifacts/q1/preprocess/segments/253253_0059.wav,हम्म
253253,198074,hi,60,638.53,649.36,10.83,/kaggle/working/Hindi-ASR-Whisper-Pipeline/artifacts/q1/preprocess/segments/253253_0060.wav,हां जी आपसे भी बात करके बहुत अच्छा जी धन्यवाद जी
255381,147403,hi,2,22.56,37.38,14.82,/kaggle/working/Hindi-ASR-Whisper-Pipeline/artifacts/q1/preprocess/segments/255381_0002.wav,जी उन्हें शिक्षा की व्यवस्था हो सकें जी जी जी
255381,147403,hi,3,38.76,49.74,10.98,/kaggle/working/Hindi-ASR-Whisper-Pipeline/artifacts/q1/preprocess/segments/255381_0003.wav,वो भी हमारी तरह ही नॉर्मल लाइफ़ जी सकें जी आ सर आप लोकल लोकल जो वॉलिंटियर होते हैं उस प्रोग्राम में भाग लेना चाहेंगे
255381,147403,hi,4,51.87,61.8,9.93,/kaggle/working/Hindi-ASR-Whisper-Pipeline/artifacts/q1/preprocess/segments/255381_0004.wav,अगर आपको मौका मिले कि आप लोकल वॉलंटियर बने और आपको भाग लेना हो तो आप लेना चाहेंगे ऐसे कोई प्रोग्राम में भाग
255381,147403,hi,5,71.1,81.03,9.93,/kaggle/working/Hindi-ASR-Whisper-Pipeline/artifacts/q1/preprocess/segments/255381_0005.wav,जी जी उनके हेल्प कर सकते हैं आप
255381,147403,hi,8,97.14,109.23,12.09,/kaggle/working/Hindi-ASR-Whisper-Pipeline/artifacts/q1/preprocess/segments/255381_0008.wav,जी जी अ और हमें जब गरीबों के हेल्प करके बहुत सुकून मिलता है क्योंकि हमारे से हमारे पास अगर हम सक्षम हैं कि हम किसी के हेल्प कर सके तो हम उनके हेल्प जरूर करना चाहिए
255381,147403,hi,9,111.03,114.06,3.03,/kaggle/working/Hindi-ASR-Whisper-Pipeline/artifacts/q1/preprocess/segments/255381_0009.wav,REDACTED
255381,147403,hi,10,117.15,130.68,13.53,/kaggle/working/Hindi-ASR-Whisper-Pipeline/artifacts/q1/preprocess/segments/255381_0010.wav,जो हमें मिला है वो हमारे लिए बहुत ज्यादा है उनसे उसकी कीमत उसको पता है जिसके पास वो भी नहीं है
255381,147403,hi,11,133.26,141.21,7.95,/kaggle/working/Hindi-ASR-Whisper-Pipeline/artifacts/q1/preprocess/segments/255381_0011.wav,जी
255381,147403,hi,12,150.12,163.56,13.44,/kaggle/working/Hindi-ASR-Whisper-Pipeline/artifacts/q1/preprocess/segments/255381_0012.wav,जी और हमें चैरिटी टेस्ट में मदद करना चाहिए जैसे चैरिटी हमारे पास अगर पे डोनेशन हम कर सकते हैं थोड़ा थोड़ा अगर हम डोनेट करते हैं और चैरिटी करते हैं तो सामने वाले को प्रॉफिट होता है
255381,147403,hi,13,163.74,170.1,6.36,/kaggle/working/Hindi-ASR-Whisper-Pipeline/artifacts/q1/preprocess/segments/255381_0013.wav,उस से उसको सहयोग मिलता है बहुत सारे लोग ऐसे हैं जिनके पर कुछ भी नी है वो ना खा पा रहे हैं ना ढंग से रह पाते है
255381,147403,hi,14,172.17,186.63,14.46,/kaggle/working/Hindi-ASR-Whisper-Pipeline/artifacts/q1/preprocess/segments/255381_0014.wav,ना उनका मेडिकल इश्यू भी रहते है तो तो मेडिकल इश्यू भी साल्व नहीं होते है अगर हमारे पास है तो हम उनकी हेल्प कर सकते है चेरिटि करके जी
255381,147403,hi,15,188.04,203.01,14.97,/kaggle/working/Hindi-ASR-Whisper-Pipeline/artifacts/q1/preprocess/segments/255381_0015.wav,जी और समान सोच वाले लोगों से मिलना भी चाहिए जिससे हमारे सोच मिलती हैं ऐसे लोगों से मिलना चाहिए तो कॉन्टैक्ट करना चाहिए एक दूसरों की मदद करकर दूसरों की हेल्प करना चाहिए अगर आपके पास कंपनी है या किसी भी तरह का आपके पास एक्स्ट्रा मनी है
255381,147403,hi,16,203.07,216.45,13.38,/kaggle/working/Hindi-ASR-Whisper-Pipeline/artifacts/q1/preprocess/segments/255381_0016.wav,आप खुद पे कम खर्च करके आप जेसे आज कल लोग बहुत ज़्यादा वेस्ट करते हैं खुद पे यूज़ कर रहे हैं ज़्यादा से ज़्यादा अमांट अगर आपके पास ज़्यादा पैसा है तो आप गरीबों की मदद कीजिए
255381,147403,hi,17,217.59,231.78,14.19,/kaggle/working/Hindi-ASR-Whisper-Pipeline/artifacts/q1/preprocess/segments/255381_0017.wav,जी आपने देखा होगा कि शादी पार्टी में आज कल डेकोरेशन पर आप लोग कितना पैसा बर्बाद करते हैं अगर उतना पैसा आप शादी वादी में डेकोरेशन पर बर्बाद ना करके अगर उतने गरीबों को मदद करने में लगाएंगे तो कितने लोगों का घर बच जाता है
255381,147403,hi,18,232.83,247.14,14.31,/kaggle/working/Hindi-ASR-Whisper-Pipeline/artifacts/q1/preprocess/segments/255381_0018.wav,ओर नई स्किल्स और नई स्किल्स रहते है उनको भी हासिल करना चाहिए अगर आपके पास कोई स्किल्स है तो आप उसको यूज कीजिए अगर आपके पर टाइम है तो आप एक्स्ट्रा मनी एरन करके उस पर
255381,147403,hi,19,247.14,259.23,12.09,/kaggle/working/Hindi-ASR-Whisper-Pipeline/artifacts/q1/preprocess/segments/255381_0019.wav,इन्वेस्टमेंट कीजिए और उस पे लोगों से हेल्प कीजिए उनकी हां नहीं जी जी
255381,147403,hi,20,261.87,265.56,3.69,/kaggle/working/Hindi-ASR-Whisper-Pipeline/artifacts/q1/preprocess/segments/255381_0020.wav,जी जी
255381,147403,hi,21,268.2,282.81,14.61,/kaggle/working/Hindi-ASR-Whisper-Pipeline/artifacts/q1/preprocess/segments/255381_0021.wav,जी आपको उन्हें फ्री मे भी सिखा देना चाहिए अगर जो ऐसे भी कुछ स्टूडेंट रहते हैं और उनमें हुनर तो रहता है बट उनके पास मनी नही रहती है मनी के वजह से वो फीस पे नही कर पाते अगर आपके पास नही है तो आप ऐसे लोगो के हेल्प कीजिए फ्री मे
255381,147403,hi,22,282.81,289.62,6.81,/kaggle/working/Hindi-ASR-Whisper-Pipeline/artifacts/q1/preprocess/segments/255381_0022.wav,अगर आप उनकी फ्री में हेल्प करते हैं तो उनसे हमको सुविधा मिलती है उनका बिजनेस होता है उनके पास इनकम होती है उससे
255381,147403,hi,23,291.72,304.86,13.14,/kaggle/working/Hindi-ASR-Whisper-Pipeline/artifacts/q1/preprocess/segments/255381_0023.wav,और दूसरों को भी इसमें शामिल करने के लिए जी और जैसे हमारे जी जी और हमें अपने साथ जो दोस्त हमारे फ्रेंड्स है हमारी फैमिली मेंबर है
255381,147403,hi,24,305.01,315.15,10.14,/kaggle/working/Hindi-ASR-Whisper-Pipeline/artifacts/q1/preprocess/segments/255381_0024.wav,जिनके पास बहोत पैसा है उन्हें भी उनमें शामिल करना चहिए उन्हें भी बताना चहिए कि हमें ये करना चहिए सेवाकार्य में जुड़ें इसके साथ सहयोग करे इससे इसका ये प्रॉफिट हो रहा है
255381,147403,hi,25,317.67,329.19,11.52,/kaggle/working/Hindi-ASR-Whisper-Pipeline/artifacts/q1/preprocess/segments/255381_0025.wav,जिससे अब अधिक से अधिक लोग भी क्योंकि हमारे पास फ़ैमिली में बहुत सारे हैं जी
255381,147403,hi,26,331.77,335.55,3.78,/kaggle/working/Hindi-ASR-Whisper-Pipeline/artifacts/q1/preprocess/segments/255381_0026.wav,जी जी
255381,147403,hi,28,354.39,367.77,13.38,/kaggle/working/Hindi-ASR-Whisper-Pipeline/artifacts/q1/preprocess/segments/255381_0028.wav,जी और हम सहयोग कर सकते हैं जी जी सर अ सर जैसे प्लांट्स हुआ है को हम बहुत सारे चीजे आजकल जो वेस्ट हो रहा है मैटेरियल या कुछ भी है हम ऐसे चीजों को यूज कर सकते हैं
255381,147403,hi,29,367.8,381.36,13.56,/kaggle/working/Hindi-ASR-Whisper-Pipeline/artifacts/q1/preprocess/segments/255381_0029.wav,और उसका यूज करके आज का नए नए टेक्निक का यूज करके हम वो वापिस से उनमें कुछ न्यू लाके न्यू स्किल्स के साथ उसको न्यू प्रोडक्ट बना सकते हैं हाँ अभी
255381,147403,hi,30,382.86,390.69,7.83,/kaggle/working/Hindi-ASR-Whisper-Pipeline/artifacts/q1/preprocess/segments/255381_0030.wav,जी .जी
255381,147403,hi,31,394.35,403.23,8.88,/kaggle/working/Hindi-ASR-Whisper-Pipeline/artifacts/q1/preprocess/segments/255381_0031.wav,REDACTED
255381,147403,hi,32,407.16,421.92,14.76,/kaggle/working/Hindi-ASR-Whisper-Pipeline/artifacts/q1/preprocess/segments/255381_0032.wav,जी और हमें सहयोग करना चाहिए अगर हमारे पास कोई स्किल्स है या हम इस काबिल हैं कि हम दूसरों के काम आ सके तो हमें जरूर मदद करना चाहिए उस काम में
255381,147403,hi,33,428.46,442.38,13.92,/kaggle/working/Hindi-ASR-Whisper-Pipeline/artifacts/q1/preprocess/segments/255381_0033.wav,जी सर जी तो जी
255381,147403,hi,34,442.77,457.26,14.49,/kaggle/working/Hindi-ASR-Whisper-Pipeline/artifacts/q1/preprocess/segments/255381_0034.wav,जी जी उसकी हेल्प नहीं करते हैं हां जी आपने देखा होगा रोड साइड अगर एक्सिडेंट भी हो जाता है ना
255381,147403,hi,35,457.56,470.34,12.78,/kaggle/working/Hindi-ASR-Whisper-Pipeline/artifacts/q1/preprocess/segments/255381_0035.wav,तो आजकल लोग वीडियो वाइरल करने में लगते है या नहीं कि एंबुलेंस को फोन कर दीजिए या अगर वो इंसान थोड़ा ठीक है तो उसकी हेल्प कीजिए नहीं आजकल लोग हेल्प करने से डरते हैं और बल्कि वीडियो बना के वाइरल करना ज़्यादा पसंद करते है
255381,147403,hi,36,472.11,486.81,14.7,/kaggle/working/Hindi-ASR-Whisper-Pipeline/artifacts/q1/preprocess/segments/255381_0036.wav,जी और सर इसे दूसरों की हेल्प करना चाहिए अगर कोई प्र प्रॉब्लम में है कोई गिर गया है या कोई बुजुर्ग इंसान है या किसी को दिखता नहीं है
255381,147403,hi,37,487.02,497.64,10.62,/kaggle/working/Hindi-ASR-Whisper-Pipeline/artifacts/q1/preprocess/segments/255381_0037.wav,उसको रोड क्रॉस करने में मदद कर देना चाहिए कभी कभी ऐसा होता है कोई बुजुर्ग रहता है लोग वो गिरे भी रहता है तो उसको नहीं उठाते सीधे आगे बढ़ते चले जाते हैं हम्म
255381,147403,hi,38,500.34,515.19,14.85,/kaggle/working/Hindi-ASR-Whisper-Pipeline/artifacts/q1/preprocess/segments/255381_0038.wav,REDACTED
255381,147403,hi,39,515.7,527.73,12.03,/kaggle/working/Hindi-ASR-Whisper-Pipeline/artifacts/q1/preprocess/segments/255381_0039.wav,जी हमें आज के जीवन में सब की हेल्प करना चाहिए अगर किसी को हेल हेल्प करेंगे तो सामने वाले को अगर जरूरत पड़
255381,147403,hi,40,527.73,540.57,12.84,/kaggle/working/Hindi-ASR-Whisper-Pipeline/artifacts/q1/preprocess/segments/255381_0040.wav,REDACTED
255381,147403,hi,41,540.69,552.9,12.21,/kaggle/working/Hindi-ASR-Whisper-Pipeline/artifacts/q1/preprocess/segments/255381_0041.wav,REDACTED
255381,147403,hi,42,552.9,567.18,14.28,/kaggle/working/Hindi-ASR-Whisper-Pipeline/artifacts/q1/preprocess/segments/255381_0042.wav,किसी भी बिना रीजन सेल्फिश रीजन से आपको सेवा करना चाहिए अगर क्या आप सोच करेंगे जी बीना रीजन से करेंगे सर तो ज्यादा फल होता है उस
255381,147403,hi,43,567.18,582.12,14.94,/kaggle/working/Hindi-ASR-Whisper-Pipeline/artifacts/q1/preprocess/segments/255381_0043.wav,और अच्छा लगता है और हमें भी अब मन से लगता है कि आज हमने ये काम किया है इससे हमको भी खुशी मिलती है जी
255381,147403,hi,44,582.12,593.76,11.64,/kaggle/working/Hindi-ASR-Whisper-Pipeline/artifacts/q1/preprocess/segments/255381_0044.wav,जी जी जी
255381,147403,hi,45,594.66,608.16,13.5,/kaggle/working/Hindi-ASR-Whisper-Pipeline/artifacts/q1/preprocess/segments/255381_0045.wav,हा जी सर हमें किसी को दिखाने के लिए नहीं करना चाहिए कुछ भी हम सेवा भी कर रहे हैं तो हमें केवल खुद का सेवा करने का मन है तो हम कर देना चाहिए ये नहीं तो हम ये नहीं कि हम कर रहे हैं आजकल आपने देखा है लोग चैरिटी पर दिखावा भी करने लग गए हैं
255381,147403,hi,46,609.81,622.47,12.66,/kaggle/working/Hindi-ASR-Whisper-Pipeline/artifacts/q1/preprocess/segments/255381_0046.wav,जी मैंने इसको इतना दिया है मैंने इसको ऐसा किया है ये नहीं करना चाहिए अगर आप कर रहे है तो बिना किसी कीजीये न किसी को बता के करना नहीं करना है
255381,147403,hi,47,623.31,635.7,12.39,/kaggle/working/Hindi-ASR-Whisper-Pipeline/artifacts/q1/preprocess/segments/255381_0047.wav,अगर आपको जी जी आह सर लेकिन वह दिखावा हो जाता एक तरीके से चैरिटी नहीं हो जाती है वो
255381,147403,hi,48,640.29,649.17,8.88,/kaggle/working/Hindi-ASR-Whisper-Pipeline/artifacts/q1/preprocess/segments/255381_0048.wav,हमें सेवा बिना किसी वर्क सिजन के करते रहना चाहिए किसी भी तरह से जिस तरह से आप से हो सके उस तरीके से कीजिए
255381,147403,hi,49,653.85,656.07,2.22,/kaggle/working/Hindi-ASR-Whisper-Pipeline/artifacts/q1/preprocess/segments/255381_0049.wav,जी सर
255381,147403,hi,50,666.96,676.44,9.48,/kaggle/working/Hindi-ASR-Whisper-Pipeline/artifacts/q1/preprocess/segments/255381_0050.wav,नो सर मेरे एक ही शर्त जिसको खाना नहीं मिलता उन्हें हमारे पास खाना उपलब्ध करा दिया जाए और हम कभीकभी प्रोग्राम करते हमारे पास जो खाना बच जाता है
255381,147403,hi,51,676.89,691.65,14.76,/kaggle/working/Hindi-ASR-Whisper-Pipeline/artifacts/q1/preprocess/segments/255381_0051.wav,हम भले इसे मंदिर मस्जिदों मे जाकर उसको डोनेट कर देना चाहिए अगर आपका बड डे सेलिब्रेशन करना है या आपको कही और पार्टी देना है तो आप ऐसे लोगो को डिनर करा दीजिए जिनको खाना नही मिलता है एक वक्त का
255381,147403,hi,52,696.36,703.98,7.62,/kaggle/working/Hindi-ASR-Whisper-Pipeline/artifacts/q1/preprocess/segments/255381_0052.wav,जी जी जी जी
255381,147403,hi,53,711.39,712.65,1.26,/kaggle/working/Hindi-ASR-Whisper-Pipeline/artifacts/q1/preprocess/segments/255381_0053.wav,अवेलेबल है जी सर
255381,147403,hi,54,716.19,724.02,7.83,/kaggle/working/Hindi-ASR-Whisper-Pipeline/artifacts/q1/preprocess/segments/255381_0054.wav,जी हमें जिस तरीके से हो सके वैसे सेवा करते रहना चाहिए जी
255381,147403,hi,56,732.6,737.55,4.95,/kaggle/working/Hindi-ASR-Whisper-Pipeline/artifacts/q1/preprocess/segments/255381_0056.wav,जी सत समय देने के लिए सर धन्यवाद आपका दिन शुभ हो
269383,91223,hi,0,4.67,13.58,8.91,/kaggle/working/Hindi-ASR-Whisper-Pipeline/artifacts/q1/preprocess/segments/269383_0000.wav,नहीं यही वाली टॉपिक है जो कहता पहली बार त्योहार का अनुभव
269383,91223,hi,1,18.17,31.61,13.44,/kaggle/working/Hindi-ASR-Whisper-Pipeline/artifacts/q1/preprocess/segments/269383_0001.wav,आप स्टार्टिंग करिये फिर म् फिर आप स्टार्टिंग करोगे तो फिर धीरेधीरे मुझको भी याद आएगा मैं भी बताऊंगी हम्म
269383,91223,hi,4,48.44,53.81,5.37,/kaggle/working/Hindi-ASR-Whisper-Pipeline/artifacts/q1/preprocess/segments/269383_0004.wav,हां हां
269383,91223,hi,6,59.72,61.1,1.38,/kaggle/working/Hindi-ASR-Whisper-Pipeline/artifacts/q1/preprocess/segments/269383_0006.wav,हम
269383,91223,hi,7,64.31,65.99,1.68,/kaggle/working/Hindi-ASR-Whisper-Pipeline/artifacts/q1/preprocess/segments/269383_0007.wav,हाँ
269383,91223,hi,8,68.57,72.71,4.14,/kaggle/working/Hindi-ASR-Whisper-Pipeline/artifacts/q1/preprocess/segments/269383_0008.wav,हूं हूं हूं
269383,91223,hi,9,75.71,81.86,6.15,/kaggle/working/Hindi-ASR-Whisper-Pipeline/artifacts/q1/preprocess/segments/269383_0009.wav,हू
269383,91223,hi,10,83.99,94.01,10.02,/kaggle/working/Hindi-ASR-Whisper-Pipeline/artifacts/q1/preprocess/segments/269383_0010.wav,हुंह हूंह हां हां
269383,91223,hi,11,97.61,100.58,2.97,/kaggle/working/Hindi-ASR-Whisper-Pipeline/artifacts/q1/preprocess/segments/269383_0011.wav,REDACTED
269383,91223,hi,12,103.22,105.26,2.04,/kaggle/working/Hindi-ASR-Whisper-Pipeline/artifacts/q1/preprocess/segments/269383_0012.wav,हां
269383,91223,hi,13,111.2,114.53,3.33,/kaggle/working/Hindi-ASR-Whisper-Pipeline/artifacts/q1/preprocess/segments/269383_0013.wav,ह्म्म
269383,91223,hi,16,129.77,131.3,1.53,/kaggle/working/Hindi-ASR-Whisper-Pipeline/artifacts/q1/preprocess/segments/269383_0016.wav,हां हां
269383,91223,hi,17,133.76,141.17,7.41,/kaggle/working/Hindi-ASR-Whisper-Pipeline/artifacts/q1/preprocess/segments/269383_0017.wav,हम्म हम्म हाँ हाँ
269383,91223,hi,19,162.65,165.02,2.37,/kaggle/working/Hindi-ASR-Whisper-Pipeline/artifacts/q1/preprocess/segments/269383_0019.wav,हा ह
269383,91223,hi,21,171.05,179.66,8.61,/kaggle/working/Hindi-ASR-Whisper-Pipeline/artifacts/q1/preprocess/segments/269383_0021.wav,कोशिश करते थे हां वो जलता हां हम्म
269383,91223,hi,22,183.65,190.19,6.54,/kaggle/working/Hindi-ASR-Whisper-Pipeline/artifacts/q1/preprocess/segments/269383_0022.wav,ह्म् ह्म् ह्म्
269383,91223,hi,23,192.86,206.0,13.14,/kaggle/working/Hindi-ASR-Whisper-Pipeline/artifacts/q1/preprocess/segments/269383_0023.wav,अच्छा मेरा क्या था ना कि जैसे नवरात्रि होती हे ना वो एक नवरात्रि में जिसमें मेला वेला लगता है नोर हा तो उस टाइम भी हमारे यहा हे हम लोग मिडिल क्लास फैमिली से हैं तो पहले
269383,91223,hi,24,206.03,219.62,13.59,/kaggle/working/Hindi-ASR-Whisper-Pipeline/artifacts/q1/preprocess/segments/269383_0024.wav,क्या होता था की जब हमलोग छोटे थे तो इतना पैसा नहीं होता था तब भी तो हम लोग मतलब मतलब क्या होता था कि मेरे घर पर वैसा कोई इनकम नहीं था तो मेले में न दे जब हमलोग जाते थे सबको देखते थे कि
269383,91223,hi,25,219.68,233.54,13.86,/kaggle/working/Hindi-ASR-Whisper-Pipeline/artifacts/q1/preprocess/segments/269383_0025.wav,मस्त अपना बहुत अच्छे अच्छे खिलोने खरीद रहे हैं खा रहे हैं सब कुछ कर रहे हैं और हम लोग बस जाते थे गुम के कुछ थोड़ा सा खा के चले आते थे तो एक बार मेरी मम्मी हम लोगों के साथ मतलब हम लोग स्कूल जा रहे थे वही रास्ते में मेला लगा था.
269383,91223,hi,26,233.6,246.44,12.84,/kaggle/working/Hindi-ASR-Whisper-Pipeline/artifacts/q1/preprocess/segments/269383_0026.wav,कहीं रास्ते में मम्मी एक नहीं आता था छोटा सा दूरबीन करके दूरबीन था और वो छोटा वाला बंदूक खिलौने वाला मेरी मम्मी वही दो ठो हम लोगों को दिलवाई थी
269383,91223,hi,27,246.59,258.59,12.0,/kaggle/working/Hindi-ASR-Whisper-Pipeline/artifacts/q1/preprocess/segments/269383_0027.wav,और क्या हुआ कि वो हम लोग जब अच्छा वो आई यहां पे घर पे लेके हम लोग एक दिन खेले फिर उसको मम्मी उठाके रख दी और बोली कि जब अगली साल आएगा तब खेलना
269383,91223,hi,28,258.62,265.88,7.26,/kaggle/working/Hindi-ASR-Whisper-Pipeline/artifacts/q1/preprocess/segments/269383_0028.wav,फिर जब ऐसे ही न दिपावली या कुछ कोई त्यौहार था दिपावली जब त्यौहार था था तब उसको निकालती थी रात में
269383,91223,hi,29,265.91,280.91,15.0,/kaggle/working/Hindi-ASR-Whisper-Pipeline/artifacts/q1/preprocess/segments/269383_0029.wav,मतलब शाम में हम लोग उसको खेलते थे फिर मम्मी उसको रख देती थी फिर जब अ मतलब ये नवरात्रि वाला आता था फिर उसको वो निकालती थी मतलब हम लोग उस खिलौने को कई सालों तक उसको सम्भाल के मम्मी रखती थीं क्योंकि उस टाइम ऐसा ही था कि मतलब हम लोग
269383,91223,hi,30,280.91,291.92,11.01,/kaggle/working/Hindi-ASR-Whisper-Pipeline/artifacts/q1/preprocess/segments/269383_0030.wav,पढ़ लिख ले बस वही बहुत है क्योंकि अब पढ़ाई हां ट्यूशन पढ़ना ये फिर वो सब कुछ था तो इतना मैनेज नहीं हो पाता था पहले
269383,91223,hi,31,291.92,306.71,14.79,/kaggle/working/Hindi-ASR-Whisper-Pipeline/artifacts/q1/preprocess/segments/269383_0031.wav,तो हम लोग वो दो खिलौने से हम लोग जितने भी मतलब भाई बहन है जितने भी हम लोग उसी दो खिलौने से खेले और कई सालों तक खेले हैं
269383,91223,hi,32,306.95,321.74,14.79,/kaggle/working/Hindi-ASR-Whisper-Pipeline/artifacts/q1/preprocess/segments/269383_0032.wav,नहीं मेरे यहां तो जब मेरे मतलब मेरे बुआ के बच्चे थे वो भी हम लोगों के साथ पले बढ़े हैं तो वो लोग ना मतलब उनको हर वो जब भी जाते थे ने तो लेकर आते थे अपना उस दिन लाए तोड़ फोड़ दिये फेंक दिए हम लोगों का सेम एक ही खिलौना हर
269383,91223,hi,33,321.74,323.06,1.32,/kaggle/working/Hindi-ASR-Whisper-Pipeline/artifacts/q1/preprocess/segments/269383_0033.wav,ताल रहता था
269383,91223,hi,34,325.1,339.47,14.37,/kaggle/working/Hindi-ASR-Whisper-Pipeline/artifacts/q1/preprocess/segments/269383_0034.wav,हम्म तो जैसे हम लोग एक ही घर में एक पले बढे हैं तो इसलिए मतलब ह वो अलग अपना ये सब देखते थे हम लोग ना दो अलग जोन रहता था हमारे घर में कि किसी के बच्चे तोड़फोड़ रहे हैं और हमारा बच्चा आ के रखा गया है उसको
269383,91223,hi,35,339.47,348.08,8.61,/kaggle/working/Hindi-ASR-Whisper-Pipeline/artifacts/q1/preprocess/segments/269383_0035.wav,अब अगले साल हम लोग खेलेंगे अकेला
269383,91223,hi,36,350.09,361.76,11.67,/kaggle/working/Hindi-ASR-Whisper-Pipeline/artifacts/q1/preprocess/segments/269383_0036.wav,हा हा हू हूं
269383,91223,hi,38,368.36,374.75,6.39,/kaggle/working/Hindi-ASR-Whisper-Pipeline/artifacts/q1/preprocess/segments/269383_0038.wav,हु हु
269383,91223,hi,39,377.42,378.53,1.11,/kaggle/working/Hindi-ASR-Whisper-Pipeline/artifacts/q1/preprocess/segments/269383_0039.wav,हु
269383,91223,hi,40,388.07,393.05,4.98,/kaggle/working/Hindi-ASR-Whisper-Pipeline/artifacts/q1/preprocess/segments/269383_0040.wav,हम्म
269383,91223,hi,41,398.24,407.99,9.75,/kaggle/working/Hindi-ASR-Whisper-Pipeline/artifacts/q1/preprocess/segments/269383_0041.wav,हम्म हम्म हम्म हम्म हम्म कुछ भी नहीं वो हम्म हम्म
269383,91223,hi,42,414.56,416.6,2.04,/kaggle/working/Hindi-ASR-Whisper-Pipeline/artifacts/q1/preprocess/segments/269383_0042.wav,हाँ
269383,91223,hi,43,421.58,435.26,13.68,/kaggle/working/Hindi-ASR-Whisper-Pipeline/artifacts/q1/preprocess/segments/269383_0043.wav,हम्म सही बात है नहीं हम लोग वही दो खिलौने को ना उतनी ही एक्साइटमेंट से खेलते थे जितने हम जब शुरू में लाए थे तब तब खेलते थे क्योंकि हम लोगों के पास वही दो था इसलिए हमलोग
269383,91223,hi,44,435.26,449.12,13.86,/kaggle/working/Hindi-ASR-Whisper-Pipeline/artifacts/q1/preprocess/segments/269383_0044.wav,कोई उस बि मतलब मजे से खेलते थे क्योंकि मेरे मेरे यहां क्या था कि पढ़ो जितना पढ़ोगे वो चलेगा लेकिन यह खिलौने विलोने से कुछ नहीं होगा तो तोड़ दोगे फिर फेंक दोगे वह बरबाद हो जाएगा अ
269383,91223,hi,45,449.15,454.13,4.98,/kaggle/working/Hindi-ASR-Whisper-Pipeline/artifacts/q1/preprocess/segments/269383_0045.wav,जी
269383,91223,hi,46,456.14,470.57,14.43,/kaggle/working/Hindi-ASR-Whisper-Pipeline/artifacts/q1/preprocess/segments/269383_0046.wav,फेवरेट तो देखिए सबसे अच्छा अगर कोई त्योहार वो है दिपावली है ना दिपावली के बाद अगर कोई है फिर छट पूजा है वो हूं
269383,91223,hi,47,471.59,484.7,13.11,/kaggle/working/Hindi-ASR-Whisper-Pipeline/artifacts/q1/preprocess/segments/269383_0047.wav,नहीं बिहार यूपी साइड दो नहीं बिहार यूपी साइड दोनों तरफ छटपूजा मनाया जाता है ना हम्म हम्म
269794,9910,hi,0,0.32,5.18,4.86,/kaggle/working/Hindi-ASR-Whisper-Pipeline/artifacts/q1/preprocess/segments/269794_0000.wav,हाँ ठीक है ठीक है अह क्योंकि नीचे कुछ और टॉपिक दिए थे इसलिए मैं पूछ रहा था
269794,9910,hi,1,9.89,21.98,12.09,/kaggle/working/Hindi-ASR-Whisper-Pipeline/artifacts/q1/preprocess/segments/269794_0001.wav,हां तो हाँ हाँ तो आह बताइए आपको मतलब कैसा रहा फिर मैं बताता हूँ अपना वाला कि आपका कैसा रहा आपने कब आपको आह इतना मतलब याद है
269794,9910,hi,2,29.93,38.81,8.88,/kaggle/working/Hindi-ASR-Whisper-Pipeline/artifacts/q1/preprocess/segments/269794_0002.wav,ओके चलिए ठीक है मैं करता हु स्टार्ट मैं क्योंकि छोटे से स्टार्ट करूंगा क्योंकि हमें वही हमारा पहला त्योहार था जब हम छोटे थे है न
269794,9910,hi,3,43.4,57.23,13.83,/kaggle/working/Hindi-ASR-Whisper-Pipeline/artifacts/q1/preprocess/segments/269794_0003.wav,हा तो आ ज्यादा तर मुझे आ दिवाली का याद है जब हम छोटे थे आ तो उस टाइम पर हा इतने जायदा तर हमारे पास पैसे नहीं हुआ करते थे तो आ
269794,9910,hi,4,57.38,72.17,14.79,/kaggle/working/Hindi-ASR-Whisper-Pipeline/artifacts/q1/preprocess/segments/269794_0004.wav,उम्म डैडी को ले करके जाते थे और वहां से फ़टाखे वगैरह ले करके आते थे और अ जोश काफी ज्यादा रहता था हमेशा से ही क्योंकि अ अ मुझे ज्यादा तो इतना याद नहीं है क्योंकि अ काफी टाइम हो चुका है बट इतना याद है कि हाँ जोश
269794,9910,hi,5,72.26,84.65,12.39,/kaggle/working/Hindi-ASR-Whisper-Pipeline/artifacts/q1/preprocess/segments/269794_0005.wav,काफी ज्यादा था हम्म और आह जैसे हम पटाखें वगैरह ले कर आए तो आह जैसे इक वो होता है ना कि आह एक लीडर की तरह मतलब हमारे पास कोई चीज ह होती है बट बाकि लोगों के पास नहीं है वो चीज़
269794,9910,hi,6,84.65,99.14,14.49,/kaggle/working/Hindi-ASR-Whisper-Pipeline/artifacts/q1/preprocess/segments/269794_0006.wav,तो हम थोड़ा दिखावा पंति करते हैं ना दिखाते हैं कि हमारे पास ये चीज है इसी को अपने दोस्त को वो देते हैं किसी को नहीं देते तो हां हां ये चीजें भी अ उस टाइम अ हुई है और इसके साथ साथ अ जो दोस्त थे साथ वाले
269794,9910,hi,7,99.44,109.49,10.05,/kaggle/working/Hindi-ASR-Whisper-Pipeline/artifacts/q1/preprocess/segments/269794_0007.wav,आ क्या होता था की जो लोकल दुकान शॉप वगैरह होती थी जहां हम एक दो पांच रुपये के पटाखे ले सकते थे क्योंकि बीस साल या फिर में कहूँ कि अठारह साल पहले ऐसा ही था कि मतलब
269794,9910,hi,8,109.88,124.19,14.31,/kaggle/working/Hindi-ASR-Whisper-Pipeline/artifacts/q1/preprocess/segments/269794_0008.wav,लोकल शॉप होती थी उन पर या दो रुपए के तीन रुपए के ऐसे करके पटाके हम लोग लेते थे जाके तो अ यदि जैसे कि हम जैसे पांच या छह फ्रेंड हैं साथ में तो किसी को दो रुपए तीन रुपए मिले घर से और वह पटाके लेने के लिए गए तो से
269794,9910,hi,9,124.19,134.84,10.65,/kaggle/working/Hindi-ASR-Whisper-Pipeline/artifacts/q1/preprocess/segments/269794_0009.wav,तब लोग मिलके जाते थे पटाके या फिर जो भी लेना होता था वो लेने के लिए तो एक खुशी थी वो खुशी रहती थी बहुत ज्यादा कि आ हा हमारे पास दो रुपए हैं या पांच रुपए उनके पटाके लेने हैं हैना
269794,9910,hi,10,135.14,147.11,11.97,/kaggle/working/Hindi-ASR-Whisper-Pipeline/artifacts/q1/preprocess/segments/269794_0010.wav,क्योंकि छोटे जो अ हम छोटे से थे जब इतना आ पैसे हमे एक तो मिलते नहीं थे और मिलते भी थे तो मतलब बहुत ही न के बराबर पैसे मिलते थे तो तो वो अनुभव मतलब काफी आ एक्साइट आ
269794,9910,hi,11,147.11,161.03,13.92,/kaggle/working/Hindi-ASR-Whisper-Pipeline/artifacts/q1/preprocess/segments/269794_0011.wav,आप जब भी उसको याद करते हैं उसके बारे में अ बात करते हैं तो एक अलग ही लेवल का एक अ फील आता है अंदर से कि हां यह ऐसा भी टाइम था कि हमारे पास दो रुपए होते थे हम उसमें बहुत खुश होते थे कि हां चलो दो रुपए मिल गए और वह पटाखे ले करके आते थे
269794,9910,hi,12,161.06,175.76,14.7,/kaggle/working/Hindi-ASR-Whisper-Pipeline/artifacts/q1/preprocess/segments/269794_0012.wav,तो जब जलाते थे तो सब लोग देखते थे कब जलेगा कब जलेगा अ और अ एक चीज और भी कि अ जब पटाखों को जलाने के लिए जाते थे तो पांच बार उसको जलाने की कोशिश करते थे तब जा कोशिश करते थे तब जाके हा
269794,9910,hi,13,175.79,188.66,12.87,/kaggle/working/Hindi-ASR-Whisper-Pipeline/artifacts/q1/preprocess/segments/269794_0013.wav,तब जाकर शायद एक बार ही फटता था क्योंकि डर बहुत ज़्यादा लगता था और आ अ डर के साथ साथ कभी आ इतना ज़्यादा कुछ किया नहीं था या फिर कहें कि कभी फोड़े नहीं थे तो पता नहीं था कि कैसे फोड़े जाते हैं
269794,9910,hi,14,189.26,194.18,4.92,/kaggle/working/Hindi-ASR-Whisper-Pipeline/artifacts/q1/preprocess/segments/269794_0014.wav,तो मेरा शायद अहह इसी प्रकार से मेरा अहह फर्स्ट दिवाली का अनुभव रहा है
269794,9910,hi,20,244.34,246.35,2.01,/kaggle/working/Hindi-ASR-Whisper-Pipeline/artifacts/q1/preprocess/segments/269794_0020.wav,हम्म हम्म हम
269794,9910,hi,23,285.11,286.28,1.17,/kaggle/working/Hindi-ASR-Whisper-Pipeline/artifacts/q1/preprocess/segments/269794_0023.wav,हा हा ये ठीक है
269794,9910,hi,26,303.26,307.97,4.71,/kaggle/working/Hindi-ASR-Whisper-Pipeline/artifacts/q1/preprocess/segments/269794_0026.wav,हा ये ये ये यह ज्यादा तर सभी के सात साथ ऐसा होता है जो मिडिल क्लास होते है ना
269794,9910,hi,29,325.31,327.74,2.43,/kaggle/working/Hindi-ASR-Whisper-Pipeline/artifacts/q1/preprocess/segments/269794_0029.wav,हाँ हाँ ये ये
269794,9910,hi,30,343.37,356.6,13.23,/kaggle/working/Hindi-ASR-Whisper-Pipeline/artifacts/q1/preprocess/segments/269794_0030.wav,हाँ तो यह चीज तो मेरे साथ भी मतलब ऐसी होती थी कि मतलब अह जैसे कि मेला वगैरह लगा है ना तो उसमें जाकर के और खिलोने ले के आते थे और मतलब काफी सारे खिलोने लिए और एक
269794,9910,hi,31,356.6,370.94,14.34,/kaggle/working/Hindi-ASR-Whisper-Pipeline/artifacts/q1/preprocess/segments/269794_0031.wav,एक बॉक्स टाइप के था उसमें सारे आह ले करके रख दिए दस बीस मिनट खेले और सारे फैला दिए घर में और फुरसत बस जब तक फैलेंगे नहीं तब तक मतलब ऐसा होता था कि खेला ही नहीं अब फैला है पूरे घर में और छोड़कर भाग जाते थे
269794,9910,hi,32,371.36,384.47,13.11,/kaggle/working/Hindi-ASR-Whisper-Pipeline/artifacts/q1/preprocess/segments/269794_0032.wav,ये होता था ज्यादातर अ मेरे साथ में और वैसे ऐसा था कि थोड़ा लाड़ प्यार में थोड़ा मैं पड़ा पला बड़ा हूँ तो ये चीज थी कि मुझे चीज अ थोड़ी ज्यादा आसानी से मिल जाती थी बट ऐसा नहीं था कि मतलब आ उतना भी आसानी से बट हाँ
269794,9910,hi,33,384.8,399.47,14.67,/kaggle/working/Hindi-ASR-Whisper-Pipeline/artifacts/q1/preprocess/segments/269794_0033.wav,चीजें आसानी से मिल जाती थी लेकिन यह चीज मुझे मतलब अभी भी याद आती है कि जब हमारे पास दो रुपए होते थे एक रुपए होता था पांच रुपए होते थे तो उनको संभाल कर रखते थे और जब अ त्योंहार आते थे या फिर कुछ भी तो उन्हें हम खर्च करते थे या फिर दो रुपए मिलते थे तो उनको बड़े उत्साह के साथ
269794,9910,hi,34,399.56,413.6,14.04,/kaggle/working/Hindi-ASR-Whisper-Pipeline/artifacts/q1/preprocess/segments/269794_0034.wav,लगता था कि कोई लाखों रुपए मिल गए अभी अभी के टाइम में और उसके टाइम को कंपेयर करें तो वो खुशी तब जाकर मिलती यहां लाखों रुपए मिलते हैं हां और उस टाइम दो रूपए रखते थे दो रूपए में पता नहीं क्या क्या चीज है ना वो हो पहले
269794,9910,hi,35,413.66,422.09,8.43,/kaggle/working/Hindi-ASR-Whisper-Pipeline/artifacts/q1/preprocess/segments/269794_0035.wav,तो काफी चीज आती भी थी जो गोलियां वगैरह होती थी आपने देखिए चॉकलेट वगैरह वह एक की चार आती थी है ना ऐसा होता था अब तो पांच दस दस रुपए की एक चॉकलेट आतीं हैं
269794,9910,hi,38,448.82,450.44,1.62,/kaggle/working/Hindi-ASR-Whisper-Pipeline/artifacts/q1/preprocess/segments/269794_0038.wav,हां यह भी सही बात है
269794,9910,hi,39,455.33,458.99,3.66,/kaggle/working/Hindi-ASR-Whisper-Pipeline/artifacts/q1/preprocess/segments/269794_0039.wav,अ और अ आपका सबसे फैवरेट त्योहार कौन सा रहा वैसे
269794,9910,hi,41,470.69,476.93,6.24,/kaggle/working/Hindi-ASR-Whisper-Pipeline/artifacts/q1/preprocess/segments/269794_0041.wav,हु म क्या बिहार से हो मतलब बिहार से ऐसा होता है मतलब कि बिहार की लोग ज़्यादातर ये छट पूजा
269794,9910,hi,42,481.01,487.7,6.69,/kaggle/working/Hindi-ASR-Whisper-Pipeline/artifacts/q1/preprocess/segments/269794_0042.wav,अच्छा अच्छा हां हां ये चीज है अ तो अ
269907,98470,hi,0,1.65,4.17,2.52,/kaggle/working/Hindi-ASR-Whisper-Pipeline/artifacts/q1/preprocess/segments/269907_0000.wav,बिल्कुल हर किसी को होता है
269907,98470,hi,1,8.25,22.74,14.49,/kaggle/working/Hindi-ASR-Whisper-Pipeline/artifacts/q1/preprocess/segments/269907_0001.wav,नहीं नहीं बिलकुल होते हैं है आज कल के जनरेशन ज्यादा तर ये क्या बोलते उसको रैप बगैरा ज्यादा पसंद हैं रैप उनको
269907,98470,hi,2,23.46,27.99,4.53,/kaggle/working/Hindi-ASR-Whisper-Pipeline/artifacts/q1/preprocess/segments/269907_0002.wav,बहुत ज्यादा पसंद है उनको आप बताओ आपको किस तरह के गाने पसंद है
269907,98470,hi,3,37.32,39.63,2.31,/kaggle/working/Hindi-ASR-Whisper-Pipeline/artifacts/q1/preprocess/segments/269907_0003.wav,हां हां हां हां
269907,98470,hi,4,41.76,49.47,7.71,/kaggle/working/Hindi-ASR-Whisper-Pipeline/artifacts/q1/preprocess/segments/269907_0004.wav,गाने हा बिल्कुल बिल्कुल और गाना वो इमरान हाशमी का आह मतलब हिट भी करता था
269907,98470,hi,5,52.2,61.62,9.42,/kaggle/working/Hindi-ASR-Whisper-Pipeline/artifacts/q1/preprocess/segments/269907_0005.wav,हां गाना हिट कर गया था भले मूवी कैसी भी रही हो पता नहीं मैंने तो देखी नहीं कभी आज तक बट हां ये है
269907,98470,hi,6,69.36,72.42,3.06,/kaggle/working/Hindi-ASR-Whisper-Pipeline/artifacts/q1/preprocess/segments/269907_0006.wav,REDACTED
269907,98470,hi,7,74.79,78.72,3.93,/kaggle/working/Hindi-ASR-Whisper-Pipeline/artifacts/q1/preprocess/segments/269907_0007.wav,इमरान हाशमी का ज्यादातर गाना तो हिमेश रेशमिया ही गाया करते थे ना
269907,98470,hi,8,83.82,87.09,3.27,/kaggle/working/Hindi-ASR-Whisper-Pipeline/artifacts/q1/preprocess/segments/269907_0008.wav,हां उनका मतलब आपको पसंद हो कोई ऐसा सॉन्ग बताइए
269907,98470,hi,9,93.99,97.26,3.27,/kaggle/working/Hindi-ASR-Whisper-Pipeline/artifacts/q1/preprocess/segments/269907_0009.wav,उहू
269907,98470,hi,10,104.07,106.47,2.4,/kaggle/working/Hindi-ASR-Whisper-Pipeline/artifacts/q1/preprocess/segments/269907_0010.wav,तो ये तो इमिनिस्टेशन में है नहीं रहा
269907,98470,hi,11,110.7,111.75,1.05,/kaggle/working/Hindi-ASR-Whisper-Pipeline/artifacts/q1/preprocess/segments/269907_0011.wav,ईश्वर को मानना है
269907,98470,hi,13,120.84,134.28,13.44,/kaggle/working/Hindi-ASR-Whisper-Pipeline/artifacts/q1/preprocess/segments/269907_0013.wav,अच्छा अच्छा ऐसे सुना होगा बट देखा होगा बट नाम वाइज नहीं मुझे याद है क्योंकि मैं बहुत कम ही नहीं इस तरह का सुनती हूँ मतलब
269907,98470,hi,15,138.27,143.07,4.8,/kaggle/working/Hindi-ASR-Whisper-Pipeline/artifacts/q1/preprocess/segments/269907_0015.wav,नहीं अह एवर ग्रीन और वो दोनों चलता है
269907,98470,hi,16,146.52,159.51,12.99,/kaggle/working/Hindi-ASR-Whisper-Pipeline/artifacts/q1/preprocess/segments/269907_0016.wav,और ये अगर रोमांटिक गाना मुझे सुनना हो तो इनका सुनती हूँ अह ये क्या बोलते हैं मुझे नाम याद नहीं आ रहा मुझे सुनना होगा
269907,98470,hi,17,159.51,174.18,14.67,/kaggle/working/Hindi-ASR-Whisper-Pipeline/artifacts/q1/preprocess/segments/269907_0017.wav,इनका बोल दोना जरा जो ये जो सिंगर है ना ये इनका सुनती हूँ हाँ अरिजीत नहीं ये तो अरिजीत नहीं क्या तो नाम है उनका
269907,98470,hi,18,175.62,189.12,13.5,/kaggle/working/Hindi-ASR-Whisper-Pipeline/artifacts/q1/preprocess/segments/269907_0018.wav,आप बोल देना उन्हें मैं हमेशा तर वही सुनती हू हमेशा हा बहुत कम एज के हैं मतलब जिस टाइप हम लोग का एज टीनएजर टाइप है वो आपको हा
269907,98470,hi,19,189.12,194.73,5.61,/kaggle/working/Hindi-ASR-Whisper-Pipeline/artifacts/q1/preprocess/segments/269907_0019.wav,है ना बोल दो ना जरा कोई किस ये मतलब किसने गाया है उनका मै ज़्यादातर सुनती
269907,98470,hi,20,199.62,214.38,14.76,/kaggle/working/Hindi-ASR-Whisper-Pipeline/artifacts/q1/preprocess/segments/269907_0020.wav,हाँ और इनका मुझे अच्छा लगता है फिर उसके बाद तो अरिजीत है ही अरिजीत का तो बात ही छोड़ दीजिए अह अरिजीत का हाँ बिल्कुल और तुम्ही हो मूवी आया था जो वो सॉन्ग चला था उसके बाद से तो अरिजीत फेमस ही हो गए थे
269907,98470,hi,21,221.22,233.67,12.45,/kaggle/working/Hindi-ASR-Whisper-Pipeline/artifacts/q1/preprocess/segments/269907_0021.wav,निकाल दिया गया था हाँ ऐसा ही सीन इनके साथ है उम्म ये अभी जो वो वो टोटी बानते हैं सब पर अ वो
269907,98470,hi,22,234.78,247.8,13.02,/kaggle/working/Hindi-ASR-Whisper-Pipeline/artifacts/q1/preprocess/segments/269907_0022.wav,क्या नाम यार यार देखिये नाम ना मैं भूल जाती हूँ ये उनका गाना ये है की प्रेम प्रभु का बरस रहा हैं ऐसे कर के बहुत सारा गाना उन्होंने गाया है हां हां उनका भी मतलब
269907,98470,hi,23,249.57,256.26,6.69,/kaggle/working/Hindi-ASR-Whisper-Pipeline/artifacts/q1/preprocess/segments/269907_0023.wav,हां अरमान मालिक राइट अरमान मालिक का ज़्यादा सुनती हु क्योंकि वो ज़्यादातर रोमेंटिक सांग ही मतलब गाते हैं
269907,98470,hi,26,265.68,280.68,15.0,/kaggle/working/Hindi-ASR-Whisper-Pipeline/artifacts/q1/preprocess/segments/269907_0026.wav,हां वो हा बोलते होंगे बहुत उनको भी तो इंडिया आइडल में आए थे तो एक बार फर्स्ट बार में सेलेक्ट नहीं हुए थे फिर दोबारा में भी उनको मतलब अ बोले कि हा हा अपना वॉइस ही चेंज करके आते हैं फिर आए तो
269907,98470,hi,27,280.68,288.42,7.74,/kaggle/working/Hindi-ASR-Whisper-Pipeline/artifacts/q1/preprocess/segments/269907_0027.wav,क्या तो उनका नाम भी है हु मै
269907,98470,hi,28,291.42,295.95,4.53,/kaggle/working/Hindi-ASR-Whisper-Pipeline/artifacts/q1/preprocess/segments/269907_0028.wav,फेमस नाम तो है बहुत सारा है
269907,98470,hi,29,298.98,311.82,12.84,/kaggle/working/Hindi-ASR-Whisper-Pipeline/artifacts/q1/preprocess/segments/269907_0029.wav,ये वाला भी डालिएगा न प्रेमी प्रभु का बरस रहा है नीले अंबर के ऐसे कुछ करके साथ धीरज तेरे अंदर फिर क्यों उसे तलासे ऐसे कुछ करके नहीं न उनका
269907,98470,hi,30,319.8,333.33,13.53,/kaggle/working/Hindi-ASR-Whisper-Pipeline/artifacts/q1/preprocess/segments/269907_0030.wav,जो भी नौटियाल है हां राइट में नाम भूल जाती हूं जो बहुत बहुत इंडियन आइडल में इंडियन आइडल में जब यह आए थे ना तो इनका भी सिलेक्शन नहीं हुआ था फर्स्ट अ
269907,98470,hi,31,333.33,347.82,14.49,/kaggle/working/Hindi-ASR-Whisper-Pipeline/artifacts/q1/preprocess/segments/269907_0031.wav,में सबने इनको मना कर दिया था तो फिर बोलें कि तब उस चीज को जुनून बना दिया जुनून बनाने के बाद आ ये वो ये फिर धीरे धीरे ये करके आवाज चेंज करके आया
269907,98470,hi,32,348.69,356.19,7.5,/kaggle/working/Hindi-ASR-Whisper-Pipeline/artifacts/q1/preprocess/segments/269907_0032.wav,हाँ हाँ हाँ हाँ हाँ और एक और है गुरु रंधावा उनको भी सुनती हूँ
269907,98470,hi,35,364.53,378.27,13.74,/kaggle/working/Hindi-ASR-Whisper-Pipeline/artifacts/q1/preprocess/segments/269907_0035.wav,हां हनी सिंह तो पता नहीं कहां लुप्त हो गया वो तो बट हां कमबैक हुआ है उतना नहीं है जितना पहले ट्रेंड था ना
269907,98470,hi,36,378.72,382.65,3.93,/kaggle/working/Hindi-ASR-Whisper-Pipeline/artifacts/q1/preprocess/segments/269907_0036.wav,उतना नहीं है पहले का ट्रेन का बहुत ही अच्छा था
269907,98470,hi,37,387.99,393.06,5.07,/kaggle/working/Hindi-ASR-Whisper-Pipeline/artifacts/q1/preprocess/segments/269907_0037.wav,बिल्कुल बिल्कुल स्टार्ट हुआ था आज ब्लू है पानी पानी
269907,98470,hi,38,395.13,400.92,5.79,/kaggle/working/Hindi-ASR-Whisper-Pipeline/artifacts/q1/preprocess/segments/269907_0038.wav,आज हमारा क्या टॉपिक है
269907,98470,hi,39,403.47,415.44,11.97,/kaggle/working/Hindi-ASR-Whisper-Pipeline/artifacts/q1/preprocess/segments/269907_0039.wav,नोट हमारा ऐसा पॉप रॉक है हां क्लासिक हां प्लेलिस्ट और म्यूजिक सिफारीश शेयर करना ऐसा कभी किया है आपने प्लेलिस्ट में म्यूजिक और उसके लिए यह किया.
269907,98470,hi,40,416.01,423.57,7.56,/kaggle/working/Hindi-ASR-Whisper-Pipeline/artifacts/q1/preprocess/segments/269907_0040.wav,जैसे आजकल तो टीवी में भी चलता है रेडियो पे भी उस टाइम होता था कभी आजतक किया है अपने सिफारिस के गाने बजवाएं हैं
269907,98470,hi,41,426.54,430.8,4.26,/kaggle/working/Hindi-ASR-Whisper-Pipeline/artifacts/q1/preprocess/segments/269907_0041.wav,मैंने एक बार ट्राई किया आ था रेडियो
269907,98470,hi,42,432.87,447.87,15.0,/kaggle/working/Hindi-ASR-Whisper-Pipeline/artifacts/q1/preprocess/segments/269907_0042.wav,रेडियो हाँ हां रेडियो पे वो होता था ना तो रेडियो पर ट्राइ किया था तो बजा था एक्चुअली उस टाइम में जब मैं जाती थी जॉब करती थी ना
269907,98470,hi,43,448.29,462.69,14.4,/kaggle/working/Hindi-ASR-Whisper-Pipeline/artifacts/q1/preprocess/segments/269907_0043.wav,तो वहाँ पे वो रेडियो के जो मतलब ये रहते हैं ना जो सॉन्ग बगेरा वगैरह बजाते हैं आर जे आर जे हां हां तो वो आते थें तो उनसे मेरी जान पहचान हो गई थी
269907,98470,hi,44,463.77,475.86,12.09,/kaggle/working/Hindi-ASR-Whisper-Pipeline/artifacts/q1/preprocess/segments/269907_0044.wav,हां तो उसी टाइम मतलब यह था उन्होंने मेरे मेरे कहने पर मैं बस व्हाट्सऐप करके कहा था की ये म्यूजिक बजाने के लिए
269907,98470,hi,45,475.98,488.94,12.96,/kaggle/working/Hindi-ASR-Whisper-Pipeline/artifacts/q1/preprocess/segments/269907_0045.wav,और फिर एक म्यूजिक उन्होंने खुद ही बजा दिया था है यह था हां ये था हो गया यह भी लेकिन हां कभी टीवी में नहीं ट्राई किया है मैंने
269907,98470,hi,46,493.74,508.62,14.88,/kaggle/working/Hindi-ASR-Whisper-Pipeline/artifacts/q1/preprocess/segments/269907_0046.wav,हाँ कॉन्सर्ट में गयी हूँ ना मैं म्यूजिक से एक्चुअली क्या है ना कि मै भी म्यूजिक से जुड़ी हुई हूँ ठीक है अं सीखना और सारा कुछ रहा तो इसलिए थोड़ा सा गयी
269907,98470,hi,47,512.01,521.01,9.0,/kaggle/working/Hindi-ASR-Whisper-Pipeline/artifacts/q1/preprocess/segments/269907_0047.wav,अच्छा गुरु रंधावा के कॉंसर्ट में गए थे मुझे हाँ थोड़ा सा है कि गुरु रंधावा के कॉंसर्ट में जरूर जाऊं कभी न कभी तो अगर यही होगा तो जरूर ही जाऊँगी
269907,98470,hi,48,524.13,538.86,14.73,/kaggle/working/Hindi-ASR-Whisper-Pipeline/artifacts/q1/preprocess/segments/269907_0048.wav,गुरू रंधावा के हां मुझे बहुत पसंद हैं उनके गाने उनका स्टोरी भी बहुत पसंद हां स्टोरी भी उनका बहुत पसंद है कि कहां से कैसे अं उनकी जो
269907,98470,hi,49,538.86,553.44,14.58,/kaggle/working/Hindi-ASR-Whisper-Pipeline/artifacts/q1/preprocess/segments/269907_0049.wav,हां मना कर देती हु उसके बाद से इनका भी किस्मत चमकता है ये भी बहुत अच्छा म्यूजिक में अपना गाना यह करते है सूट करते हैं फिर वो कौन सा था उनका यह वाला है
269907,98470,hi,50,553.44,555.93,2.49,/kaggle/working/Hindi-ASR-Whisper-Pipeline/artifacts/q1/preprocess/segments/269907_0050.wav,पहला सॉन्ग याद था
269907,98470,hi,51,559.11,566.43,7.32,/kaggle/working/Hindi-ASR-Whisper-Pipeline/artifacts/q1/preprocess/segments/269907_0051.wav,नहीं नहीं नहीं कोई और सॉन्ग था याद नहीं आ रहा वही फिर फेमस हो जाता है
269907,98470,hi,52,572.34,583.59,11.25,/kaggle/working/Hindi-ASR-Whisper-Pipeline/artifacts/q1/preprocess/segments/269907_0052.wav,नहीं बिल्कुल भी नहीं उस टाइम चलते थे अभी तो मतलब सब अलग अलग तरह के यह है ज्यादा रैप वगैरह ही मतलब पसंद कर रहे हैं
269907,98470,hi,53,586.53,601.11,14.58,/kaggle/working/Hindi-ASR-Whisper-Pipeline/artifacts/q1/preprocess/segments/269907_0053.wav,और फिर क्या है पसंदीदा गानों के पीछे के मतलब को समझना हां तो उस चीज को तो समझ ही जाते हैं कोई भी गाना है तो उसका मतलब तो समझ में आता ही है हिंदी गाना तो खास
269907,98470,hi,55,604.47,616.62,12.15,/kaggle/working/Hindi-ASR-Whisper-Pipeline/artifacts/q1/preprocess/segments/269907_0055.wav,हां और रहा बात है उसके बाद पुराने और नए पुराना तो पुराना ही है पुराना तो लता जी जब गाती नहीं तो उनका कहना ही नहीं था
269907,98470,hi,56,617.07,624.69,7.62,/kaggle/working/Hindi-ASR-Whisper-Pipeline/artifacts/q1/preprocess/segments/269907_0056.wav,दोनों में बहुत जमीन आसमान का फर्क है ओल्ड ओल्ड ही रहता है वो कहा जाता है ना ओल्ड इज गोल्ड
269907,98470,hi,57,627.36,630.54,3.18,/kaggle/working/Hindi-ASR-Whisper-Pipeline/artifacts/q1/preprocess/segments/269907_0057.wav,REDACTED
269907,98470,hi,58,632.82,645.24,12.42,/kaggle/working/Hindi-ASR-Whisper-Pipeline/artifacts/q1/preprocess/segments/269907_0058.wav,वहीं चीज़ है की पुराने और नए गाने में दोनो मे आज क जमाने में हर किसी को अच्छा मतलब बहुत आज के जेनरेशन के जो है न उनको पुराने गाने नहीं पसंद आते है और पुराने जेनरेशन के जो है आज के
269907,98470,hi,59,645.24,651.75,6.51,/kaggle/working/Hindi-ASR-Whisper-Pipeline/artifacts/q1/preprocess/segments/269907_0059.wav,के जमाने के मतलब नए नए गाने नहीं पसंद आते हैं और जो एवर ग्रीन है ना वो हर किसी वो पसंद आता है
269907,98470,hi,60,654.0,657.69,3.69,/kaggle/working/Hindi-ASR-Whisper-Pipeline/artifacts/q1/preprocess/segments/269907_0060.wav,हाँ एवरग्रीन सॉन्ग अच्छा है भी
269907,98470,hi,61,660.12,661.83,1.71,/kaggle/working/Hindi-ASR-Whisper-Pipeline/artifacts/q1/preprocess/segments/269907_0061.wav,कि हर ट्रेन में चलेगा
269907,98470,hi,62,667.68,669.42,1.74,/kaggle/working/Hindi-ASR-Whisper-Pipeline/artifacts/q1/preprocess/segments/269907_0062.wav,ना.ना
269907,98470,hi,63,672.48,682.92,10.44,/kaggle/working/Hindi-ASR-Whisper-Pipeline/artifacts/q1/preprocess/segments/269907_0063.wav,हां हां हां हां हां बिल्कुल बिल्कुल
269907,98470,hi,64,685.8,698.85,13.05,/kaggle/working/Hindi-ASR-Whisper-Pipeline/artifacts/q1/preprocess/segments/269907_0064.wav,हाँ हाँ थोड़ा सा तो पंजाबी रहता है उनका आप जैसे हिंदी सॉन्ग में नई न चलेगा पंजाबी में बहोत ये की उन लोक का लैंग्वेज ही अलग हो जाता है तो उतना समझ ले हम लोग बस के बात नहीं है
269907,98470,hi,65,706.95,715.92,8.97,/kaggle/working/Hindi-ASR-Whisper-Pipeline/artifacts/q1/preprocess/segments/269907_0065.wav,हां वो उस टाइम तो आय आया ही था उस टाइम तो हानी सिंह छाया ही था स्टार्टिंग में
269907,98470,hi,66,719.43,724.77,5.34,/kaggle/working/Hindi-ASR-Whisper-Pipeline/artifacts/q1/preprocess/segments/269907_0066.wav,ह्म्म ह्म्म ह्म्म हु हु
269907,98470,hi,67,727.14,733.02,5.88,/kaggle/working/Hindi-ASR-Whisper-Pipeline/artifacts/q1/preprocess/segments/269907_0067.wav,हां हां शायद बहुत मुश्किल से वो भी मतलब अपने लाइफ में स्ट्रगल करके आये हैं
269907,98470,hi,68,737.13,739.5,2.37,/kaggle/working/Hindi-ASR-Whisper-Pipeline/artifacts/q1/preprocess/segments/269907_0068.wav,ह्म्म्म
269907,98470,hi,69,744.78,746.28,1.5,/kaggle/working/Hindi-ASR-Whisper-Pipeline/artifacts/q1/preprocess/segments/269907_0069.wav,ह्म्म हां
269907,98470,hi,71,756.78,770.67,13.89,/kaggle/working/Hindi-ASR-Whisper-Pipeline/artifacts/q1/preprocess/segments/269907_0071.wav,हा अजीत सिंह तो अभी भी मतलब है ही उनका लेकिन गाना भी तो उसी टाइप का रहता है कि मतलब वो चल गया ट्रेन में एकदम जैसे किशोर कुमार किशोर कुमार शुरू से ही चले सब
269907,98470,hi,72,772.95,774.93,1.98,/kaggle/working/Hindi-ASR-Whisper-Pipeline/artifacts/q1/preprocess/segments/269907_0072.wav,उन लोग का अभी भी तक चलता है
269907,98470,hi,73,777.24,780.84,3.6,/kaggle/working/Hindi-ASR-Whisper-Pipeline/artifacts/q1/preprocess/segments/269907_0073.wav,हाँ बिल्कुल बिल्कुल
269907,98470,hi,74,785.58,786.87,1.29,/kaggle/working/Hindi-ASR-Whisper-Pipeline/artifacts/q1/preprocess/segments/269907_0074.wav,हां
269907,98470,hi,75,788.88,794.73,5.85,/kaggle/working/Hindi-ASR-Whisper-Pipeline/artifacts/q1/preprocess/segments/269907_0075.wav,ठीक है जी मुझे भी वहाँ पे थैंक्यू
270150,147403,hi,0,3.39,11.61,8.22,/kaggle/working/Hindi-ASR-Whisper-Pipeline/artifacts/q1/preprocess/segments/270150_0000.wav,आपको फ्रेंड के साथ उसको मज़ा आता होगा तो सुबह सुबह टाइम पर आपके सुबह विजिट करने जाते थे जब नाश्ता करते थे आप फ्रेश भी होते होंगे आप राइट
270150,147403,hi,1,14.31,27.24,12.93,/kaggle/working/Hindi-ASR-Whisper-Pipeline/artifacts/q1/preprocess/segments/270150_0001.wav,हां सर जैसे आप स्कूल का टाइम पे आपके फ्रेंड्स भी होते होंगे तब आ नाश्ता करने जाते होंगे स्कूल टाइम पे राइट सो आपका वो जो मूवमेंटस होते थे जी जी
270150,147403,hi,2,27.84,31.26,3.42,/kaggle/working/Hindi-ASR-Whisper-Pipeline/artifacts/q1/preprocess/segments/270150_0002.wav,आपके तो वो मूमेंट्स होते होंगे सर अलग ही मूमेंट्स रहते हैं ना फिर
270150,147403,hi,3,38.67,40.41,1.74,/kaggle/working/Hindi-ASR-Whisper-Pipeline/artifacts/q1/preprocess/segments/270150_0003.wav,जी
270150,147403,hi,4,43.08,49.47,6.39,/kaggle/working/Hindi-ASR-Whisper-Pipeline/artifacts/q1/preprocess/segments/270150_0004.wav,जी आपने सर कभी घर की बनी हुई मिठाईयां जैसे लड्डू जलेबी ये सब भी खाया होगा
270150,147403,hi,5,51.9,61.53,9.63,/kaggle/working/Hindi-ASR-Whisper-Pipeline/artifacts/q1/preprocess/segments/270150_0005.wav,जी आपके मम्मी होगी दादी होगी यह जो डीनर बनाते हैं अ उन्होंने कभी आपके लिए मनाया होगा घर पर ही लड्डू या जलेबी आपको किस समय से लड्डू वैरायटी पसंद है
270150,147403,hi,6,65.16,69.54,4.38,/kaggle/working/Hindi-ASR-Whisper-Pipeline/artifacts/q1/preprocess/segments/270150_0006.wav,आपको कौन से लड्डू पसंद रहता है जिसको बेसन के लड्डू होता है तील के लड्डू होता है
270150,147403,hi,8,77.28,81.39,4.11,/kaggle/working/Hindi-ASR-Whisper-Pipeline/artifacts/q1/preprocess/segments/270150_0008.wav,आपने सर ऐसा किया होगा आपको पॉकेट मनी मिलती थी बचपन में
270150,147403,hi,9,84.3,89.49,5.19,/kaggle/working/Hindi-ASR-Whisper-Pipeline/artifacts/q1/preprocess/segments/270150_0009.wav,जी तो आपने पॉकेट मनी बचाकर कभी चॉकलेट आइसक्रीम खरीदने के लिए रखा कभी
270150,147403,hi,10,92.22,103.71,11.49,/kaggle/working/Hindi-ASR-Whisper-Pipeline/artifacts/q1/preprocess/segments/270150_0010.wav,क्या जी और अपने कभी सड़क के किनारे की खाने की आदत भी याद है कभी आपने सड़क के किनारे कभी खड़े होकर खाना खाया हो कभी कोई ऐसा मोमेंट हो
270150,147403,hi,11,114.93,116.13,1.2,/kaggle/working/Hindi-ASR-Whisper-Pipeline/artifacts/q1/preprocess/segments/270150_0011.wav,जी
270150,147403,hi,12,119.43,124.56,5.13,/kaggle/working/Hindi-ASR-Whisper-Pipeline/artifacts/q1/preprocess/segments/270150_0012.wav,जी
270150,147403,hi,13,127.92,134.64,6.72,/kaggle/working/Hindi-ASR-Whisper-Pipeline/artifacts/q1/preprocess/segments/270150_0013.wav,REDACTED
270150,147403,hi,16,154.35,159.54,5.19,/kaggle/working/Hindi-ASR-Whisper-Pipeline/artifacts/q1/preprocess/segments/270150_0016.wav,आपके सर फैमिली में कोई ऐसी रेसिपी है जो पीढ़ी दर पीढ़ी चली आ रही है ऐसी कोई रेसिपी है
270150,147403,hi,17,165.63,168.06,2.43,/kaggle/working/Hindi-ASR-Whisper-Pipeline/artifacts/q1/preprocess/segments/270150_0017.wav,जी जी जी
270150,147403,hi,19,177.54,179.46,1.92,/kaggle/working/Hindi-ASR-Whisper-Pipeline/artifacts/q1/preprocess/segments/270150_0019.wav,उसकी आप रेसिपी शेयर कर सकते हैं
270150,147403,hi,20,186.69,189.51,2.82,/kaggle/working/Hindi-ASR-Whisper-Pipeline/artifacts/q1/preprocess/segments/270150_0020.wav,जी हू
270150,147403,hi,21,199.41,203.85,4.44,/kaggle/working/Hindi-ASR-Whisper-Pipeline/artifacts/q1/preprocess/segments/270150_0021.wav,जी
270150,147403,hi,22,211.53,218.73,7.2,/kaggle/working/Hindi-ASR-Whisper-Pipeline/artifacts/q1/preprocess/segments/270150_0022.wav,जी जी
270150,147403,hi,23,221.76,230.22,8.46,/kaggle/working/Hindi-ASR-Whisper-Pipeline/artifacts/q1/preprocess/segments/270150_0023.wav,हम्म और सर ऐसे आपको को कोई नाश्ता नहीं है कोई पसंद का जो आपको अभी पसंद हो जो फेवरेट हो आपका
270150,147403,hi,24,239.13,240.48,1.35,/kaggle/working/Hindi-ASR-Whisper-Pipeline/artifacts/q1/preprocess/segments/270150_0024.wav,जी
270150,147403,hi,26,247.26,250.02,2.76,/kaggle/working/Hindi-ASR-Whisper-Pipeline/artifacts/q1/preprocess/segments/270150_0026.wav,जी सर
270150,147403,hi,27,252.27,266.67,14.4,/kaggle/working/Hindi-ASR-Whisper-Pipeline/artifacts/q1/preprocess/segments/270150_0027.wav,REDACTED
270150,147403,hi,28,266.7,278.31,11.61,/kaggle/working/Hindi-ASR-Whisper-Pipeline/artifacts/q1/preprocess/segments/270150_0028.wav,स्कूल के सामने भी बेकरीया होती थीं तो वहाँ केक्स और पेस्ट्रीज और अपने बिग समोसे ये सब अवेलेवल रहता था और थोड़ा सा आगे जाते थे तो हमें मोमोज
270150,147403,hi,29,278.55,282.54,3.99,/kaggle/working/Hindi-ASR-Whisper-Pipeline/artifacts/q1/preprocess/segments/270150_0029.wav,और नूडल्स ये सब अवेलिबल रहता हैं क्योंकि हम अधिकतर पार्टी करते ही रह रहते थे
270150,147403,hi,30,285.09,292.38,7.29,/kaggle/working/Hindi-ASR-Whisper-Pipeline/artifacts/q1/preprocess/segments/270150_0030.wav,कभी हमारे फ्रेंड्स आते थे तो कभीकभी हम घर से बने हुए चीजें भी ले जाते थे सारे फ्रेंड्स के साथ पार्क में जाकर पार्टी कर लेते थे
270150,147403,hi,32,300.81,304.86,4.05,/kaggle/working/Hindi-ASR-Whisper-Pipeline/artifacts/q1/preprocess/segments/270150_0032.wav,जितना फ्रेंड्स के साथ मजा आता है पार्टीज करने में वैसा मजा नहीं आता है कही
270150,147403,hi,33,306.96,319.56,12.6,/kaggle/working/Hindi-ASR-Whisper-Pipeline/artifacts/q1/preprocess/segments/270150_0033.wav,हम अधिकतर देखोगे कि हम पहले पार्टी करते थे फ्रेंडो के साथ ज्यादा तर पार्टी करते थे अब अभी का टाइम चेंज हो गया है क्योंकि अब हम फ्रेंड से मिल ही नही पाते पार्टी भी बंद हो जाती है सब अपने अपने मे लाइफ में बिजी हो गये है
270150,147403,hi,34,329.58,343.95,14.37,/kaggle/working/Hindi-ASR-Whisper-Pipeline/artifacts/q1/preprocess/segments/270150_0034.wav,जी और वो टाइम अलग ही बात थी उस टाइम वो टाइम मतलब वो टाइम मतलब लौटकर नहीं आता है अभी तो आप चेक करेंगे कि कब से वो टाइम नहीं लेगा स्कूल टाइम की बात ही अलग होती थी क्योंकि स्कूल टाइम पे हमे किसी चीज का लोड नहीं रहता था
270150,147403,hi,35,344.01,345.63,1.62,/kaggle/working/Hindi-ASR-Whisper-Pipeline/artifacts/q1/preprocess/segments/270150_0035.wav,तो हम लाइफ एंजॉय कर रहे थे
270150,147403,hi,36,350.58,355.74,5.16,/kaggle/working/Hindi-ASR-Whisper-Pipeline/artifacts/q1/preprocess/segments/270150_0036.wav,चल कॉलेज
270150,147403,hi,37,357.87,372.18,14.31,/kaggle/working/Hindi-ASR-Whisper-Pipeline/artifacts/q1/preprocess/segments/270150_0037.wav,जी सर लेकिन कॉलेज में ऐसा है कि हमें डेली कॉलेज नहीं जाना पड़ता है हमें एग्जाम टाइम पे नॉर्मली कॉलेज जाते हैं तो उस टाइम पे ज़्यादा तर तो स्टडी पे फोकस करना रहता है तो इतना टाइम नहीं मिलता है और अगर हम इस
270150,147403,hi,38,372.21,379.98,7.77,/kaggle/working/Hindi-ASR-Whisper-Pipeline/artifacts/q1/preprocess/segments/270150_0038.wav,स्कूल टाइम का देखा जाए जी तो अगर स्कूल टाइम का देखा जाए हम हैं न डेली जाते थे और फ्रेंड्स के साथ मस्ती पार्टी होती थी हमारी डेली
270150,147403,hi,39,382.26,388.53,6.27,/kaggle/working/Hindi-ASR-Whisper-Pipeline/artifacts/q1/preprocess/segments/270150_0039.wav,और हमारे बहुत एंजॉय वाले पल थे बाकी अब कॉलेज में मिलता हुआ था कॉलेज वाला और स्कूल के टाइम में अलग ही बात रहती
270150,147403,hi,41,396.57,403.44,6.87,/kaggle/working/Hindi-ASR-Whisper-Pipeline/artifacts/q1/preprocess/segments/270150_0041.wav,जी आप डेली कॉलेज जाते होंगे ना सर डेली कॉलेज जाते है
270150,147403,hi,43,408.81,412.53,3.72,/kaggle/working/Hindi-ASR-Whisper-Pipeline/artifacts/q1/preprocess/segments/270150_0043.wav,नो सर बी कॉम था
270150,147403,hi,45,419.34,421.2,1.86,/kaggle/working/Hindi-ASR-Whisper-Pipeline/artifacts/q1/preprocess/segments/270150_0045.wav,जी जी
270150,147403,hi,47,427.68,430.92,3.24,/kaggle/working/Hindi-ASR-Whisper-Pipeline/artifacts/q1/preprocess/segments/270150_0047.wav,जी तो आपको डेली फ्रेंड्स के साथ पार्टी हो ही जाती थी
270150,147403,hi,48,436.77,448.62,11.85,/kaggle/working/Hindi-ASR-Whisper-Pipeline/artifacts/q1/preprocess/segments/270150_0048.wav,जी वो मुमेंट्स भी अच्छे रहते हैं कि जब लाइफ में मुमेंट्स है सुया और कॉलेज टाइम पर फिर तो लाइफ बोरिंग हो जाती है
270150,147403,hi,49,452.94,466.95,14.01,/kaggle/working/Hindi-ASR-Whisper-Pipeline/artifacts/q1/preprocess/segments/270150_0049.wav,जी नहीं लेकिन पहले जो ऐसा रहता है ना सर एहसास नहीं रहता क्योंकि आपको फिर कहता है की आपकी डेली लाइफ हो जाती है आपको जॉब जाना है जॉब का टाइमिंग ऐसा रहता है फिर जॉब से आके घर फिर टाइम मिला.
270150,147403,hi,50,467.1,469.92,2.82,/kaggle/working/Hindi-ASR-Whisper-Pipeline/artifacts/q1/preprocess/segments/270150_0050.wav,कुछ आप पहुंच सकते हैं कहीं नहीं तो नहीं जा सकते जल्दी से
270150,147403,hi,51,476.55,481.83,5.28,/kaggle/working/Hindi-ASR-Whisper-Pipeline/artifacts/q1/preprocess/segments/270150_0051.wav,जी हां
270150,147403,hi,52,486.78,498.63,11.85,/kaggle/working/Hindi-ASR-Whisper-Pipeline/artifacts/q1/preprocess/segments/270150_0052.wav,जी ऐसे भी हम हर किसी से आप कंफर्टेबल नहीं होते देखा जाए तो ऐसे बहुत कम फ्रेंड्स होते है जिनसे ज्यादा हम कंफर्टेबल रहते है कुछ भी बात भी शेयर करनी है तो हम कर सकते है बिना किसी रोक के
270150,147403,hi,53,507.96,517.98,10.02,/kaggle/working/Hindi-ASR-Whisper-Pipeline/artifacts/q1/preprocess/segments/270150_0053.wav,जी जी मेरे फ्रेंड्स तो एक बार में बन जाते हैं वैसे अगर एक बार भी किसी से बात कर लो तो फ्रेंड्स बन जाते हैं फ्रेंडशिप आसानी से हो जाती है
270150,147403,hi,54,521.34,527.58,6.24,/kaggle/working/Hindi-ASR-Whisper-Pipeline/artifacts/q1/preprocess/segments/270150_0054.wav,जी जी जी आपसे बात करके अच्छा लगा सर
270150,147403,hi,55,531.27,534.24,2.97,/kaggle/working/Hindi-ASR-Whisper-Pipeline/artifacts/q1/preprocess/segments/270150_0055.wav,अपना समय देने के लिए सर शुक्रिया आपका दिन शुभ हो
270153,92783,hi,0,0.03,5.82,5.79,/kaggle/working/Hindi-ASR-Whisper-Pipeline/artifacts/q1/preprocess/segments/270153_0000.wav,ताकि जाकर वहां पे गोलगप्पे खा सक अ वो चीज़े स्पेशल थी हमारे लिए
270153,92783,hi,1,12.51,16.5,3.99,/kaggle/working/Hindi-ASR-Whisper-Pipeline/artifacts/q1/preprocess/segments/270153_0001.wav,हां क्या कहा मैम आपने एकबार रिपीट करना आपकी आवाज थोड़ी स्लो आ रही है
270153,92783,hi,3,24.03,28.8,4.77,/kaggle/working/Hindi-ASR-Whisper-Pipeline/artifacts/q1/preprocess/segments/270153_0003.wav,अ हाँ वो फ्रेंड्स होते भी थे और कई बार जी मैम
270153,92783,hi,4,31.02,45.63,14.61,/kaggle/working/Hindi-ASR-Whisper-Pipeline/artifacts/q1/preprocess/segments/270153_0004.wav,जी जी बिल्कुल बिल्कुल वो तो फ्रेंड्स के साथ ये मैम ज़्यादातर कॉलेज में किया है फ्रेंड्स के साथ मेस में या फिर कैंटीन में कैफेटेरिया में साथ में खाना तो वो मूवमेंट अलग होते थे स्कूल के टाइम में उतने नहीं होते थे
270153,92783,hi,5,50.19,53.52,3.33,/kaggle/working/Hindi-ASR-Whisper-Pipeline/artifacts/q1/preprocess/segments/270153_0005.wav,हा बिल्कुल बिल्कुल जी.
270153,92783,hi,7,63.21,64.59,1.38,/kaggle/working/Hindi-ASR-Whisper-Pipeline/artifacts/q1/preprocess/segments/270153_0007.wav,सॉरी क्या पसंद है
270153,92783,hi,8,70.8,76.89,6.09,/kaggle/working/Hindi-ASR-Whisper-Pipeline/artifacts/q1/preprocess/segments/270153_0008.wav,मैंम मुझे मीठे में मैक्सिमम चीजें पसंद है तो मैं ना नहीं कहता जनरली किसी चीज़ को
270153,92783,hi,9,82.68,84.24,1.56,/kaggle/working/Hindi-ASR-Whisper-Pipeline/artifacts/q1/preprocess/segments/270153_0009.wav,आ जी मैम थोड़ी बहुत
270153,92783,hi,10,90.9,92.46,1.56,/kaggle/working/Hindi-ASR-Whisper-Pipeline/artifacts/q1/preprocess/segments/270153_0010.wav,हां मैंम अक्सर
270153,92783,hi,11,105.0,119.91,14.91,/kaggle/working/Hindi-ASR-Whisper-Pipeline/artifacts/q1/preprocess/segments/270153_0011.wav,जी मैम बहुत सारी टाइम खाया है और जब हमें फ्रेंड्स कॉलेज का मैं जब बता रहा था आपको जब कॉलेज में फ्रेंड्स होते थे तो वो चीज़े हो जाती थी कि मतलब कहीं गया है ऐसे ही और टेस्ट की अलगअलग जो होते हैं न ठेले लगे होते हैं या रेडी लगी होती है
270153,92783,hi,12,120.45,127.62,7.17,/kaggle/working/Hindi-ASR-Whisper-Pipeline/artifacts/q1/preprocess/segments/270153_0012.wav,या रेस्टोरेंट्स होते हैं तो फ्रेंड्स के साथ अलगअलग जगह जाकर ऐसेऐसे नए नए फूट्स को ट्राइ करना यह सारे अच्छे मूवमेंट्स थे हमारे लिए
270153,92783,hi,13,135.9,146.73,10.83,/kaggle/working/Hindi-ASR-Whisper-Pipeline/artifacts/q1/preprocess/segments/270153_0013.wav,जी मैम ऐसा तो अक्सर ही हो जाता है फ्रेंडशिप में मतलब कभी आप खा रहे हो पता नहीं हो फ्रेंड्स को वो आ गया और वो फिर पूछते नहीं है ट्रीट्स के लिए कि बेटा मैं मतलब भाई मैं ले लू तेरे
270153,92783,hi,14,147.06,155.22,8.16,/kaggle/working/Hindi-ASR-Whisper-Pipeline/artifacts/q1/preprocess/segments/270153_0014.wav,अरे ये से वो डायरेक्ट हमारे फ्रेंड्स आते थे तोड़ के खाना स्टार्ट किया ले लिया उसी में से तो ऐसा चलता था हमारा.
270153,92783,hi,15,161.73,176.7,14.97,/kaggle/working/Hindi-ASR-Whisper-Pipeline/artifacts/q1/preprocess/segments/270153_0015.wav,पीढ़ी दर पीढ़ी आपने पीठा का नाम आई थिंक सुना होगा पीठा पीठा वो हमारे यंहा एक दूध का दूध का पीठा बनता है वो अलग साइड मुझे लगता है कि मैं अपने ही घर खाया हूँ और बाकी कहीं नहीं खाया मैंने तो वो आई थिंक मैं कह सकता हूँ
270153,92783,hi,16,176.7,189.78,13.08,/kaggle/working/Hindi-ASR-Whisper-Pipeline/artifacts/q1/preprocess/segments/270153_0016.wav,गांव की वो पीढ़ी दर पीढ़ी चली आ रही जी मैम वो एक्चुली आह ममा क्या करती है कि रोटी बना जैसे रोटी हम बेलते हैं न पकाने के पहले
270153,92783,hi,17,190.26,203.7,13.44,/kaggle/working/Hindi-ASR-Whisper-Pipeline/artifacts/q1/preprocess/segments/270153_0017.wav,या तो पूड़ी वाली सेप में बना लेती हैं पहले नहीं तो फिर रोटी बेल के उसको ग्लास से कट कर लेती हैं जितना बड़ा वो कटता है ना उसको आ दो छोड़ पर पकड़ के आपस में चिपका देती हैं और
270153,92783,hi,18,203.91,218.55,14.64,/kaggle/working/Hindi-ASR-Whisper-Pipeline/artifacts/q1/preprocess/segments/270153_0018.wav,फिर उसको दूध को एक लेबल तक घाटने के बाद आई थिंक मतलब गाढ़ा करने के बाद उसमें वो पकाया जाता है वैसे ही डाल के वो धीमी आंच पे आपका आधे घंटे तक पकने के बाद बहुत
270153,92783,hi,19,218.73,225.48,6.75,/kaggle/working/Hindi-ASR-Whisper-Pipeline/artifacts/q1/preprocess/segments/270153_0019.wav,अच्छा मतलब टेस्ट देता है वह तो एक वो कह सकते हैं वह मेरा वन ऑफ
270153,92783,hi,20,232.41,246.27,13.86,/kaggle/working/Hindi-ASR-Whisper-Pipeline/artifacts/q1/preprocess/segments/270153_0020.wav,मैम ऐसा तो नोटिस नहीं किया है कि स्पेशली कौन नाश्ता फेवरेट है मुझे सारी चीज़े अच्छे लगती हैं पूड़ी सब्जी भुजिया या फिर उत्तपम साउथ का अगर आप बात करो पराठे ये सारी चीज़े
270153,92783,hi,21,249.03,253.95,4.92,/kaggle/working/Hindi-ASR-Whisper-Pipeline/artifacts/q1/preprocess/segments/270153_0021.wav,आप भी बताइए मैम अपने बारे में कुछ आपने सिर्फ पूछा है बताया कुछ भी नहीं है
270153,92783,hi,25,283.71,286.53,2.82,/kaggle/working/Hindi-ASR-Whisper-Pipeline/artifacts/q1/preprocess/segments/270153_0025.wav,हां हां हां सही है सही है
270153,92783,hi,26,291.12,296.52,5.4,/kaggle/working/Hindi-ASR-Whisper-Pipeline/artifacts/q1/preprocess/segments/270153_0026.wav,आप उम्ह अच्छा अच्छा आपके फ्रेंड्स तो बहुत होंगे फिर
270153,92783,hi,27,299.13,301.53,2.4,/kaggle/working/Hindi-ASR-Whisper-Pipeline/artifacts/q1/preprocess/segments/270153_0027.wav,हूं सही है.
270153,92783,hi,28,306.57,308.67,2.1,/kaggle/working/Hindi-ASR-Whisper-Pipeline/artifacts/q1/preprocess/segments/270153_0028.wav,हां वो तो बात सही कही आपने
270153,92783,hi,30,321.09,331.26,10.17,/kaggle/working/Hindi-ASR-Whisper-Pipeline/artifacts/q1/preprocess/segments/270153_0030.wav,जी जी जी बिल्कुल फ्रेंड्स का मतलब वो हमारा मीट अप होना अलग ही लेवल का खुशी देता था एक दुसरे की खिचाई करना एंजॉय करना वो चीज़े
270153,92783,hi,31,338.79,352.53,13.74,/kaggle/working/Hindi-ASR-Whisper-Pipeline/artifacts/q1/preprocess/segments/270153_0031.wav,जी बिल्कुल बिल्कुल हाँ हाँ वो तो है हां बिल्कुल बिल्कुल तो आपने कॉलेज अभी आप काम करते हो कुछ या कॉलेज वगैरा
270153,92783,hi,32,354.03,360.69,6.66,/kaggle/working/Hindi-ASR-Whisper-Pipeline/artifacts/q1/preprocess/segments/270153_0032.wav,कॉलेज में भी मैम ये चीज़े आपको मिल सकती हैं कॉलेज में भी अच्छे ग्रुप सर्कल बनते हैं क्योंकि मैंने
270153,92783,hi,33,368.94,375.57,6.63,/kaggle/working/Hindi-ASR-Whisper-Pipeline/artifacts/q1/preprocess/segments/270153_0033.wav,अच्छा तो वो ग्रेजुएशन कर रहे हो आप लग जी जी मैम
270153,92783,hi,34,380.01,382.38,2.37,/kaggle/working/Hindi-ASR-Whisper-Pipeline/artifacts/q1/preprocess/segments/270153_0034.wav,हूं हूं हूं हूं
270153,92783,hi,35,389.49,402.21,12.72,/kaggle/working/Hindi-ASR-Whisper-Pipeline/artifacts/q1/preprocess/segments/270153_0035.wav,नहीं तो मैं मैम मेरा अपोजिट रहा थोड़ा सा स्कूल मैं जाता था लेकिन कॉलेज में ज्यादा ही अच्छा ग्रुप बन गया और फ्रेंड्स हो गये स्कूल के टाइम के मेरे फ्रेंड्स कनेक्टिव हैं हाँ वो एक्चुअली मैं हॉस्टल में ही रहता था और
270153,92783,hi,36,402.57,410.64,8.07,/kaggle/working/Hindi-ASR-Whisper-Pipeline/artifacts/q1/preprocess/segments/270153_0036.wav,हा हा मैं हॉस्टल में ही रहता था कॉलेज में और हमारा कोर्स अलग था जैसे अगर आप बी ए आप ग्रेजुएशन बी ए आप बी कॉम ये सब कर रहे हो क्या
270153,92783,hi,37,413.52,424.68,11.16,/kaggle/working/Hindi-ASR-Whisper-Pipeline/artifacts/q1/preprocess/segments/270153_0037.wav,बी.कॉम कर रहे हो ना तो वैसे तो मेरे कॉलेज में भी बी.कॉम था लेकिन वो लोग डेली आते थे मेरा बी.टेक था आपका तो वहाँ पे रहके हमें एटटी पर्सेंट एटेंडेंस मेन्टेन करना होता था ना
270153,92783,hi,38,426.57,429.48,2.91,/kaggle/working/Hindi-ASR-Whisper-Pipeline/artifacts/q1/preprocess/segments/270153_0038.wav,तो डेली जाना ही होता था और मेरे कॉलेज में तो जो भी
270153,92783,hi,39,432.33,443.07,10.74,/kaggle/working/Hindi-ASR-Whisper-Pipeline/artifacts/q1/preprocess/segments/270153_0039.wav,हां हां हर वीकेंड समझ लो आप या डेली ही कह लो उसको कभी न कभी तो टकरा ही जाना है कुछ न कुछ स्पेशल हो जाना है जी मैम
270153,92783,hi,40,449.88,455.82,5.94,/kaggle/working/Hindi-ASR-Whisper-Pipeline/artifacts/q1/preprocess/segments/270153_0040.wav,नहीं मेम एंजॉयमेंट बनाए रखो तो बनी रहती है बोरिंग तो नहीं कह सकते हैं एक होता है ना
270153,92783,hi,42,471.36,485.79,14.43,/kaggle/working/Hindi-ASR-Whisper-Pipeline/artifacts/q1/preprocess/segments/270153_0042.wav,हाँ यह चीज आप कह सकते हो कि फ्रेंड्स के साथ ज्यादा खुलकर हम लाइफ स्पेंड कर रहे होते हैं उस टाइम पर और अभी भी मेरा कोशिश तो रहता है कि खुलकर ही जिऊं जहां पर यह रहता है तो हम थोड़े से खुले मिजाज वाले लोग नहीं होते हैं वैसे कुछ फ्रेंड हैं हम
270153,92783,hi,43,487.26,488.79,1.53,/kaggle/working/Hindi-ASR-Whisper-Pipeline/artifacts/q1/preprocess/segments/270153_0043.wav,आज भी वैसा ही है
270153,92783,hi,44,499.74,510.03,10.29,/kaggle/working/Hindi-ASR-Whisper-Pipeline/artifacts/q1/preprocess/segments/270153_0044.wav,जी जी वैसे आपके फ्रेंड्स मैंने इसलिए कहा ज्यादा होंगे आप मतलब थोड़ा स्मार्ट ली बात करते हो जल्दी जल्दी या ऐसे लोगों के ज्यादा फ्रेंड्स होते हैं आपके अच्छे फ्रेड्स बन जाते होंगे
270153,92783,hi,45,517.47,526.44,8.97,/kaggle/working/Hindi-ASR-Whisper-Pipeline/artifacts/q1/preprocess/segments/270153_0045.wav,हम्म मैंने बताया ना थोड़ा साइकोलॉजी में भी जान जाता हूँ जी वही चीज़े है
270153,92783,hi,46,530.31,532.47,2.16,/kaggle/working/Hindi-ASR-Whisper-Pipeline/artifacts/q1/preprocess/segments/270153_0046.wav,REDACTED
270291,221790,hi,0,2.3,3.53,1.23,/kaggle/working/Hindi-ASR-Whisper-Pipeline/artifacts/q1/preprocess/segments/270291_0000.wav,मेरी आवाज आ रही आपको
270291,221790,hi,1,14.39,21.41,7.02,/kaggle/working/Hindi-ASR-Whisper-Pipeline/artifacts/q1/preprocess/segments/270291_0001.wav,हुम्म हम्म
270291,221790,hi,2,31.28,35.72,4.44,/kaggle/working/Hindi-ASR-Whisper-Pipeline/artifacts/q1/preprocess/segments/270291_0002.wav,घूमे कैम्पस
270291,221790,hi,3,40.94,44.42,3.48,/kaggle/working/Hindi-ASR-Whisper-Pipeline/artifacts/q1/preprocess/segments/270291_0003.wav,कैंपस घूमे फिर आप
270291,221790,hi,4,56.33,61.28,4.95,/kaggle/working/Hindi-ASR-Whisper-Pipeline/artifacts/q1/preprocess/segments/270291_0004.wav,REDACTED
270291,221790,hi,5,63.8,78.05,14.25,/kaggle/working/Hindi-ASR-Whisper-Pipeline/artifacts/q1/preprocess/segments/270291_0005.wav,एक बात कहूँ आपसे हा मेरी आवाज आ रही है आप लाइक ऐसे बात क्यों कर रही हो जैसे कोई पैराग्राफ पढ़ता है जैसे
270291,221790,hi,6,83.15,87.35,4.2,/kaggle/working/Hindi-ASR-Whisper-Pipeline/artifacts/q1/preprocess/segments/270291_0006.wav,आप नॉर्मली ऐसे बात करो ना जैसे हम बात करते हैं कॉल पे
270291,221790,hi,7,89.75,90.89,1.14,/kaggle/working/Hindi-ASR-Whisper-Pipeline/artifacts/q1/preprocess/segments/270291_0007.wav,आपका
270291,221790,hi,8,92.93,106.64,13.71,/kaggle/working/Hindi-ASR-Whisper-Pipeline/artifacts/q1/preprocess/segments/270291_0008.wav,जी जी कोई बोल ही नही रहा था उसके अंदर अच्छा आपका मतलब सेकंड कॉल है पूरा अभी ज अभी जॉइन करा आपने है ना सेवेंथ कॉल है अच्छा सेवेंथ
270291,221790,hi,9,106.88,120.38,13.5,/kaggle/working/Hindi-ASR-Whisper-Pipeline/artifacts/q1/preprocess/segments/270291_0009.wav,ओके देटस ग्रेट अ. बट मैं ये कहना चाहूंगा कि आप न अगर ऐसे करोगे न तो वो सामने वाला न यह कहेगा न अरे ये तो पैराग्राफ से सुना के एकदम से फिर वो बोर सा हो जाता है इंसान सामने वाला अगर
270291,221790,hi,10,120.56,132.83,12.27,/kaggle/working/Hindi-ASR-Whisper-Pipeline/artifacts/q1/preprocess/segments/270291_0010.wav,टू वे कन्वर्सेशन नहीं होती ना इन्सान की अगर हम दोनों लेकिन दूसरे से बात ना करें मैं आपसे पूछूँ और तुम्हारा के पहला कैसा दिन था ये वो तुम बताओ यार बहुत अच्छा लगा उसमें ना थोड़ा सा फील होना चाहिए बातों में
270291,221790,hi,11,135.95,150.05,14.1,/kaggle/working/Hindi-ASR-Whisper-Pipeline/artifacts/q1/preprocess/segments/270291_0011.wav,नहीं नही नही मैं आपको नही जानता ना आप मुझ जानती ना हम जान सकते हैं इस कॉल पर नाम तक नहीं बता सकते हैं लेकिन यह है कि एक एजा फ्रेंड हम लोग बात कर सकते हैं एक दूसरे को जान सकते हैं बस ऐसा नॉर्मल सिर्फ इस कॉल तक के लिए
270291,221790,hi,12,150.23,165.08,14.85,/kaggle/working/Hindi-ASR-Whisper-Pipeline/artifacts/q1/preprocess/segments/270291_0012.wav,उसके बाद मैं भी नहीं जानता आपको आप भी नहीं जानती मुझे आप कह रहती हो मैं नहीं जान सकता मैं कह रहता हूं आप नहीं जान सकती तो इसी कॉल पर जो दस पंद्रा मिनट बीस मिनट मैक्स बीच मिनट का कॉल है ज़्यादा से ज्यादा तो क्यों न इस कॉल पर अच्छे से बात करे बिल्कुल
270291,221790,hi,13,165.26,167.0,1.74,/kaggle/working/Hindi-ASR-Whisper-Pipeline/artifacts/q1/preprocess/segments/270291_0013.wav,लाइक एज अ फ्रेंड बिल्कुल है ना
270291,221790,hi,14,169.37,176.81,7.44,/kaggle/working/Hindi-ASR-Whisper-Pipeline/artifacts/q1/preprocess/segments/270291_0014.wav,तो मैं बताऊं मेरा पहला दिन कैसा था हम मतलब बहुत ज्यादा एक्साइटेड थे हम लोग कॉलेज के लिए
270291,221790,hi,15,179.99,187.82,7.83,/kaggle/working/Hindi-ASR-Whisper-Pipeline/artifacts/q1/preprocess/segments/270291_0015.wav,हम लोग अ वहा अच्छा मतलब फर्स्ट डे तो होता है सब एक्साइटेड ही होता है इंसान फर्स्ट डे तो
270291,221790,hi,16,191.33,194.75,3.42,/kaggle/working/Hindi-ASR-Whisper-Pipeline/artifacts/q1/preprocess/segments/270291_0016.wav,घबराहट भी होती है हाँ हाँ हां
270291,221790,hi,17,197.15,201.92,4.77,/kaggle/working/Hindi-ASR-Whisper-Pipeline/artifacts/q1/preprocess/segments/270291_0017.wav,तो आप मुझे बताओ आपका फर्स्ट डे कैसा था पहले आप बताओ
270291,221790,hi,19,209.81,221.78,11.97,/kaggle/working/Hindi-ASR-Whisper-Pipeline/artifacts/q1/preprocess/segments/270291_0019.wav,तो हमारा तो ये था बस कि अपना इंजॉय करा फर्स्ट डे गए रैगिंग वेगिंग होती थी लेकिन अपने दोस्त यार थे सारे सीनियर्स में भी हैलो आवाज आ रही है
270291,221790,hi,20,223.28,234.11,10.83,/kaggle/working/Hindi-ASR-Whisper-Pipeline/artifacts/q1/preprocess/segments/270291_0020.wav,हा तो सीनियर्स हमारे साथ फ्रेंड्स ही थे मैक्स टू मैक्स तो इसलिए हमें ज्यादा न रैगिंग की दिक्कत न कुछ और जो दोस्त वगैरह थे हमारे फिर दोस्त वगैरह बन गए
270291,221790,hi,21,236.45,242.24,5.79,/kaggle/working/Hindi-ASR-Whisper-Pipeline/artifacts/q1/preprocess/segments/270291_0021.wav,अच्छा अच्छा अच्छा
270291,221790,hi,22,248.36,249.68,1.32,/kaggle/working/Hindi-ASR-Whisper-Pipeline/artifacts/q1/preprocess/segments/270291_0022.wav,और
270291,221790,hi,23,252.83,258.83,6.0,/kaggle/working/Hindi-ASR-Whisper-Pipeline/artifacts/q1/preprocess/segments/270291_0023.wav,तो डांस वांस किया होगा तुमने तो कैसा डांस करती हो डांस कैसे करती हो
270291,221790,hi,24,261.98,274.82,12.84,/kaggle/working/Hindi-ASR-Whisper-Pipeline/artifacts/q1/preprocess/segments/270291_0024.wav,अच्छा अच्छा अच्छा हाँ अक्सर लड़कियां वैसे पेंटिंग वेंटिंग में ज्यादा रहती हैं तुमने सात कोल ऐसे ही दिए हैं अपने सारे ऐसे ही
270291,221790,hi,25,275.27,280.97,5.7,/kaggle/working/Hindi-ASR-Whisper-Pipeline/artifacts/q1/preprocess/segments/270291_0025.wav,तुम्हारे जो सेवंत कॉल है सारे कॉल इसे ही रहे हैं तुम्हारे न
270291,221790,hi,27,289.13,296.72,7.59,/kaggle/working/Hindi-ASR-Whisper-Pipeline/artifacts/q1/preprocess/segments/270291_0027.wav,यार ये तो बहुत दुख की बात है यार लेकिन ऐसा होना नहीं चाहिए शायद है ना
270291,221790,hi,28,298.97,313.55,14.58,/kaggle/working/Hindi-ASR-Whisper-Pipeline/artifacts/q1/preprocess/segments/270291_0028.wav,नहीं देखो मेरा क्या है मैं भई बहुत ज्यादा क्लोज हूं मतलब बहुत ज्यादा ओपन माइंडेड हूं मैं ना किसी से वो नहीं करता कि फर्स्ट टाइम बात कर रहा हूं मतलब
270291,221790,hi,29,313.55,327.86,14.31,/kaggle/working/Hindi-ASR-Whisper-Pipeline/artifacts/q1/preprocess/segments/270291_0029.wav,ऐसा कर के कुछ आप देखो मैं आपको नहीं जानता आप मुझे नहीं जानते मैं झूठ भी बोल सकता हूँ कोई दिक्कत नहीं है लेकिन यह है कि अपना एज ए फ्रेंड बिल्कुल खुल के बात करो अगर कोई बुराईयां भी है वो भी बता दो अपनी क्या ही कर लेगा कोई इंसान गर्लफ्रेंड तो हो नहीं तुम मेरी
270291,221790,hi,30,328.25,340.79,12.54,/kaggle/working/Hindi-ASR-Whisper-Pipeline/artifacts/q1/preprocess/segments/270291_0030.wav,है कि नहीं वैसे मैरिड हो आप अन्मैरिड मैरिड हो आप चलो बढ़िया अच्छी बात है ओं
270291,221790,hi,31,342.05,352.22,10.17,/kaggle/working/Hindi-ASR-Whisper-Pipeline/artifacts/q1/preprocess/segments/270291_0031.wav,REDACTED
270291,221790,hi,32,360.98,372.47,11.49,/kaggle/working/Hindi-ASR-Whisper-Pipeline/artifacts/q1/preprocess/segments/270291_0032.wav,REDACTED
270291,221790,hi,33,384.74,389.54,4.8,/kaggle/working/Hindi-ASR-Whisper-Pipeline/artifacts/q1/preprocess/segments/270291_0033.wav,हेलो हां आवाज आ रही है
270291,221790,hi,34,393.26,407.15,13.89,/kaggle/working/Hindi-ASR-Whisper-Pipeline/artifacts/q1/preprocess/segments/270291_0034.wav,हां तो हमारा तो बस यहीं था यार अपना लिया मतलब कॉलेज में बस चल रही लाइफ थी ऐसा कुछ भी नहीं है कोई नया कुछ खास नहीं था वैसे पता नहीं क्यों आई डोंट नो
270291,221790,hi,35,408.41,415.73,7.32,/kaggle/working/Hindi-ASR-Whisper-Pipeline/artifacts/q1/preprocess/segments/270291_0035.wav,बट ऐसा लग रहा है हमें कनेक्ट होना चाहिए शायद पर्सनल डिटेल्स देकर अपनी कर सकते हैं नहीं होना चाहिए न
270291,221790,hi,36,417.83,430.46,12.63,/kaggle/working/Hindi-ASR-Whisper-Pipeline/artifacts/q1/preprocess/segments/270291_0036.wav,हा तुम्हारा पहला कॉल है यार अच्छा नहीं लगेगा जो कन्वरसेशन हुई है सही से अच्छे से चलो कोई नहीं होता है बहुत सारी चीज़ें लाइफ में नहीं सीखता है इनसान और फिर भाई
270291,221790,hi,37,430.85,434.27,3.42,/kaggle/working/Hindi-ASR-Whisper-Pipeline/artifacts/q1/preprocess/segments/270291_0037.wav,अच्छा नहीं लगता ऐसे आप मैरिड हो और मै अनमैरिड तो दैट इज व्हाई.
270291,221790,hi,38,437.09,451.79,14.7,/kaggle/working/Hindi-ASR-Whisper-Pipeline/artifacts/q1/preprocess/segments/270291_0038.wav,हां और बताओ घर पे सब ठीक है घर पे सब ठीक है बढ़िया एकदम फर्स्ट क्लास हेलो खुशी रहो अच्छा है बढ़िया है कैसी होती है मैरिज लाइफ ज़्यादा अच्छी होती है अनमैरिज लाइफ ज़्यादा अच्छी होती है
270291,221790,hi,39,451.85,459.11,7.26,/kaggle/working/Hindi-ASR-Whisper-Pipeline/artifacts/q1/preprocess/segments/270291_0039.wav,क्यू यार मैं तो शादी कर रहा मैं तो मैं तो मैं तो घरवालों से ज़िद कर रहा हूँ मेरी शादी करा दो
270291,221790,hi,40,471.74,483.35,11.61,/kaggle/working/Hindi-ASR-Whisper-Pipeline/artifacts/q1/preprocess/segments/270291_0040.wav,REDACTED
270296,213949,hi,0,0.17,14.51,14.34,/kaggle/working/Hindi-ASR-Whisper-Pipeline/artifacts/q1/preprocess/segments/270296_0000.wav,REDACTED
270296,213949,hi,1,14.57,28.85,14.28,/kaggle/working/Hindi-ASR-Whisper-Pipeline/artifacts/q1/preprocess/segments/270296_0001.wav,एंजॉय करा एक्सप्लोर करा मतलब कॉलेज में क्या क्या है उसके बारे में जानना कहाँ पर क्या है टीचर्स से मिला टीचर से मिलने के बाद अपने कैंपस
270296,213949,hi,2,29.66,33.44,3.78,/kaggle/working/Hindi-ASR-Whisper-Pipeline/artifacts/q1/preprocess/segments/270296_0002.wav,टीचर से मिलने के बाद आपने
270296,213949,hi,3,43.04,57.53,14.49,/kaggle/working/Hindi-ASR-Whisper-Pipeline/artifacts/q1/preprocess/segments/270296_0003.wav,हां कैम्पस घूमने के बाद मैं अपने दोस्तों से मतलब कॉलेज में नए- नए दोस्तों से मिलना स्टार्ट किया कि कैसा है दोस्त बनाए क्लब और इवेंट पे हिस्सा लेना स्टार्ट कर दिया हमारे कॉलेज में
270296,213949,hi,4,57.53,64.34,6.81,/kaggle/working/Hindi-ASR-Whisper-Pipeline/artifacts/q1/preprocess/segments/270296_0004.wav,आ डांस का क्लब था इवेंट में हिस्सा लेना स्टार्ट किया
270296,213949,hi,5,66.65,74.24,7.59,/kaggle/working/Hindi-ASR-Whisper-Pipeline/artifacts/q1/preprocess/segments/270296_0005.wav,हँलो हाँ जी
270296,213949,hi,6,81.11,84.8,3.69,/kaggle/working/Hindi-ASR-Whisper-Pipeline/artifacts/q1/preprocess/segments/270296_0006.wav,जी तो सर कैसे करना है
270296,213949,hi,7,88.07,94.04,5.97,/kaggle/working/Hindi-ASR-Whisper-Pipeline/artifacts/q1/preprocess/segments/270296_0007.wav,सर इससे पहले जो मैंने विजिट की मतलब कॉल अटेंड की इसमें कोई नहीं बोल रहा था
270296,213949,hi,9,101.15,103.01,1.86,/kaggle/working/Hindi-ASR-Whisper-Pipeline/artifacts/q1/preprocess/segments/270296_0009.wav,नहीं मेरी सेवन कॉल है ये
270296,213949,hi,12,131.66,135.23,3.57,/kaggle/working/Hindi-ASR-Whisper-Pipeline/artifacts/q1/preprocess/segments/270296_0012.wav,सर इसलिए पहले मेरे साथ कोई मतलब टॉक नही कर रहा था
270296,213949,hi,13,139.25,143.84,4.59,/kaggle/working/Hindi-ASR-Whisper-Pipeline/artifacts/q1/preprocess/segments/270296_0013.wav,जी जी . जी जी .हाँजी हाँजी
270296,213949,hi,14,150.59,153.41,2.82,/kaggle/working/Hindi-ASR-Whisper-Pipeline/artifacts/q1/preprocess/segments/270296_0014.wav,हांजी
270296,213949,hi,19,176.21,178.25,2.04,/kaggle/working/Hindi-ASR-Whisper-Pipeline/artifacts/q1/preprocess/segments/270296_0019.wav,हाँ जी
270296,213949,hi,20,188.24,195.05,6.81,/kaggle/working/Hindi-ASR-Whisper-Pipeline/artifacts/q1/preprocess/segments/270296_0020.wav,जी फर्स्टली सब एक्ससिटेड होते हैं मतलब थोड़ी घबराहट भी होती है क्या है क्या है न्यू हाँ जी
270296,213949,hi,21,198.29,205.19,6.9,/kaggle/working/Hindi-ASR-Whisper-Pipeline/artifacts/q1/preprocess/segments/270296_0021.wav,टाईम स्कोर कैम्पस को घूमने के लिए भी मतलब एक्सप्लोर करने के लिए भी उम्म वो ए तब इंटरेस्टेड होते हैं कि कैसी क्या है
270296,213949,hi,22,221.3,223.07,1.77,/kaggle/working/Hindi-ASR-Whisper-Pipeline/artifacts/q1/preprocess/segments/270296_0022.wav,हैलो हां जी
270296,213949,hi,23,232.1,238.46,6.36,/kaggle/working/Hindi-ASR-Whisper-Pipeline/artifacts/q1/preprocess/segments/270296_0023.wav,नहीं नहीं हमारे कैंपस में रैगिंग नहीं थी रेगिंग वगैरा कुछ भी नहीं थी हांजी
270296,213949,hi,24,244.58,256.85,12.27,/kaggle/working/Hindi-ASR-Whisper-Pipeline/artifacts/q1/preprocess/segments/270296_0024.wav,क्लब और इन में हिस्सा लिया उसमें न्यू न्यू क्लब थे जैसे डांसिंग क्लब हो गया पेंटिंग क्लब हो गया प्लांटेशन क्लब हो गया
270296,213949,hi,25,259.4,270.71,11.31,/kaggle/working/Hindi-ASR-Whisper-Pipeline/artifacts/q1/preprocess/segments/270296_0025.wav,मैंने डांस क्लब ज्वाइन नहीं किया था सर हां जी हां जी पेंटिंग क्लब यूज किया था वो ज्वाइन किया था हां जी
270296,213949,hi,28,279.62,285.23,5.61,/kaggle/working/Hindi-ASR-Whisper-Pipeline/artifacts/q1/preprocess/segments/270296_0028.wav,हाँ जी कोई मेरे साथ कोई बात नहीं कर रहा था ये फर्स्ट टाइम की जो मेरे साथ कन्वर्सेशन हो रही है
270296,213949,hi,33,325.49,336.59,11.1,/kaggle/working/Hindi-ASR-Whisper-Pipeline/artifacts/q1/preprocess/segments/270296_0033.wav,हा जी नहीं नहीं नहीं मेरी लोग हैं जी मैरिड हूं हा जी
270296,213949,hi,34,383.42,393.38,9.96,/kaggle/working/Hindi-ASR-Whisper-Pipeline/artifacts/q1/preprocess/segments/270296_0034.wav,हांजी
270296,213949,hi,36,413.03,416.63,3.6,/kaggle/working/Hindi-ASR-Whisper-Pipeline/artifacts/q1/preprocess/segments/270296_0036.wav,नहीं नहीं सर पर नो
270296,213949,hi,39,440.42,447.56,7.14,/kaggle/working/Hindi-ASR-Whisper-Pipeline/artifacts/q1/preprocess/segments/270296_0039.wav,क्या हां जी हां जी सब बढ़िया
270296,213949,hi,40,450.53,456.98,6.45,/kaggle/working/Hindi-ASR-Whisper-Pipeline/artifacts/q1/preprocess/segments/270296_0040.wav,अनमैरिज्ड लाइफ ज़्यादा अच्छी होती है हां रिस्पांसिबिलिटी नहीं होती
270296,213949,hi,41,459.38,472.19,12.81,/kaggle/working/Hindi-ASR-Whisper-Pipeline/artifacts/q1/preprocess/segments/270296_0041.wav,वो तो सबकी मतलब एक दिन होनी है मतलब अनमैरिड ज्यादा लाइफ अच्छी होती है कि कोई रिस्पॉन्सिबल टाइम रिस्पोंस नहीं होती कुछ भी नहीं होता अपनी लाइफ अपनी तरीके से एंजॉय करो
270296,213949,hi,42,474.23,479.51,5.28,/kaggle/working/Hindi-ASR-Whisper-Pipeline/artifacts/q1/preprocess/segments/270296_0042.wav,हां खाओ खाओ
272241,181294,hi,0,1.41,9.03,7.62,/kaggle/working/Hindi-ASR-Whisper-Pipeline/artifacts/q1/preprocess/segments/272241_0000.wav,हा मैं पढ़ा हूं स्वामी विवेकानंद जी के किताबें हैं जीवन परिचय है उनका
272241,181294,hi,2,15.12,17.82,2.7,/kaggle/working/Hindi-ASR-Whisper-Pipeline/artifacts/q1/preprocess/segments/272241_0002.wav,वो काफी इफेक्टिव थी मेरी लाइफ के लिए
272241,181294,hi,4,22.41,29.43,7.02,/kaggle/working/Hindi-ASR-Whisper-Pipeline/artifacts/q1/preprocess/segments/272241_0004.wav,आ आज आज जैसा अमरीकन की किताबे हो गई जवाहर लाल नेहरू किताबें विंग्स ओफ फायर अब्दूल कलाम की किताबें
272241,181294,hi,5,43.44,45.54,2.1,/kaggle/working/Hindi-ASR-Whisper-Pipeline/artifacts/q1/preprocess/segments/272241_0005.wav,हां
272241,181294,hi,6,52.26,55.92,3.66,/kaggle/working/Hindi-ASR-Whisper-Pipeline/artifacts/q1/preprocess/segments/272241_0006.wav,हां हम जैसे विंग्स ऑफ फायर हो गए स्वामी विवेकानंद की किताबे
272241,181294,hi,7,59.34,60.48,1.14,/kaggle/working/Hindi-ASR-Whisper-Pipeline/artifacts/q1/preprocess/segments/272241_0007.wav,कौन सी कौन सी
272241,181294,hi,9,71.01,82.26,11.25,/kaggle/working/Hindi-ASR-Whisper-Pipeline/artifacts/q1/preprocess/segments/272241_0009.wav,हाँ स्वामी विवेकानंद जी के एक बात थी कि अपने जब तक लक्ष्य प्राप्त न हो जाए तब तक आगे बढ़ते रहिए वाली बात मुझे काफी बहुत पसंद आई
272241,181294,hi,10,86.19,89.79,3.6,/kaggle/working/Hindi-ASR-Whisper-Pipeline/artifacts/q1/preprocess/segments/272241_0010.wav,हा अ
272241,181294,hi,11,91.95,95.04,3.09,/kaggle/working/Hindi-ASR-Whisper-Pipeline/artifacts/q1/preprocess/segments/272241_0011.wav,और आपको कौन सी बातें अच्छी लगी है और बुक्स
272241,181294,hi,13,108.39,110.31,1.92,/kaggle/working/Hindi-ASR-Whisper-Pipeline/artifacts/q1/preprocess/segments/272241_0013.wav,अच्छा हां हां ठीक है
272241,181294,hi,14,126.33,133.02,6.69,/kaggle/working/Hindi-ASR-Whisper-Pipeline/artifacts/q1/preprocess/segments/272241_0014.wav,ओके आ या यानी की
272241,181294,hi,15,135.72,141.3,5.58,/kaggle/working/Hindi-ASR-Whisper-Pipeline/artifacts/q1/preprocess/segments/272241_0015.wav,जो भगवत गीता में भी लिखा है वस्तु काम का क्रोध बन जाती है करके
272241,181294,hi,16,144.0,148.08,4.08,/kaggle/working/Hindi-ASR-Whisper-Pipeline/artifacts/q1/preprocess/segments/272241_0016.wav,काम काम इन दा सेंस मोह डिजायर
272241,181294,hi,17,159.24,168.45,9.21,/kaggle/working/Hindi-ASR-Whisper-Pipeline/artifacts/q1/preprocess/segments/272241_0017.wav,हां अच्छा और
272241,181294,hi,19,177.96,192.78,14.82,/kaggle/working/Hindi-ASR-Whisper-Pipeline/artifacts/q1/preprocess/segments/272241_0019.wav,किताबे पढ़कर जीवन से सबक सीखना मैं एं एक किताब का नाम तो याद नहीं आ रहा लेकिन अचार्य चाणक्य का एक किताब मिला था जिसमें कुछ लाइने लिखी थी यानी उनका जो
272241,181294,hi,20,192.93,198.0,5.07,/kaggle/working/Hindi-ASR-Whisper-Pipeline/artifacts/q1/preprocess/segments/272241_0020.wav,थॉट्स है उनके बारे में लिखा था एक एक लाइन में अब मेरे को उतना याद नहीं आ रहा है
272241,181294,hi,21,201.03,203.67,2.64,/kaggle/working/Hindi-ASR-Whisper-Pipeline/artifacts/q1/preprocess/segments/272241_0021.wav,लेकिन मैं आचार्य चाणक्य से काफी प्रभावित रहता हूँ
272241,181294,hi,24,226.41,238.08,11.67,/kaggle/working/Hindi-ASR-Whisper-Pipeline/artifacts/q1/preprocess/segments/272241_0024.wav,काफी अच्छी लाइने लिखी थी लेकिन लाइने याद नहीं आ रही है मेरे को अभी लेकिन देखेंगे
272241,181294,hi,25,240.21,252.06,11.85,/kaggle/working/Hindi-ASR-Whisper-Pipeline/artifacts/q1/preprocess/segments/272241_0025.wav,प्रेणा दाया किताब वो ही एक ही बताया था स्वामी विवेकानंद काफी क्योंकि मैं इसी स्कूल में पढ़कर निकला हूं तो उनकी किताबें मैंने ज्यादा तक तर पढ़ी है स्वामी विवेकानंद की
272241,181294,hi,26,255.45,260.7,5.25,/kaggle/working/Hindi-ASR-Whisper-Pipeline/artifacts/q1/preprocess/segments/272241_0026.wav,द योगी एक
272241,181294,hi,28,267.87,274.83,6.96,/kaggle/working/Hindi-ASR-Whisper-Pipeline/artifacts/q1/preprocess/segments/272241_0028.wav,हां ठीक है मैंने सिर्फ़ पत उसकी पढ़ी थी दाव हां बोलिए
272241,181294,hi,30,280.41,287.4,6.99,/kaggle/working/Hindi-ASR-Whisper-Pipeline/artifacts/q1/preprocess/segments/272241_0030.wav,हैलो हा द सीक्रेट हा आपने बताया
272241,181294,hi,31,295.86,309.48,13.62,/kaggle/working/Hindi-ASR-Whisper-Pipeline/artifacts/q1/preprocess/segments/272241_0031.wav,दाल का मिस्त्र शायद इ इसके ऊपर एक एनीमें भी बना है अच्छा ओ नई ऑफिस
272241,181294,hi,32,313.02,315.63,2.61,/kaggle/working/Hindi-ASR-Whisper-Pipeline/artifacts/q1/preprocess/segments/272241_0032.wav,REDACTED
272241,181294,hi,34,331.32,337.62,6.3,/kaggle/working/Hindi-ASR-Whisper-Pipeline/artifacts/q1/preprocess/segments/272241_0034.wav,हाम
272241,181294,hi,35,341.55,354.48,12.93,/kaggle/working/Hindi-ASR-Whisper-Pipeline/artifacts/q1/preprocess/segments/272241_0035.wav,हां आपने आ चार बाग की कोई किताबें पढ़ी है चार वाक दर्शन के बारे में पढ़ा होगा कही
272241,181294,hi,36,356.88,358.83,1.95,/kaggle/working/Hindi-ASR-Whisper-Pipeline/artifacts/q1/preprocess/segments/272241_0036.wav,हलो
272241,181294,hi,37,368.67,370.05,1.38,/kaggle/working/Hindi-ASR-Whisper-Pipeline/artifacts/q1/preprocess/segments/272241_0037.wav,हाँ
272241,181294,hi,38,379.44,382.2,2.76,/kaggle/working/Hindi-ASR-Whisper-Pipeline/artifacts/q1/preprocess/segments/272241_0038.wav,अच्छा ठीक है
272241,181294,hi,40,390.0,391.14,1.14,/kaggle/working/Hindi-ASR-Whisper-Pipeline/artifacts/q1/preprocess/segments/272241_0040.wav,हाँ
272241,181294,hi,42,409.71,413.37,3.66,/kaggle/working/Hindi-ASR-Whisper-Pipeline/artifacts/q1/preprocess/segments/272241_0042.wav,अच्छा डायरी का मिस्ट एक बार मैं ट्राइ करूंगा कोशिश करने की
272241,181294,hi,43,417.93,424.56,6.63,/kaggle/working/Hindi-ASR-Whisper-Pipeline/artifacts/q1/preprocess/segments/272241_0043.wav,आपने अब्दूल कलाम की जीवन परिचय पढ़ा है दा विंग्स आफ फायर के बारे में
272241,181294,hi,44,439.8,446.94,7.14,/kaggle/working/Hindi-ASR-Whisper-Pipeline/artifacts/q1/preprocess/segments/272241_0044.wav,लिखने के तरीके अब मैं अ याने की
272241,181294,hi,45,449.22,455.1,5.88,/kaggle/working/Hindi-ASR-Whisper-Pipeline/artifacts/q1/preprocess/segments/272241_0045.wav,एक जै मै थोड़ा हिंदी के बारे मे बता सकता हू कि हिंदी मे पढ़ी मैंने एक किताब आह
272241,181294,hi,46,464.04,474.6,10.56,/kaggle/working/Hindi-ASR-Whisper-Pipeline/artifacts/q1/preprocess/segments/272241_0046.wav,हाँ एक छायावादी कवि थे ना जयशंकर करके हाँ आपने पढ़ी होगी हां जयशंकर प्रसाद छायावादी थे
272241,181294,hi,47,480.18,481.71,1.53,/kaggle/working/Hindi-ASR-Whisper-Pipeline/artifacts/q1/preprocess/segments/272241_0047.wav,हाँ कुछ
272241,181294,hi,48,485.01,497.04,12.03,/kaggle/working/Hindi-ASR-Whisper-Pipeline/artifacts/q1/preprocess/segments/272241_0048.wav,उनकी शैली छायावादी यानि की तुलनात्मक शैली है उनकी तो तुलना करके ही यानि प्रकृति से तुलना करते हैं यानि किसी औरत की या फिर किसी पुरुष की
272241,181294,hi,50,520.62,525.33,4.71,/kaggle/working/Hindi-ASR-Whisper-Pipeline/artifacts/q1/preprocess/segments/272241_0050.wav,ह
272241,181294,hi,51,534.42,538.53,4.11,/kaggle/working/Hindi-ASR-Whisper-Pipeline/artifacts/q1/preprocess/segments/272241_0051.wav,हाँ मैं काफी पुरा
272241,181294,hi,52,543.33,547.26,3.93,/kaggle/working/Hindi-ASR-Whisper-Pipeline/artifacts/q1/preprocess/segments/272241_0052.wav,काफी टाइम हो गया था जयशंकर प्रसाद के बारे में सुनने हुए हो
272241,181294,hi,53,561.33,565.56,4.23,/kaggle/working/Hindi-ASR-Whisper-Pipeline/artifacts/q1/preprocess/segments/272241_0053.wav,ग्रीस कार्नर नही नही नही अभी इनके बारे में पढ़ा नही
272241,181294,hi,55,574.62,580.56,5.94,/kaggle/working/Hindi-ASR-Whisper-Pipeline/artifacts/q1/preprocess/segments/272241_0055.wav,हां नहीं अभी नहीं सुना उनके बारे में आप बत बता बसा
272241,181294,hi,56,617.49,625.23,7.74,/kaggle/working/Hindi-ASR-Whisper-Pipeline/artifacts/q1/preprocess/segments/272241_0056.wav,तुगलक के बारे में तुगलक के बारे में पढ़ा है लेकिन नाटक के बारे में नहीं सुना है
272241,181294,hi,57,659.19,665.4,6.21,/kaggle/working/Hindi-ASR-Whisper-Pipeline/artifacts/q1/preprocess/segments/272241_0057.wav,हम ठीक है आपके कुछ ऐसे अनुभव हैं जिनसे आप इन किताबों के विचारों को जोड़ना चाहेंगे
272241,181294,hi,59,687.84,692.64,4.8,/kaggle/working/Hindi-ASR-Whisper-Pipeline/artifacts/q1/preprocess/segments/272241_0059.wav,हम्म एनी आपके
272241,181294,hi,60,695.4,708.96,13.56,/kaggle/working/Hindi-ASR-Whisper-Pipeline/artifacts/q1/preprocess/segments/272241_0060.wav,यानी की मैं आपको एक अनुभव बताता हूँ अपना मेरा पर्सनल अनुभव की क्या हुआ था मैं जब
272241,181294,hi,61,709.77,723.9,14.13,/kaggle/working/Hindi-ASR-Whisper-Pipeline/artifacts/q1/preprocess/segments/272241_0061.wav,हा टेंथ क्लास पे था तो मेरे को इंग्लिस मे ना एट्टी प्लस नंबर लाने थे हम्म मै इंग्लिस मे थोड़ा कमजोर था मेरे आते थे करीब सिक्सटी के आसपास
272241,181294,hi,62,725.28,737.82,12.54,/kaggle/working/Hindi-ASR-Whisper-Pipeline/artifacts/q1/preprocess/segments/272241_0062.wav,तो मैंने स्वामी विवेकानंद की किताबें पढ़ी थी उस वक्त मेरे अंदर काफी ज्यादा वो आ गिया था क्या बोलते हैं एक एनर्जी उस किताब को पढ़कर करीब
272241,181294,hi,63,738.09,748.32,10.23,/kaggle/working/Hindi-ASR-Whisper-Pipeline/artifacts/q1/preprocess/segments/272241_0063.wav,दस दिन तक वो किताब पढ़ने के बाद ना मेरे अंदर काफी एनर्जी आगी हर दिन पढ़ता था उस किताब में हर दिन एक एनर् अलग सी उर्जा आ जाती थी मेरे अंदर तो मेरे को ना
272241,181294,hi,64,750.69,763.05,12.36,/kaggle/working/Hindi-ASR-Whisper-Pipeline/artifacts/q1/preprocess/segments/272241_0064.wav,हां उनके विचार काफी ताकतवर थे तो मैंने पढ़ते पढ़ते इंग्लिस को अच्छे से पढ़ा और मेरे सच में आ गए एट्टी प्लस नंबर
272241,181294,hi,67,774.24,780.0,5.76,/kaggle/working/Hindi-ASR-Whisper-Pipeline/artifacts/q1/preprocess/segments/272241_0067.wav,हां मैंने उनकी काफी किताबे पढ़ी है उनका बचपन का नाम भी पता है मेरे को जैसे नरेंन था
272241,181294,hi,68,793.02,805.92,12.9,/kaggle/working/Hindi-ASR-Whisper-Pipeline/artifacts/q1/preprocess/segments/272241_0068.wav,में आचार्य चाणक्य के बारे में और ज्यादा जानना चाहूंगा क्योंकि उनकी कूटनीति उनके प्लान्स जो सोचते थे उनके बारे में जानना हो
272241,181294,hi,69,806.07,812.07,6.0,/kaggle/working/Hindi-ASR-Whisper-Pipeline/artifacts/q1/preprocess/segments/272241_0069.wav,थोड़ा पसंद है आपको किस तरह की क्या बोलते है विचार दायक प्रेरणा या फिर कोई रोल मॉडल होंगे
272241,181294,hi,72,836.49,844.35,7.86,/kaggle/working/Hindi-ASR-Whisper-Pipeline/artifacts/q1/preprocess/segments/272241_0072.wav,सर्विसर नहीं शायद नहीं मैं उनके बारे पर पढ़ा नहीं यानि कि मैं थोड़ा मीडियम रह चुका हूं उतना नहीं पढ़ा हूं
272241,181294,hi,74,883.65,888.54,4.89,/kaggle/working/Hindi-ASR-Whisper-Pipeline/artifacts/q1/preprocess/segments/272241_0074.wav,आह नहीं काफी अच्छे कवि हैं लगता है
272241,181294,hi,75,901.62,908.49,6.87,/kaggle/working/Hindi-ASR-Whisper-Pipeline/artifacts/q1/preprocess/segments/272241_0075.wav,हूं आप दार्शनिक लेखक के बारे में थोड़ा बहुत पता है आप
272241,181294,hi,76,916.47,930.84,14.37,/kaggle/working/Hindi-ASR-Whisper-Pipeline/artifacts/q1/preprocess/segments/272241_0076.wav,मैं मैं एक जानता चारवाक इसमें द हमारी भारतीय दर्शन में देखा जाए तो एक अपने स्वामी विवेकानंद हो गए अपने ये हो गए अपना क्या बोलते हैं ये आचार्य चाणक्य हो गए
272241,181294,hi,77,931.29,943.74,12.45,/kaggle/working/Hindi-ASR-Whisper-Pipeline/artifacts/q1/preprocess/segments/272241_0077.wav,और दयानंद सरस्वती जी हो गए और पंडित सुंदरलाल शर्मा भी एक थे महात्मा गांधी भी उनमें से एक है
272241,181294,hi,79,953.1,959.85,6.75,/kaggle/working/Hindi-ASR-Whisper-Pipeline/artifacts/q1/preprocess/segments/272241_0079.wav,हां उम्म सुभाष चंद्रबोस जी
272241,181294,hi,80,966.12,978.09,11.97,/kaggle/working/Hindi-ASR-Whisper-Pipeline/artifacts/q1/preprocess/segments/272241_0080.wav,हां और आपको यानि कि आप आप किसी क्या बोलते हैं किसी से प्रेरणा लिए हैं इस तरह से
272241,181294,hi,81,979.29,993.39,14.1,/kaggle/working/Hindi-ASR-Whisper-Pipeline/artifacts/q1/preprocess/segments/272241_0081.wav,आप किसी से प्रेरणा लिए हैं कि अगर मुझे ये चीज अचीव करना है तो यानि कि आपको किसी चीज को अचीव करना था तो आप किसी बुक को पढ़ लिये तो आपके अंदर एक एनर्जी सा आ गया होगा इस टाइप का कभी हुआ है
272241,181294,hi,82,998.61,1013.25,14.64,/kaggle/working/Hindi-ASR-Whisper-Pipeline/artifacts/q1/preprocess/segments/272241_0082.wav,हु यानी वह उसे बुक में आपके जीवन में काफी प्रभाव डाला हु इसको हम 19 मिनट तक कर सकते हैं
272241,181294,hi,83,1019.67,1024.77,5.1,/kaggle/working/Hindi-ASR-Whisper-Pipeline/artifacts/q1/preprocess/segments/272241_0083.wav,नहीं फिर भी कर सकते हैं बात इसी इसी टॉपिक के बारे में और
272241,181294,hi,84,1031.01,1045.35,14.34,/kaggle/working/Hindi-ASR-Whisper-Pipeline/artifacts/q1/preprocess/segments/272241_0084.wav,अच्छा ठीक है यह आत्मसहायता के बारे में दिया गया है यानि कि कॉन्फिडेंस डाउन होने के बाद ऐसी को बूस
272241,181294,hi,85,1045.38,1047.54,2.16,/kaggle/working/Hindi-ASR-Whisper-Pipeline/artifacts/q1/preprocess/segments/272241_0085.wav,शक हैं जिससे कॉन्फिडेंस ऊपर लाया जा सके
272241,181294,hi,86,1049.88,1054.56,4.68,/kaggle/working/Hindi-ASR-Whisper-Pipeline/artifacts/q1/preprocess/segments/272241_0086.wav,हेलो
272241,181294,hi,87,1057.05,1059.57,2.52,/kaggle/working/Hindi-ASR-Whisper-Pipeline/artifacts/q1/preprocess/segments/272241_0087.wav,हेलो
272241,181294,hi,89,1066.74,1072.2,5.46,/kaggle/working/Hindi-ASR-Whisper-Pipeline/artifacts/q1/preprocess/segments/272241_0089.wav,आई आई क्या कोन क्या बोले
272241,181294,hi,90,1075.47,1081.71,6.24,/kaggle/working/Hindi-ASR-Whisper-Pipeline/artifacts/q1/preprocess/segments/272241_0090.wav,अच्छा आई_के_जी_ए आई कराए ओह
272241,181294,hi,91,1089.48,1091.76,2.28,/kaggle/working/Hindi-ASR-Whisper-Pipeline/artifacts/q1/preprocess/segments/272241_0091.wav,ओके
272241,181294,hi,92,1107.15,1109.31,2.16,/kaggle/working/Hindi-ASR-Whisper-Pipeline/artifacts/q1/preprocess/segments/272241_0092.wav,अच्छा इंप्रूवमेंट काफी अच्छी होती है इस्से
272241,181294,hi,93,1111.32,1116.48,5.16,/kaggle/working/Hindi-ASR-Whisper-Pipeline/artifacts/q1/preprocess/segments/272241_0093.wav,हम्म हाँ ठीक है
282447,18390,hi,0,8.4,13.77,5.37,/kaggle/working/Hindi-ASR-Whisper-Pipeline/artifacts/q1/preprocess/segments/282447_0000.wav,जी जी
282447,18390,hi,1,15.87,21.6,5.73,/kaggle/working/Hindi-ASR-Whisper-Pipeline/artifacts/q1/preprocess/segments/282447_0001.wav,जी
282447,18390,hi,2,24.72,26.82,2.1,/kaggle/working/Hindi-ASR-Whisper-Pipeline/artifacts/q1/preprocess/segments/282447_0002.wav,तो उसके ता हां जी
282447,18390,hi,3,28.89,43.65,14.76,/kaggle/working/Hindi-ASR-Whisper-Pipeline/artifacts/q1/preprocess/segments/282447_0003.wav,जी तो आप मतलब उन किताबों से आपको जो है मोटिवेशन मिलती है आपको लगता है कि उनका जो जीवन चरित्र है उनका जो आदर्श है
282447,18390,hi,4,43.74,50.01,6.27,/kaggle/working/Hindi-ASR-Whisper-Pipeline/artifacts/q1/preprocess/segments/282447_0004.wav,हां वो आप अपनी लाइफ में ला रहे हैं और आपका जीवन बदला है उससे चेंज हुआ है आपकी जीवन में बदलाव आया है
282447,18390,hi,5,54.09,67.74,13.65,/kaggle/working/Hindi-ASR-Whisper-Pipeline/artifacts/q1/preprocess/segments/282447_0005.wav,तो ऐसी कोई आदर्श अ जी तो ऐसी कोई बातें असरदार बातें लाइनों के बारे में आप बात करना चाहेंगे जिनसे आपको लगा हो की जो आपके मतलब दिल को छू गई है अपने या आपको
282447,18390,hi,6,67.74,71.64,3.9,/kaggle/working/Hindi-ASR-Whisper-Pipeline/artifacts/q1/preprocess/segments/282447_0006.wav,बहुत अच्छी लगी हैं जो आपने नोट कर लिया
282447,18390,hi,7,74.49,85.74,11.25,/kaggle/working/Hindi-ASR-Whisper-Pipeline/artifacts/q1/preprocess/segments/282447_0007.wav,जी जी जी
282447,18390,hi,8,88.02,91.95,3.93,/kaggle/working/Hindi-ASR-Whisper-Pipeline/artifacts/q1/preprocess/segments/282447_0008.wav,हा इसके अलावा कोई ऐसी लाइन जो आपने नोट की हो
282447,18390,hi,9,94.65,109.44,14.79,/kaggle/working/Hindi-ASR-Whisper-Pipeline/artifacts/q1/preprocess/segments/282447_0009.wav,हाँ मुझे एक किताब है कि काफी सारी किताबें है ऐसे तो एक द सीक्रेट एक किताब है हाँ द द सीक्रेट एक किताब हैँ द सीक्रेट
282447,18390,hi,10,110.19,125.01,14.82,/kaggle/working/Hindi-ASR-Whisper-Pipeline/artifacts/q1/preprocess/segments/282447_0010.wav,हा जीवन हां तो जीवन के रहस्य के बारे में उसमें बहुत सी बातें की गई है जैस आकर्षण का एक नियम है आकर्षण के नियम के बारे में उसके बारे में बहुत बातें की गई है तो उसका एक लाइन है उसकी बेसिक लाइन है जिसको करते हैं कि थॉट्स बिकम ऑब्जेक्ट्स
282447,18390,hi,11,125.34,128.88,3.54,/kaggle/working/Hindi-ASR-Whisper-Pipeline/artifacts/q1/preprocess/segments/282447_0011.wav,क्या आपके जो विचार है हाँ वही वस्तु बन जाते हैं
282447,18390,hi,12,131.04,135.27,4.23,/kaggle/working/Hindi-ASR-Whisper-Pipeline/artifacts/q1/preprocess/segments/282447_0012.wav,की मतलब आप जो सोच हा की आप जो मतलब आप जो सोचते हैं वही आपके जीवन में आ जाता हैं
282447,18390,hi,13,137.37,152.22,14.85,/kaggle/working/Hindi-ASR-Whisper-Pipeline/artifacts/q1/preprocess/segments/282447_0013.wav,बिल्कुल हां बिल्कुल तो वही है तो इस हा समझ समझ गया बिल्कुल
282447,18390,hi,14,152.22,164.16,11.94,/kaggle/working/Hindi-ASR-Whisper-Pipeline/artifacts/q1/preprocess/segments/282447_0014.wav,तो वही बातें हैं कि इसलिए बोलते हैं कि अच्छा सोचना चाहिए हमें तो एक वो लाइन बहुत अच्छी लगी मुझे कि आप जैसा सोचते हैं वैसा आपका जीवन होता है
282447,18390,hi,15,166.23,181.2,14.97,/kaggle/working/Hindi-ASR-Whisper-Pipeline/artifacts/q1/preprocess/segments/282447_0015.wav,इसके अलावा किताबों से आपने जो अच्छा किताबे पढ़के आपने जो जीवन से सबक सीखें हैं उनके बारे में आप चर्चा करना चाहेंगे
282447,18390,hi,16,181.41,193.05,11.64,/kaggle/working/Hindi-ASR-Whisper-Pipeline/artifacts/q1/preprocess/segments/282447_0016.wav,ऐसे लेसन जी
282447,18390,hi,17,195.87,210.51,14.64,/kaggle/working/Hindi-ASR-Whisper-Pipeline/artifacts/q1/preprocess/segments/282447_0017.wav,ज़ी ये तो हां तो आप मानते हैं कि उसमें कुछ ऐसी बातें थी उसमें कुछ ऐसा हिस्सा था जो अपने अपने
282447,18390,hi,18,210.54,219.6,9.06,/kaggle/working/Hindi-ASR-Whisper-Pipeline/artifacts/q1/preprocess/segments/282447_0018.wav,अपने जीवन से संबंधित जो अपने जीवन से जो है रिलेट करके वह सारी चीजें जो मतलब आपको जीवन का एक पार्ट मिला एक सबक मिला आपको जीवन का .
282447,18390,hi,19,221.64,228.09,6.45,/kaggle/working/Hindi-ASR-Whisper-Pipeline/artifacts/q1/preprocess/segments/282447_0019.wav,REDACTED
282447,18390,hi,20,230.46,241.65,11.19,/kaggle/working/Hindi-ASR-Whisper-Pipeline/artifacts/q1/preprocess/segments/282447_0020.wav,हां अच्छा चलिए अ इस बारे में बात कर ले पसंदीदा आपकी प्रेरणादायक किताबें कौन सी हैं
282447,18390,hi,21,246.21,260.82,14.61,/kaggle/working/Hindi-ASR-Whisper-Pipeline/artifacts/q1/preprocess/segments/282447_0021.wav,अच्छा हां चलिए मैं बता देता हूं हा द योगी एक किताब है हां ये भी एक बायोग्राफी है ये पढ़नी चाहिए
282447,18390,hi,22,260.88,265.77,4.89,/kaggle/working/Hindi-ASR-Whisper-Pipeline/artifacts/q1/preprocess/segments/282447_0022.wav,हर किसी को ये ये उसके ऊपर है आध्यात्म के ऊपर है काफी अच्छी किताब है पढ़नी चाहिए
282447,18390,hi,23,268.98,273.66,4.68,/kaggle/working/Hindi-ASR-Whisper-Pipeline/artifacts/q1/preprocess/segments/282447_0023.wav,हां इसके अलावा हां इसके
282447,18390,hi,24,279.9,282.57,2.67,/kaggle/working/Hindi-ASR-Whisper-Pipeline/artifacts/q1/preprocess/segments/282447_0024.wav,हां इसके अलावा द सीक्रेट पढ़नी चहिए हैलो
282447,18390,hi,25,285.6,300.15,14.55,/kaggle/working/Hindi-ASR-Whisper-Pipeline/artifacts/q1/preprocess/segments/282447_0025.wav,मेरी आवा हाँ द सिक्रेट पढ़नी चाहिए ये बड़ी प्रेरणादायक किताब है इसके अलावा एक पॉल कोई लो करके एक है राइटर है उनकी किताब है द अलकमिस्ट
282447,18390,hi,27,303.75,317.22,13.47,/kaggle/working/Hindi-ASR-Whisper-Pipeline/artifacts/q1/preprocess/segments/282447_0027.wav,द अलकेमिस्ट एक्चुअली एक चरवाहे के ऊपर है कि किस तरीके हां कि किस तरीके से वो अपने लक्ष्य को प्राप्त करता है किस तरीके से वो अपनी जो है उसकी जो यात्रा है उसकी जो जर्नी है
282447,18390,hi,28,317.76,332.22,14.46,/kaggle/working/Hindi-ASR-Whisper-Pipeline/artifacts/q1/preprocess/segments/282447_0028.wav,वो किस तरीके से अपने गंतव्य तक पहुंचता है उसके जरिए वो एक किताब है वो एक कहानी है वो एक पूरा नोवेल है वो पढ़ना चाहिए वो काफी प्रेरणा दायक है वो काफी बड़े लोग भी रिकमेंड करते हैं
282447,18390,hi,29,335.22,349.71,14.49,/kaggle/working/Hindi-ASR-Whisper-Pipeline/artifacts/q1/preprocess/segments/282447_0029.wav,एक अकलकम में से एक प्रेरणा दायक किताब है द सीक्रेट है इसके अलावा भगवतगीता तो इनमें सर्वश्रेष्ठ है उससे बढ़कर कोई किताब है ही नहीं जीवन में प्रेरणादायक पुस्तकों में
282447,18390,hi,30,350.31,352.83,2.52,/kaggle/working/Hindi-ASR-Whisper-Pipeline/artifacts/q1/preprocess/segments/282447_0030.wav,REDACTED
282447,18390,hi,31,357.0,369.18,12.18,/kaggle/working/Hindi-ASR-Whisper-Pipeline/artifacts/q1/preprocess/segments/282447_0031.wav,हा काफी ऐसी किताबें हे मतलब आत्मसाहिता के बारे में जो आपकी ठीक बुक है स्वेता गांगवरेक लेखक हैं
282447,18390,hi,32,369.51,376.8,7.29,/kaggle/working/Hindi-ASR-Whisper-Pipeline/artifacts/q1/preprocess/segments/282447_0032.wav,उनकी एक किताब है दरू उनकी एक किताब है दरू डेस्क बुक एवर वो आत्म सहायता के लिए एक बहुत अच्छी बुक है
282447,18390,hi,33,379.23,389.94,10.71,/kaggle/working/Hindi-ASR-Whisper-Pipeline/artifacts/q1/preprocess/segments/282447_0033.wav,इसके अलावा अ थिंक एंड ग्रो रिच एक अ थिंक एंड ग्रो रिच एक किताब है रिच डेड पूअर डेड एक किताब है तो ये सेल्फ हेल्प बुक है.
282447,18390,hi,34,390.12,403.44,13.32,/kaggle/working/Hindi-ASR-Whisper-Pipeline/artifacts/q1/preprocess/segments/282447_0034.wav,इनको पढ़ना चाहिए इसके अलावा फिलोसफी के लिए इसके अलावा फिलोसफी की अगर किताबें अगर आप पढ़ना चाहेंगे मतलब मैं कोशिश करता हूं तो पढ़ने की तो अगर ऐसी किताबें अगर मैं सजेस्ट करूं फिलोसफी के लिए तो
282447,18390,hi,35,403.47,417.45,13.98,/kaggle/working/Hindi-ASR-Whisper-Pipeline/artifacts/q1/preprocess/segments/282447_0035.wav,अगेन मैं भाई की कहना चाहूंगा द कमिस्ट पढ़ना चाहिए आप तो कमिस्ट बहुत अच्छी किताब है उसमें बहुत सारी उसमें बहुत साहा उसमें बिल्कुल उसमें बहुत ज्यादा दर्शन है उसके किताब में
282447,18390,hi,36,418.71,423.18,4.47,/kaggle/working/Hindi-ASR-Whisper-Pipeline/artifacts/q1/preprocess/segments/282447_0036.wav,बहुत ज्यादा दार्शनिक भाव आपको मिलेगा
282447,18390,hi,37,425.82,429.57,3.75,/kaggle/working/Hindi-ASR-Whisper-Pipeline/artifacts/q1/preprocess/segments/282447_0037.wav,इसके अलावा
282447,18390,hi,38,432.3,440.22,7.92,/kaggle/working/Hindi-ASR-Whisper-Pipeline/artifacts/q1/preprocess/segments/282447_0038.wav,अच्छा अलगअलग जैसे लेखक हैं तो आप किसी अ किसी भी एक लेखक बताएंगे एक आप बता दीजिए एक मैं बताता हूं के उनके लिखने के तरीके कैसे
282447,18390,hi,39,442.26,447.33,5.07,/kaggle/working/Hindi-ASR-Whisper-Pipeline/artifacts/q1/preprocess/segments/282447_0039.wav,जीं कोई आपका ऐसा लेखक है कोई
282447,18390,hi,40,450.78,464.22,13.44,/kaggle/working/Hindi-ASR-Whisper-Pipeline/artifacts/q1/preprocess/segments/282447_0040.wav,आपको कोई हाँ हाँ हिंदी लेखक हैं बिल्कुल हिंदी लेखक की साहित्य साहित्य से संबंधित कोई भी आपका ऐसा प्रिय लेखक हो जो आपको लगता हो कि उसकी शैली ऐसी है लिखने की
282447,18390,hi,41,469.35,484.2,14.85,/kaggle/working/Hindi-ASR-Whisper-Pipeline/artifacts/q1/preprocess/segments/282447_0041.wav,बिल्कुल जय शंकर प्रसाद जय शंकर प्रसाद हां मैंने काफी उनके वो पढें हैं बिल्कुल तो क्या लगता है उनकी क्या शैली है आपके अनुसार
282447,18390,hi,42,490.86,505.65,14.79,/kaggle/working/Hindi-ASR-Whisper-Pipeline/artifacts/q1/preprocess/segments/282447_0042.wav,जी जय शंकर प्रसाद जो हैं वह इतिहास से तुलना करते हैं समय की
282447,18390,hi,43,506.73,521.04,14.31,/kaggle/working/Hindi-ASR-Whisper-Pipeline/artifacts/q1/preprocess/segments/282447_0043.wav,इतिहास को लेकर उनका उनका रुजान ज़्यादा इतिहास की तरफ है जिस तरीके से वो समय के तुलना करते हैं उसके साथ समाज के तुलना करते हैं कि किस तरीके से उस समय पर इतिहास में भी आप देखेंगे कि समय जो था कि वो
282447,18390,hi,44,521.25,533.52,12.27,/kaggle/working/Hindi-ASR-Whisper-Pipeline/artifacts/q1/preprocess/segments/282447_0044.wav,उस समय भी जो है कूट नीतियां चल रही थी उस समय भी चीजे एक्सेस करतीं थी उस समय भी ऐसी चीजें एक्जिस्ट करती थी उस समय भी ऐसी चीजें अस्तित्व में थी जो आ एक इंसान के पतन का कारण बनती है
282447,18390,hi,45,535.62,549.15,13.53,/kaggle/working/Hindi-ASR-Whisper-Pipeline/artifacts/q1/preprocess/segments/282447_0045.wav,REDACTED
282447,18390,hi,46,549.36,559.38,10.02,/kaggle/working/Hindi-ASR-Whisper-Pipeline/artifacts/q1/preprocess/segments/282447_0046.wav,हां इसके अलावा मैं अगर किसी लेखक की बात करूँ तो एक बहुत एक अच्छे बहुत लेखक हुए है गरीश कारनाड अगर आपने सुना हो
282447,18390,hi,47,562.26,572.64,10.38,/kaggle/working/Hindi-ASR-Whisper-Pipeline/artifacts/q1/preprocess/segments/282447_0047.wav,अंग्रीश अंग्रीश नहीं अंग्रे नहीं अंग्रेजी नहीं है वो हिंदी कवि है कवि सॉरी हिंदी लेखक है हिंदी लेखक है
282447,18390,hi,48,578.16,591.39,13.23,/kaggle/working/Hindi-ASR-Whisper-Pipeline/artifacts/q1/preprocess/segments/282447_0048.wav,नहीं चलिए मैं बता देता हूं गरीश का गरीश कार्नाड़ एक लेखक है जो जिनकी आप ज्यादातर रचनाये पढ़ेंगे तो उनकी रचनाये जो है वह आधारित होती है पौराणिकता को लेके मतलब पौराणिक जो
282447,18390,hi,49,591.42,605.82,14.4,/kaggle/working/Hindi-ASR-Whisper-Pipeline/artifacts/q1/preprocess/segments/282447_0049.wav,घटनाएं हैं पौराणिक घटनाओं के साथ वो जो लिखते हैं वो हमें दर्शाते हैं कि पौराणिक पौराणिक घटनाओं के जरिये वो हमें बताते हैं कि आज का समाज कैसा है मतलब वो पौराणिक जो
282447,18390,hi,50,605.88,619.92,14.04,/kaggle/working/Hindi-ASR-Whisper-Pipeline/artifacts/q1/preprocess/segments/282447_0050.wav,समय था वो महाभारत के प्रसंग उठाते है या कोई ऐसा इतिहासिक एक नाटक उनका एक बहुत प्रसिद्ध नाटक है तुगलक अगर आप पढ़े तो उसके जरिये उन्होंने बताया है हां
282447,18390,hi,51,620.46,635.16,14.7,/kaggle/working/Hindi-ASR-Whisper-Pipeline/artifacts/q1/preprocess/segments/282447_0051.wav,बिल्कुल उन्होंने मोहब्बत बिल्कुल तो नहीं उस नाटक के जरिए उन्होंने यह चीज बताई है कि किस तरीके से जो है मतलब समाज किस तरीके से जो है खींचा तनी में लगा हुआ है
282447,18390,hi,52,636.03,649.56,13.53,/kaggle/working/Hindi-ASR-Whisper-Pipeline/artifacts/q1/preprocess/segments/282447_0052.wav,आज के समय में कहने का मतलब है वो इतिहास को लेके या पौराणिक प्रसंगों को उठाके वो दर्शाते हैं कि आज का समाज भी ऐसा ही है कुछ नई नया परिवर्तन नहीं आया वही गुमा फिरा के
282447,18390,hi,53,649.92,662.76,12.84,/kaggle/working/Hindi-ASR-Whisper-Pipeline/artifacts/q1/preprocess/segments/282447_0053.wav,वही चीज तुम्हारे सामने है वही पात्र तुम्हारे सामने है बस अ वो बदल गए हैं सिचुएशन बदल गई है हालात बदल गए हैं लेकिन पात्र वही है काम तो वही हो रहा है
282447,18390,hi,54,665.25,673.53,8.28,/kaggle/working/Hindi-ASR-Whisper-Pipeline/artifacts/q1/preprocess/segments/282447_0054.wav,जी किताबों के मुख्य विचारों को अनुभव से जोड़ना
282447,18390,hi,55,676.71,687.9,11.19,/kaggle/working/Hindi-ASR-Whisper-Pipeline/artifacts/q1/preprocess/segments/282447_0055.wav,जी ऐसे बहुत सारे रहे हैं मतलब जैसे कि मैंने इनके बारे में बताया गिरीश कर्नाड के बारे में बताया तो इनकी किताबे जब आप पढ़ेंगे तो आपको ऐसा लगेगा कि आप असल जीवन में मतलब वही जी रहे हैं
282447,18390,hi,56,690.39,705.21,14.82,/kaggle/working/Hindi-ASR-Whisper-Pipeline/artifacts/q1/preprocess/segments/282447_0056.wav,आपको ऐसा अनुभव होगा कि मैं जो पढ़ चुका हूं मैं जो आ में जो पढ़ चुका हूं वो मैं आज के समय में भी जी रहा हूं मेरे आसपास ऐसे ही लोग रहते हैं तो आप ऐसा अनुभव करेंगे जी
282447,18390,hi,57,720.21,734.76,14.55,/kaggle/working/Hindi-ASR-Whisper-Pipeline/artifacts/q1/preprocess/segments/282447_0057.wav,जी जी हूं
282447,18390,hi,58,736.59,751.41,14.82,/kaggle/working/Hindi-ASR-Whisper-Pipeline/artifacts/q1/preprocess/segments/282447_0058.wav,जी नही स्वामी विवेकानंद तो अपने आप मे जी प्रेरणादायक है
282447,18390,hi,59,751.77,766.53,14.76,/kaggle/working/Hindi-ASR-Whisper-Pipeline/artifacts/q1/preprocess/segments/282447_0059.wav,बिल्कुल अच्छा
282447,18390,hi,60,766.8,773.82,7.02,/kaggle/working/Hindi-ASR-Whisper-Pipeline/artifacts/q1/preprocess/segments/282447_0060.wav,तो स्वामी विवेकानंद देखा जाए तो आपके रोल मॉडल रहे हैं इस मामले में के आपने उनकी किताबे पढ़ी हैं और आपको अच्छा लगा
282447,18390,hi,61,776.13,781.71,5.58,/kaggle/working/Hindi-ASR-Whisper-Pipeline/artifacts/q1/preprocess/segments/282447_0061.wav,हम्म
282447,18390,hi,62,784.17,798.12,13.95,/kaggle/working/Hindi-ASR-Whisper-Pipeline/artifacts/q1/preprocess/segments/282447_0062.wav,इसके अलावा ऐसी कौन सी प्रेरणा दायक किताब हैं जो आप मतलब फिर से पढ़ना चाहेंगे या फिर से पढ़ने के बारे में आप सोच रहे हैं ऐसी सोच रखते आप फिर से पढ़ना चाहेंगे जी
282447,18390,hi,63,799.53,813.9,14.37,/kaggle/working/Hindi-ASR-Whisper-Pipeline/artifacts/q1/preprocess/segments/282447_0063.wav,जी हम्म
282447,18390,hi,64,813.93,826.98,13.05,/kaggle/working/Hindi-ASR-Whisper-Pipeline/artifacts/q1/preprocess/segments/282447_0064.wav,जी हां जी अगर मैं ऐसी मतलब बात करना चाहूंगा तो साहित्य में बहुत से हैं बहुत से ऐसे लेखक हैं जो मतलब जिनको आप रोल मॉडल मान सके जैसे कि
282447,18390,hi,65,827.04,841.32,14.28,/kaggle/working/Hindi-ASR-Whisper-Pipeline/artifacts/q1/preprocess/segments/282447_0065.wav,मान लीजिए जय शंकर प्रसाद ही है इसके अलावा एक लेखक है मतलब एक बहुत अच्छे कवि है लेखक है सरवेश्वर दयाल सक्सेना आपने सुना होगा
282447,18390,hi,66,842.43,856.86,14.43,/kaggle/working/Hindi-ASR-Whisper-Pipeline/artifacts/q1/preprocess/segments/282447_0066.wav,आ आ आप पढ़िएगा सर्वेश्वर दयाल सक्सेना बहुत अच्छा जीवन का जो है वह अनुभव लिखते हैं उनकी किताबों से आप समझेंगे उनकी कविताएं जब आप पढ़ेंगे सर्वेश्वर दयाल सक्सेना की हां
282447,18390,hi,67,857.28,870.42,13.14,/kaggle/working/Hindi-ASR-Whisper-Pipeline/artifacts/q1/preprocess/segments/282447_0067.wav,सर्वेश्वर दयाल सक्सेना अपने आप में एक ग्रंथ हैं उनकी जो किताबे हैं उनकी जो अ कहानियाँ है जब आप पढ़ेंगे उनको तो आपको बहुत जीवन का जो एक अनुभव है एक अनूठा अनुभव जो मान लीजिए आप
282447,18390,hi,68,870.72,883.8,13.08,/kaggle/working/Hindi-ASR-Whisper-Pipeline/artifacts/q1/preprocess/segments/282447_0068.wav,पांच साल बाद लेगे या दस साल बाद देगे वो आप उनकी कहानियो में पढ़ चुके होंगे ऐसा उनके में अनुभव मिलता है और बहोत प्रेम है उनकी हर एक कविता में प्रेम का भाव हैं प्रेम कविताएं काफी लिखते हैं
282447,18390,hi,69,884.73,898.14,13.41,/kaggle/working/Hindi-ASR-Whisper-Pipeline/artifacts/q1/preprocess/segments/282447_0069.wav,जीवन हाँ जीवन दर्शन जीवन दर्शन बिल्कुल हां जीवन दर्शन अगर आपको पढ़ना है तो आप सर्वेश्वर दयाल सक्सेना बहुत अच्छा पढ़ सकते हैं मुक्ति बोध कि कविताएं आप पढ़ सकते है इसके अलावा एक
282447,18390,hi,70,898.65,903.18,4.53,/kaggle/working/Hindi-ASR-Whisper-Pipeline/artifacts/q1/preprocess/segments/282447_0070.wav,इ इसके अलावा एक लेखक और है राजस्थान के अगर आप पढना चाहे तो उनकी कहानियां बहुत अच्छी
282447,18390,hi,71,905.52,906.72,1.2,/kaggle/working/Hindi-ASR-Whisper-Pipeline/artifacts/q1/preprocess/segments/282447_0071.wav,हां
282447,18390,hi,72,909.96,917.76,7.8,/kaggle/working/Hindi-ASR-Whisper-Pipeline/artifacts/q1/preprocess/segments/282447_0072.wav,दार्शनिक लेखक अगर आप पढ़ना चाहे तो दार्शनिक लेखक हो सकते हैं आपका अ
282447,18390,hi,73,924.3,927.12,2.82,/kaggle/working/Hindi-ASR-Whisper-Pipeline/artifacts/q1/preprocess/segments/282447_0073.wav,जी
282447,18390,hi,75,934.32,949.08,14.76,/kaggle/working/Hindi-ASR-Whisper-Pipeline/artifacts/q1/preprocess/segments/282447_0075.wav,REDACTED
282447,18390,hi,76,952.86,954.93,2.07,/kaggle/working/Hindi-ASR-Whisper-Pipeline/artifacts/q1/preprocess/segments/282447_0076.wav,सुभाष चंद्र बोस के बारे में आप पढ़ सकते है
282447,18390,hi,77,957.36,970.77,13.41,/kaggle/working/Hindi-ASR-Whisper-Pipeline/artifacts/q1/preprocess/segments/282447_0077.wav,REDACTED
282447,18390,hi,78,973.98,982.92,8.94,/kaggle/working/Hindi-ASR-Whisper-Pipeline/artifacts/q1/preprocess/segments/282447_0078.wav,REDACTED
282447,18390,hi,79,985.56,999.87,14.31,/kaggle/working/Hindi-ASR-Whisper-Pipeline/artifacts/q1/preprocess/segments/282447_0079.wav,बिलकुल हां बिल्कुल मैने तो सीक्रेट पढ़ी थी तो मेरे को बहुत अच्छा लगा था वो प्रेरणा का एक सूत्र था
282447,18390,hi,80,999.93,1014.72,14.79,/kaggle/working/Hindi-ASR-Whisper-Pipeline/artifacts/q1/preprocess/segments/282447_0080.wav,जी वो बिलकुल हां चलिए आज का टॉपिक इतना हि था
282447,18390,hi,81,1014.78,1028.31,13.53,/kaggle/working/Hindi-ASR-Whisper-Pipeline/artifacts/q1/preprocess/segments/282447_0081.wav,हां नहीं हो चुका है मतलब टॉपिक हो चुका है तो और क्या बात सकते हैं हम्म चलिए
282447,18390,hi,82,1028.34,1043.07,14.73,/kaggle/working/Hindi-ASR-Whisper-Pipeline/artifacts/q1/preprocess/segments/282447_0082.wav,मेरे साथ तो नही किया जा सकता कुछ चलिए फिर भी कर लेते हैं उन्नीस मिनट तक कर लेते है हाँ तो क्या बात करना चाहेंगी आप जी
282447,18390,hi,83,1043.46,1058.22,14.76,/kaggle/working/Hindi-ASR-Whisper-Pipeline/artifacts/q1/preprocess/segments/282447_0083.wav,बिल्कुल है आप वो पढ़ सकते हैं आप उन्हें पर लाने के लिए आप कौन सी बहुत सारी किताबें हैं सेल्फ हेल्प बुक
282447,18390,hi,84,1058.22,1070.4,12.18,/kaggle/working/Hindi-ASR-Whisper-Pipeline/artifacts/q1/preprocess/segments/282447_0084.wav,बहुत सारी हैं एक है अ आई आई आई का गाई करके एक किताब है हा
282447,18390,hi,85,1071.87,1086.0,14.13,/kaggle/working/Hindi-ASR-Whisper-Pipeline/artifacts/q1/preprocess/segments/282447_0085.wav,इकागाई करके किताब है आई के ए जी ए आई हा हा हा आई के ए जी ए आई किताब है इसके अलावा आप पढ सकते हैं हा
282447,18390,hi,86,1086.0,1097.94,11.94,/kaggle/working/Hindi-ASR-Whisper-Pipeline/artifacts/q1/preprocess/segments/282447_0086.wav,द सेटल आर्ट ऑफ नॉट गिविंग ऑफ फॉरगेट बोहोत अच्छी सेल्फ बुक है आपको पढ़नी चाहिए हां इसके अलावा है आप पढ़ सकते हैं उनको
282447,18390,hi,87,1098.03,1106.16,8.13,/kaggle/working/Hindi-ASR-Whisper-Pipeline/artifacts/q1/preprocess/segments/282447_0087.wav,श्वेताभ गंगवर को आप पढ़ सकते हैं उनकी किताब बहुत अच्छी है जो मैंने अभी बुक का नाम लिया ये एक बहुत अच्छी किताब है इससे बहुत ग्रो करेंगे आप
282447,18390,hi,88,1110.06,1114.5,4.44,/kaggle/working/Hindi-ASR-Whisper-Pipeline/artifacts/q1/preprocess/segments/282447_0088.wav,बिल्कुल बिल्कुल तो चलिए यहीं था टॉपिक अब रख सकते हैं मुझे
301057,172174,hi,0,0.03,14.58,14.55,/kaggle/working/Hindi-ASR-Whisper-Pipeline/artifacts/q1/preprocess/segments/301057_0000.wav,सर जब ये होता है जब गिरते हैं जब ज़्यादा चोट लगती है तो वहां से फिर आ जाती है साइकल चलाना ना जी सर
301057,172174,hi,1,15.12,20.85,5.73,/kaggle/working/Hindi-ASR-Whisper-Pipeline/artifacts/q1/preprocess/segments/301057_0001.wav,पहले संतुलन बनाने में मुश्किल हो रहा सर सर इसके बारे में
301057,172174,hi,2,28.14,42.93,14.79,/kaggle/working/Hindi-ASR-Whisper-Pipeline/artifacts/q1/preprocess/segments/301057_0002.wav,हां सर सर अ अ सर मैं बताऊं तो हम जब पहली बार सयिकिल चला रहे थे तो बहुत गिरते थे
301057,172174,hi,3,43.23,56.91,13.68,/kaggle/working/Hindi-ASR-Whisper-Pipeline/artifacts/q1/preprocess/segments/301057_0003.wav,फिर उठते थे फिर प्रैक्टिस करते थे फिर गिरते थे फिर प्रैक्टिस करते थे सब लोग घर पर काफी चोट भी आ जाती थी फिर भी नहीं मानती थी हम साइकिल चलाएंगे तो
301057,172174,hi,4,57.51,69.93,12.42,/kaggle/working/Hindi-ASR-Whisper-Pipeline/artifacts/q1/preprocess/segments/301057_0004.wav,हां सर ये होता है वैसे तो महिला ज्यादा कुछ तो सब लोग चलाती हैं बट ज्यादातर महिला साइकिल के अलावा कुछ भी नहीं चलाती हैं अ लड़की अ.
301057,172174,hi,5,70.23,84.06,13.83,/kaggle/working/Hindi-ASR-Whisper-Pipeline/artifacts/q1/preprocess/segments/301057_0005.wav,तो सब पहले वही उसका वही रहता है कि हम साइकिल चलाएं साइकिल से जहां आना है तो वहां से आए आएं जाएं तब अच्छा लगता है अपने खुद के अह खुद से जाएं खुद से आएं
301057,172174,hi,6,86.28,98.31,12.03,/kaggle/working/Hindi-ASR-Whisper-Pipeline/artifacts/q1/preprocess/segments/301057_0006.wav,सर तीसरा टाइप है परिवार से मदद लेकर सब अभ्यास करना सर इसके बारे में कुछ चर्चा करेंगे आप
301057,172174,hi,7,100.95,115.35,14.4,/kaggle/working/Hindi-ASR-Whisper-Pipeline/artifacts/q1/preprocess/segments/301057_0007.wav,जी सर बताइए खुद से आह सवारी लेने का मजा लेना सर इसके बारे में आप कुछ बताएंगे
301057,172174,hi,8,119.28,121.32,2.04,/kaggle/working/Hindi-ASR-Whisper-Pipeline/artifacts/q1/preprocess/segments/301057_0008.wav,जी सर इसके बारे में आप बताईए कुछ
301057,172174,hi,9,126.93,129.09,2.16,/kaggle/working/Hindi-ASR-Whisper-Pipeline/artifacts/q1/preprocess/segments/301057_0009.wav,हाँ जी
301057,172174,hi,12,146.94,160.56,13.62,/kaggle/working/Hindi-ASR-Whisper-Pipeline/artifacts/q1/preprocess/segments/301057_0012.wav,सर हम यह भी तो सहि सर ऐसा होता है न जब अपने पास हो जाता है तो उतना मन ही नहीं करता जब कोई देता है तो बहुत अच्छा लगता है
301057,172174,hi,13,160.65,174.03,13.38,/kaggle/working/Hindi-ASR-Whisper-Pipeline/artifacts/q1/preprocess/segments/301057_0013.wav,खुसी अलग से मिलती है कि हाँ हमें वो साइकिल दिया चलाने के लिए बहुत अच्छा लगा चलाकर दो चार राउंड और मार लूँ चलाते टाइम उसकी साइकिल जब खुद को हो जाये तो साइकल मन ही नहीं करती चलाने के लिए
301057,172174,hi,14,175.32,188.91,13.59,/kaggle/working/Hindi-ASR-Whisper-Pipeline/artifacts/q1/preprocess/segments/301057_0014.wav,जब साइकिल नहीं आती थी तो उसके बारे में हम बताएं तो जब नहीं आती थी तो हम बहुत सपना देखती थी साइकिल चलाऊंगी तो वहां से वहां तक जाऊंगी अकेल पढ़ने जाऊंगी फिर
301057,172174,hi,15,188.97,199.11,10.14,/kaggle/working/Hindi-ASR-Whisper-Pipeline/artifacts/q1/preprocess/segments/301057_0015.wav,कहीं भी कोई भी काम हो तो हम अपने खुद से कर सकती हु सर ऐसा तो होता है
301057,172174,hi,16,201.75,214.2,12.45,/kaggle/working/Hindi-ASR-Whisper-Pipeline/artifacts/q1/preprocess/segments/301057_0016.wav,सर बाइक से मोहल्ले की सेर करना सर ऐसे सर बाइक से मोहल्ले की सैर करना सर इसके बारे में आप साझा कर सकते हैं
301057,172174,hi,17,228.18,234.6,6.42,/kaggle/working/Hindi-ASR-Whisper-Pipeline/artifacts/q1/preprocess/segments/301057_0017.wav,तो जब आप पहली बार बाइक चलाए थे तो खुशी अलग से झलकी होगी ना
301057,172174,hi,18,236.79,240.33,3.54,/kaggle/working/Hindi-ASR-Whisper-Pipeline/artifacts/q1/preprocess/segments/301057_0018.wav,जी सर देख लेगे
301057,172174,hi,20,248.85,260.94,12.09,/kaggle/working/Hindi-ASR-Whisper-Pipeline/artifacts/q1/preprocess/segments/301057_0020.wav,हु जी जानते हो पहली बार जब हम साइकल चला रही थी तो जिस समय हम पूरा साइकल चलाना सीख गई थी बट ज्यादा तो नहीं सीखी थी
301057,172174,hi,21,261.33,273.51,12.18,/kaggle/working/Hindi-ASR-Whisper-Pipeline/artifacts/q1/preprocess/segments/301057_0021.wav,कोई भी आता था तो हम उसको ए ठोक देती थी वो भी आदमी गिर जाता था तो कहा था जब साइकल चलाने नहीं आता तो चलाती क्यों हो हमने कहा सीख रही हू इसलिए
301057,172174,hi,22,273.57,286.41,12.84,/kaggle/working/Hindi-ASR-Whisper-Pipeline/artifacts/q1/preprocess/segments/301057_0022.wav,बहोत दिन तक ऐसे कहेंगे जिसके जैसे जिसके साइकिल में हम टक्कर मारते थे अपनी तो कहते हैं आह हम सारी बोलकर ये पूछे ये कह देते थे कि हम पहली बार साइकिल चला रहा है हमें नहीं आता
301057,172174,hi,23,288.51,290.76,2.25,/kaggle/working/Hindi-ASR-Whisper-Pipeline/artifacts/q1/preprocess/segments/301057_0023.wav,तो वो लोग कुछ भी नहीं बोलते थे
301057,172174,hi,24,296.43,304.95,8.52,/kaggle/working/Hindi-ASR-Whisper-Pipeline/artifacts/q1/preprocess/segments/301057_0024.wav,हाँ सर लेकिन सर ये भी होता है साइकिल किसी भी साइकिल चलाते टाइम जादा तर ध्यान किस पर रहना
301057,172174,hi,25,315.42,321.54,6.12,/kaggle/working/Hindi-ASR-Whisper-Pipeline/artifacts/q1/preprocess/segments/301057_0025.wav,सही सही हैं हां सर
301057,172174,hi,26,324.9,337.14,12.24,/kaggle/working/Hindi-ASR-Whisper-Pipeline/artifacts/q1/preprocess/segments/301057_0026.wav,सर ये ये भी होता था हमारे अंदर जब हम साइकल चलाती थे तो ज़्यादातर पाउडल रखती थी कि जो पैर चलाती थी वही पैर हम अपना पैर देखती थी कि हमारा पैर कैसे चल रहा है .
301057,172174,hi,27,338.25,349.17,10.92,/kaggle/working/Hindi-ASR-Whisper-Pipeline/artifacts/q1/preprocess/segments/301057_0027.wav,इसी वज़ह से हम जाकर लड़ जाते थे
301057,172174,hi,28,349.53,362.58,13.05,/kaggle/working/Hindi-ASR-Whisper-Pipeline/artifacts/q1/preprocess/segments/301057_0028.wav,मन करता है सर यह भी होता है अ अ सामने तो तब उस समय सामने भी नहीं होगा सर पूरा क्लियर सीख जाते हैं तो निगाह इधर उधर तब करते हैं
301057,172174,hi,29,362.91,376.86,13.95,/kaggle/working/Hindi-ASR-Whisper-Pipeline/artifacts/q1/preprocess/segments/301057_0029.wav,बट अह हम अपनी बारे में बताऊ तो साइकिल हम चलाते टाइम हम ज़्यादातर पैरडल ही देते थे जब निडर होके चलाने लगें कि अब डर नहीं है अब हमें चलाना आ गया
301057,172174,hi,30,377.34,381.33,3.99,/kaggle/working/Hindi-ASR-Whisper-Pipeline/artifacts/q1/preprocess/segments/301057_0030.wav,तब हम सामने देखने लगें लेकिन हम सामने पहले नहीं देखते थे
301057,172174,hi,31,391.83,392.91,1.08,/kaggle/working/Hindi-ASR-Whisper-Pipeline/artifacts/q1/preprocess/segments/301057_0031.wav,उम्म हम्म
301057,172174,hi,32,396.21,411.06,14.85,/kaggle/working/Hindi-ASR-Whisper-Pipeline/artifacts/q1/preprocess/segments/301057_0032.wav,जी सर सर अगला टॉपिक है गिर कर फिर से उठने का तरीका सीखना सर इसके टॉपिक पे बात लगभग लगभग हो गई है
301057,172174,hi,33,411.81,415.74,3.93,/kaggle/working/Hindi-ASR-Whisper-Pipeline/artifacts/q1/preprocess/segments/301057_0033.wav,स्वतंत्र स्वतंत्रता का एहसास होना सर
301057,172174,hi,34,419.79,423.0,3.21,/kaggle/working/Hindi-ASR-Whisper-Pipeline/artifacts/q1/preprocess/segments/301057_0034.wav,सर हमें तो नही जानकारी है आपको जानकारी है तो आप साझा कर सकते हैं
301057,172174,hi,35,429.63,444.6,14.97,/kaggle/working/Hindi-ASR-Whisper-Pipeline/artifacts/q1/preprocess/segments/301057_0035.wav,सर वही तो हाल मेरा भी है अब अबी तो अब बट ज्यादा तो जानकारी नहीं है जी सर जी सर आपसे बात करने के लिए धन्यवाद आपसे मिलकर बहुत खुशी हुई
301057,172174,hi,36,447.45,450.54,3.09,/kaggle/working/Hindi-ASR-Whisper-Pipeline/artifacts/q1/preprocess/segments/301057_0036.wav,थैंक्यू
301080,241864,hi,0,0.06,14.97,14.91,/kaggle/working/Hindi-ASR-Whisper-Pipeline/artifacts/q1/preprocess/segments/301080_0000.wav,चलाना सीख जाता है जी और वहाँ से जी वहाँ चलाने आता है जी
301080,241864,hi,1,15.75,29.94,14.19,/kaggle/working/Hindi-ASR-Whisper-Pipeline/artifacts/q1/preprocess/segments/301080_0001.wav,जी संतुलन मनाना हार्ड है इसके बाद भी सब मेन साइकल चलाना है कुछ गाड़ी चलाना तो उसमें संतुलन बनाना पड़ेगा
301080,241864,hi,2,32.25,43.53,11.28,/kaggle/working/Hindi-ASR-Whisper-Pipeline/artifacts/q1/preprocess/segments/301080_0002.wav,जी
301080,241864,hi,3,46.05,59.67,13.62,/kaggle/working/Hindi-ASR-Whisper-Pipeline/artifacts/q1/preprocess/segments/301080_0003.wav,जी जी ज जब जाकर चलाना सीखे
301080,241864,hi,4,61.14,71.79,10.65,/kaggle/working/Hindi-ASR-Whisper-Pipeline/artifacts/q1/preprocess/segments/301080_0004.wav,जी
301080,241864,hi,5,74.34,80.55,6.21,/kaggle/working/Hindi-ASR-Whisper-Pipeline/artifacts/q1/preprocess/segments/301080_0005.wav,जी
301080,241864,hi,6,82.83,91.44,8.61,/kaggle/working/Hindi-ASR-Whisper-Pipeline/artifacts/q1/preprocess/segments/301080_0006.wav,जी दूसरा टास्ट है
301080,241864,hi,7,93.45,102.93,9.48,/kaggle/working/Hindi-ASR-Whisper-Pipeline/artifacts/q1/preprocess/segments/301080_0007.wav,जी और एक बोलिए और एक बार बताइए
301080,241864,hi,8,112.89,127.65,14.76,/kaggle/working/Hindi-ASR-Whisper-Pipeline/artifacts/q1/preprocess/segments/301080_0008.wav,जी जी खुद से सवार लेने का मजा ही कुछ अलग है जी जब एक जब किसी के पाप ने पास साइकल नहीं होती दूसरे के पास होती है जब वो कोई चलाने दे
301080,241864,hi,9,127.98,142.56,14.58,/kaggle/working/Hindi-ASR-Whisper-Pipeline/artifacts/q1/preprocess/segments/301080_0009.wav,जब उसका मजा ही अलग होता है जब अपने पास नहीं होती ना जी कोई देता है तो साइकिल चलाने अच्छा भी दिखता है जी
301080,241864,hi,10,142.89,145.2,2.31,/kaggle/working/Hindi-ASR-Whisper-Pipeline/artifacts/q1/preprocess/segments/301080_0010.wav,आप कुछ बताएं इसके बारे में
301080,241864,hi,11,154.53,161.37,6.84,/kaggle/working/Hindi-ASR-Whisper-Pipeline/artifacts/q1/preprocess/segments/301080_0011.wav,जी जी जी
301080,241864,hi,12,163.53,177.78,14.25,/kaggle/working/Hindi-ASR-Whisper-Pipeline/artifacts/q1/preprocess/segments/301080_0012.wav,जी अच्छा खाना है न मन नहीं करता हां
301080,241864,hi,13,179.31,192.45,13.14,/kaggle/working/Hindi-ASR-Whisper-Pipeline/artifacts/q1/preprocess/segments/301080_0013.wav,जी जी जी
301080,241864,hi,14,193.86,208.08,14.22,/kaggle/working/Hindi-ASR-Whisper-Pipeline/artifacts/q1/preprocess/segments/301080_0014.wav,जी मगर अब सही है अब तो साइकिल कोई चला रहा ही नहीं पहले के जैसा छोटा सा छोटा बच्चा भी अब स्कूटी बाइक जी
301080,241864,hi,15,208.56,223.2,14.64,/kaggle/working/Hindi-ASR-Whisper-Pipeline/artifacts/q1/preprocess/segments/301080_0015.wav,जी बाइक चलाने के लिए भी संतुलन बनाना पड़ता है इससे भी सीखना पड़ता है उसे कहीं बार गिरने के बाद ही
301080,241864,hi,16,224.34,237.66,13.32,/kaggle/working/Hindi-ASR-Whisper-Pipeline/artifacts/q1/preprocess/segments/301080_0016.wav,सफलता मिलती है इसके बाद बाइक चलाना सीख जाते हैं और मो जी ऐसा डर सा लगता है कोई आ जाएगा
301080,241864,hi,17,238.08,251.22,13.14,/kaggle/working/Hindi-ASR-Whisper-Pipeline/artifacts/q1/preprocess/segments/301080_0017.wav,ब्रेक दबाने के जगह कलस जबा दी सामने का ब्रेक मार रहा है पिछे मार रहे हैं साथ होता है जल जल पामन है कॉमन इसमें तो जी
301080,241864,hi,18,253.14,254.46,1.32,/kaggle/working/Hindi-ASR-Whisper-Pipeline/artifacts/q1/preprocess/segments/301080_0018.wav,जी
301080,241864,hi,19,257.94,272.49,14.55,/kaggle/working/Hindi-ASR-Whisper-Pipeline/artifacts/q1/preprocess/segments/301080_0019.wav,जी जी जी जी
301080,241864,hi,20,272.97,287.25,14.28,/kaggle/working/Hindi-ASR-Whisper-Pipeline/artifacts/q1/preprocess/segments/301080_0020.wav,जी जी
301080,241864,hi,21,287.58,298.98,11.4,/kaggle/working/Hindi-ASR-Whisper-Pipeline/artifacts/q1/preprocess/segments/301080_0021.wav,ऐसा होता है ऐसा बोल ले कुछ नहीं होता है मगर ठोके विना तो साइकिल कोई सीखा ही नहीं तो गिरा पड़ा जी
301080,241864,hi,22,301.62,316.41,14.79,/kaggle/working/Hindi-ASR-Whisper-Pipeline/artifacts/q1/preprocess/segments/301080_0022.wav,जी अपने सामने वाले कोई आ रहा है कोई जा रहा है अगर फर्स्ट चला रहे हैं तो पहले तो अपना संतुलन सही बनाना सेकेंड ब्रेक
301080,241864,hi,23,316.65,328.86,12.21,/kaggle/working/Hindi-ASR-Whisper-Pipeline/artifacts/q1/preprocess/segments/301080_0023.wav,कौनसी जगह पर कौन सा ब्रेक मारना चाहिए रेत की जगह ही तो सामने का नहीं मारना
301080,241864,hi,24,332.07,338.37,6.3,/kaggle/working/Hindi-ASR-Whisper-Pipeline/artifacts/q1/preprocess/segments/301080_0024.wav,जी
301080,241864,hi,25,340.38,348.9,8.52,/kaggle/working/Hindi-ASR-Whisper-Pipeline/artifacts/q1/preprocess/segments/301080_0025.wav,जी हां होता है ऐसा जब अपुन कोई चीज कर रहे हैं तो उसमें बारबार देखने का मन करता है. अब
301080,241864,hi,26,350.97,364.47,13.5,/kaggle/working/Hindi-ASR-Whisper-Pipeline/artifacts/q1/preprocess/segments/301080_0026.wav,जी जी
301080,241864,hi,27,367.5,380.7,13.2,/kaggle/working/Hindi-ASR-Whisper-Pipeline/artifacts/q1/preprocess/segments/301080_0027.wav,जी जी जी जी
301080,241864,hi,28,381.03,395.43,14.4,/kaggle/working/Hindi-ASR-Whisper-Pipeline/artifacts/q1/preprocess/segments/301080_0028.wav,हु जब सामने देखकर आप जब चलाते थे साइकल फर्स्ट जब सिखते थे जब भी भी अगर आप सामने देखकर चलाते तो कोई नहीं आता जब आप एकदम पैंडल पर देखते तो कोई ना कोई आ जाता
301080,241864,hi,29,396.42,407.43,11.01,/kaggle/working/Hindi-ASR-Whisper-Pipeline/artifacts/q1/preprocess/segments/301080_0029.wav,जी जी जी
301080,241864,hi,30,410.01,411.18,1.17,/kaggle/working/Hindi-ASR-Whisper-Pipeline/artifacts/q1/preprocess/segments/301080_0030.wav,जी
301080,241864,hi,31,415.8,418.02,2.22,/kaggle/working/Hindi-ASR-Whisper-Pipeline/artifacts/q1/preprocess/segments/301080_0031.wav,जी इसके बारे में कुछ आपको जानकारी
301080,241864,hi,32,420.84,428.04,7.2,/kaggle/working/Hindi-ASR-Whisper-Pipeline/artifacts/q1/preprocess/segments/301080_0032.wav,जी हम भी नहीं है सुशुंग उसका मीनिंग क्या है वहीं पता नहीं
301080,241864,hi,33,430.38,437.16,6.78,/kaggle/working/Hindi-ASR-Whisper-Pipeline/artifacts/q1/preprocess/segments/301080_0033.wav,जी जी
301080,241864,hi,34,441.24,449.19,7.95,/kaggle/working/Hindi-ASR-Whisper-Pipeline/artifacts/q1/preprocess/segments/301080_0034.wav,जी मुझे भी आप से बात करके अच्छा लगा ठीक है धन्यवाद
302503,102673,hi,0,0.65,1.76,1.11,/kaggle/working/Hindi-ASR-Whisper-Pipeline/artifacts/q1/preprocess/segments/302503_0000.wav,क्या
302503,102673,hi,1,5.18,6.23,1.05,/kaggle/working/Hindi-ASR-Whisper-Pipeline/artifacts/q1/preprocess/segments/302503_0001.wav,पैकेट में क्या रहता है
302503,102673,hi,2,8.69,21.35,12.66,/kaggle/working/Hindi-ASR-Whisper-Pipeline/artifacts/q1/preprocess/segments/302503_0002.wav,हा हा ह क्रिकेट के बारे में क्रिकेट में ग्यारह खिलाड़ी होते हैं और होते है बाउंड्री होती हैं उसमें वी कैन हिट सिक्स और फोर्स
302503,102673,hi,3,22.01,27.53,5.52,/kaggle/working/Hindi-ASR-Whisper-Pipeline/artifacts/q1/preprocess/segments/302503_0003.wav,हम चौके छक्के मारते हैं उसमें सिक्स हां सिक्स बॉल्स का एक ओवर होता है
302503,102673,hi,4,34.16,36.8,2.64,/kaggle/working/Hindi-ASR-Whisper-Pipeline/artifacts/q1/preprocess/segments/302503_0004.wav,हू अ
302503,102673,hi,5,39.53,51.26,11.73,/kaggle/working/Hindi-ASR-Whisper-Pipeline/artifacts/q1/preprocess/segments/302503_0005.wav,अप्रॉक्स सैवेन विथ वेरी करती है कि तुम स्ट्रेट मार रहे हो लैग मार रहे हो ऑफ मार रहे हो या बैक मार रहे हो जी लौंग में अप्रॉक्स से से सैवेंटी या ऐटी
302503,102673,hi,6,56.42,57.44,1.02,/kaggle/working/Hindi-ASR-Whisper-Pipeline/artifacts/q1/preprocess/segments/302503_0006.wav,जी
302503,102673,hi,7,62.06,63.5,1.44,/kaggle/working/Hindi-ASR-Whisper-Pipeline/artifacts/q1/preprocess/segments/302503_0007.wav,हां मतलब रॉक्स एटी
302503,102673,hi,8,71.72,86.24,14.52,/kaggle/working/Hindi-ASR-Whisper-Pipeline/artifacts/q1/preprocess/segments/302503_0008.wav,हम्म जी
302503,102673,hi,9,86.75,98.9,12.15,/kaggle/working/Hindi-ASR-Whisper-Pipeline/artifacts/q1/preprocess/segments/302503_0009.wav,हूं जी
302503,102673,hi,10,100.49,115.25,14.76,/kaggle/working/Hindi-ASR-Whisper-Pipeline/artifacts/q1/preprocess/segments/302503_0010.wav,REDACTED
302503,102673,hi,11,115.46,130.34,14.88,/kaggle/working/Hindi-ASR-Whisper-Pipeline/artifacts/q1/preprocess/segments/302503_0011.wav,जी क्या मतलब तेरा खेलते हैं और सब हम्म
302503,102673,hi,12,132.17,146.45,14.28,/kaggle/working/Hindi-ASR-Whisper-Pipeline/artifacts/q1/preprocess/segments/302503_0012.wav,क्या मन खिलाड़ी अच्छा अच्छा सचिन तेंदुलकर जी जी सर
302503,102673,hi,13,146.48,149.57,3.09,/kaggle/working/Hindi-ASR-Whisper-Pipeline/artifacts/q1/preprocess/segments/302503_0013.wav,गॉड आफ क्रिकेट
302503,102673,hi,15,154.76,165.56,10.8,/kaggle/working/Hindi-ASR-Whisper-Pipeline/artifacts/q1/preprocess/segments/302503_0015.wav,सबसे ज्यादा शायद रोहित शर्मा है ना ओल्डिस्ट तो विराट कोहली अच्छा
302503,102673,hi,16,168.74,173.78,5.04,/kaggle/working/Hindi-ASR-Whisper-Pipeline/artifacts/q1/preprocess/segments/302503_0016.wav,हु जी आर सी बी नही
302503,102673,hi,17,175.91,190.73,14.82,/kaggle/working/Hindi-ASR-Whisper-Pipeline/artifacts/q1/preprocess/segments/302503_0017.wav,ह्म्म ऐसे तो पता नहीं ऑरेंज कैप की शैली थी अच्छा
302503,102673,hi,18,191.45,205.4,13.95,/kaggle/working/Hindi-ASR-Whisper-Pipeline/artifacts/q1/preprocess/segments/302503_0018.wav,हूं अच्छा हूं
302503,102673,hi,19,205.67,215.78,10.11,/kaggle/working/Hindi-ASR-Whisper-Pipeline/artifacts/q1/preprocess/segments/302503_0019.wav,ह्म्म्म नई लास्ट वाला नहीं देखा मैंने कोई सपना लोग जी हम्म नई पता मेरे को
302503,102673,hi,20,218.15,230.21,12.06,/kaggle/working/Hindi-ASR-Whisper-Pipeline/artifacts/q1/preprocess/segments/302503_0020.wav,और बताइए क्या हा वॉलीवॉल वॉलीवॉल
302503,102673,hi,21,233.09,247.64,14.55,/kaggle/working/Hindi-ASR-Whisper-Pipeline/artifacts/q1/preprocess/segments/302503_0021.wav,हम्म जिसमें सिक्स प्लेयर्स होते हैं और थ्री और इन एक्स एक्स्ट्रा जी
302503,102673,hi,23,259.91,274.79,14.88,/kaggle/working/Hindi-ASR-Whisper-Pipeline/artifacts/q1/preprocess/segments/302503_0023.wav,हूम हूम कबड्डी हॉकी सोरी
302503,102673,hi,24,274.97,286.88,11.91,/kaggle/working/Hindi-ASR-Whisper-Pipeline/artifacts/q1/preprocess/segments/302503_0024.wav,जी जी आ रही आ रही ह हॉकी में ग्यारह ही होते हैं
302503,102673,hi,25,292.67,295.43,2.76,/kaggle/working/Hindi-ASR-Whisper-Pipeline/artifacts/q1/preprocess/segments/302503_0025.wav,हूं जी
302503,102673,hi,26,304.82,310.4,5.58,/kaggle/working/Hindi-ASR-Whisper-Pipeline/artifacts/q1/preprocess/segments/302503_0026.wav,रुनाल्डो मैसी नेमार
302503,102673,hi,28,325.22,337.07,11.85,/kaggle/working/Hindi-ASR-Whisper-Pipeline/artifacts/q1/preprocess/segments/302503_0028.wav,जी लगभग सारी देखे हैं जी और आप कोनसा और आपने कौन से देखे हैं
302503,102673,hi,29,343.7,344.75,1.05,/kaggle/working/Hindi-ASR-Whisper-Pipeline/artifacts/q1/preprocess/segments/302503_0029.wav,जी जी
302503,102673,hi,30,347.06,360.89,13.83,/kaggle/working/Hindi-ASR-Whisper-Pipeline/artifacts/q1/preprocess/segments/302503_0030.wav,जैबलिंग थ्रो
302503,102673,hi,31,370.79,383.99,13.2,/kaggle/working/Hindi-ASR-Whisper-Pipeline/artifacts/q1/preprocess/segments/302503_0031.wav,हम्म बेसबॉल बास्केटबॉल जी
302503,102673,hi,32,384.02,395.18,11.16,/kaggle/working/Hindi-ASR-Whisper-Pipeline/artifacts/q1/preprocess/segments/302503_0032.wav,और हमारे टॉपिक्स क्या क्या है सड़क किनारे के खाने के यादें दोस्त के साथ हम्म प्रिश शेयर करना परिवार की परंपराओं को हम्म
302503,102673,hi,33,398.69,401.63,2.94,/kaggle/working/Hindi-ASR-Whisper-Pipeline/artifacts/q1/preprocess/segments/302503_0033.wav,परंपराओं को सीढ़ी दर सीढी चलाना
302503,102673,hi,34,403.91,406.82,2.91,/kaggle/working/Hindi-ASR-Whisper-Pipeline/artifacts/q1/preprocess/segments/302503_0034.wav,हां ये तो है यही था हमारा मेंन टॉपिक तो
302503,102673,hi,36,416.0,418.58,2.58,/kaggle/working/Hindi-ASR-Whisper-Pipeline/artifacts/q1/preprocess/segments/302503_0036.wav,जी जी
302506,243194,hi,1,6.8,13.34,6.54,/kaggle/working/Hindi-ASR-Whisper-Pipeline/artifacts/q1/preprocess/segments/302506_0001.wav,क्रिकेट क्रिकेट क्रिकेट के बारे मै बताइये ना सर क्रिकेट के बारे में बताओ ना सर
302506,243194,hi,2,21.83,24.59,2.76,/kaggle/working/Hindi-ASR-Whisper-Pipeline/artifacts/q1/preprocess/segments/302506_0002.wav,जैसे बाउंड्री टेस्ट क्रिकेट में जो बाउ.
302506,243194,hi,3,29.24,41.39,12.15,/kaggle/working/Hindi-ASR-Whisper-Pipeline/artifacts/q1/preprocess/segments/302506_0003.wav,सी सिक्थ वालाओं का एक ओवर होता है जैसे सर जे जो बाउंड्री होती है ना कितनी मीटर रहती है जैसे सिक्स मारेंगे ना तो बाउंड्री कितनी मीटर में कितना क्या रहता है दूरी
302506,243194,hi,4,46.4,49.4,3.0,/kaggle/working/Hindi-ASR-Whisper-Pipeline/artifacts/q1/preprocess/segments/302506_0004.wav,लॉन्ग लॉन्ग लॉन्ग में स्टेट वर्क
302506,243194,hi,5,53.0,56.24,3.24,/kaggle/working/Hindi-ASR-Whisper-Pipeline/artifacts/q1/preprocess/segments/302506_0005.wav,यस लोंग में रिस्टेट में कितना होता था
302506,243194,hi,6,59.42,61.25,1.83,/kaggle/working/Hindi-ASR-Whisper-Pipeline/artifacts/q1/preprocess/segments/302506_0006.wav,स्टेट स्टेट में सी डी एम है
302506,243194,hi,7,66.65,76.94,10.29,/kaggle/working/Hindi-ASR-Whisper-Pipeline/artifacts/q1/preprocess/segments/302506_0007.wav,आपका आक्शन रेड्डी है जी बिल्कुल सर जैसे अपन ग्यारह खिलाड़ी रहते हैं ग्यारह खिलाड़ियों में कितनी दूरी रहती है कितनी रहती है
302506,243194,hi,8,80.12,85.52,5.4,/kaggle/working/Hindi-ASR-Whisper-Pipeline/artifacts/q1/preprocess/segments/302506_0008.wav,बीच मे जो दूरी बनी रहती है उसमें कितनी दूरी रहते है क्रिकेट खिलाड़ियों क्रिकेट के खिलाड़ियों में
302506,243194,hi,9,87.53,90.08,2.55,/kaggle/working/Hindi-ASR-Whisper-Pipeline/artifacts/q1/preprocess/segments/302506_0009.wav,जो की प्रेम होता है ना जो इस्ट
302506,243194,hi,10,94.16,101.48,7.32,/kaggle/working/Hindi-ASR-Whisper-Pipeline/artifacts/q1/preprocess/segments/302506_0010.wav,जो कीपरिंग लगता है ना पर ना पीछे वाला उसमें कितनी दूरी रहती है जो विकेट के विकेट के विकेट कीपर के बाद में
302506,243194,hi,11,104.39,117.11,12.72,/kaggle/working/Hindi-ASR-Whisper-Pipeline/artifacts/q1/preprocess/segments/302506_0011.wav,विकेट कीपर दस मीटर की दूरी पर लगा रहता है जो उसके साथ उसके साथ में लोगों पर में और लॉन में और में इस
302506,243194,hi,12,117.11,119.66,2.55,/kaggle/working/Hindi-ASR-Whisper-Pipeline/artifacts/q1/preprocess/segments/302506_0012.wav,डेट में ये ऐसे खिलाड़ियों के कितने बारे में
302506,243194,hi,13,123.5,126.68,3.18,/kaggle/working/Hindi-ASR-Whisper-Pipeline/artifacts/q1/preprocess/segments/302506_0013.wav,अरदसक लगाने वाले कितने खिलाड़ी हैं सर
302506,243194,hi,14,128.9,136.13,7.23,/kaggle/working/Hindi-ASR-Whisper-Pipeline/artifacts/q1/preprocess/segments/302506_0014.wav,सबसे महान खिलाड़ी कौन से सबसे महान खिलाड़ी कौन सा है क्रिकेटर में सबसे महान खिलाड़ी कौन सा है अच्छ
302506,243194,hi,15,138.74,151.34,12.6,/kaggle/working/Hindi-ASR-Whisper-Pipeline/artifacts/q1/preprocess/segments/302506_0015.wav,महान महान या सचिन तेंदुलकर को कहा जाता है जी बिल्कुल सर सबसे ज्यादा सबसे ज्यादा शतक लगाने वाला खिलाड़ी कौन सा है सर
302506,243194,hi,16,154.19,156.65,2.46,/kaggle/working/Hindi-ASR-Whisper-Pipeline/artifacts/q1/preprocess/segments/302506_0016.wav,सब से ज्यादा शतक लगाने वाला खिलाड़ी
302506,243194,hi,17,160.7,170.75,10.05,/kaggle/working/Hindi-ASR-Whisper-Pipeline/artifacts/q1/preprocess/segments/302506_0017.wav,होता हैं जी जी बिल्कुल सर जी बिल्कुल दो हजार पच्चीस का आईपीएल किसने जीता था सर
302506,243194,hi,18,174.02,177.08,3.06,/kaggle/working/Hindi-ASR-Whisper-Pipeline/artifacts/q1/preprocess/segments/302506_0018.wav,जी उसमें सबसे ज़्यादा रन कित किसके थे
302506,243194,hi,20,185.51,198.89,13.38,/kaggle/working/Hindi-ASR-Whisper-Pipeline/artifacts/q1/preprocess/segments/302506_0020.wav,अ. साईं सुदर्सन के थे ज ज ज्यादा रन यानि 648 रन ते उनके सायद नेती नेती 600 प्लस थे या येस हम्म
302506,243194,hi,21,200.36,205.91,5.55,/kaggle/working/Hindi-ASR-Whisper-Pipeline/artifacts/q1/preprocess/segments/302506_0021.wav,जी सर ताे आपसे ज्यादा विकेट कैसे ले लिए थे तो आपने देखा होना था दो हजार पचीस का आई पी एल
302506,243194,hi,22,210.11,212.72,2.61,/kaggle/working/Hindi-ASR-Whisper-Pipeline/artifacts/q1/preprocess/segments/302506_0022.wav,अच्छा जब से ज्यादा वीकेंड किस के आए थे
302506,243194,hi,23,215.45,218.66,3.21,/kaggle/working/Hindi-ASR-Whisper-Pipeline/artifacts/q1/preprocess/segments/302506_0023.wav,अच्छा जी बिल्कुल सही जगह है ना
302506,243194,hi,24,220.88,229.64,8.76,/kaggle/working/Hindi-ASR-Whisper-Pipeline/artifacts/q1/preprocess/segments/302506_0024.wav,आपका फेवरेट आपका फेवरेट वो कौन सा है पसंदीदा खेल आपका पसंदीदा खेल कौन सा है
302506,243194,hi,25,231.71,233.3,1.59,/kaggle/working/Hindi-ASR-Whisper-Pipeline/artifacts/q1/preprocess/segments/302506_0025.wav,वॉली बाल मे कितना क्या रहता है
302506,243194,hi,27,239.75,253.4,13.65,/kaggle/working/Hindi-ASR-Whisper-Pipeline/artifacts/q1/preprocess/segments/302506_0027.wav,जी खो खो पसंदीदा खेल है अपना खो खो बहुत अच्छा लगता है खेलने में जैसे कबड्डी खेला कबड्डी खेला है कब्बड्डी
302506,243194,hi,28,254.69,260.09,5.4,/kaggle/working/Hindi-ASR-Whisper-Pipeline/artifacts/q1/preprocess/segments/302506_0028.wav,बात का पित्त कील कौन सा है सर बात केल
302506,243194,hi,29,263.57,264.92,1.35,/kaggle/working/Hindi-ASR-Whisper-Pipeline/artifacts/q1/preprocess/segments/302506_0029.wav,नही रॉकी
302506,243194,hi,30,267.14,271.16,4.02,/kaggle/working/Hindi-ASR-Whisper-Pipeline/artifacts/q1/preprocess/segments/302506_0030.wav,हा क्योंकि जो हॉकी है सर उसमें खिलाड़ी कितने रहते है
302506,243194,hi,31,276.05,279.08,3.03,/kaggle/working/Hindi-ASR-Whisper-Pipeline/artifacts/q1/preprocess/segments/302506_0031.wav,जी बिल्कुल सर वॉयस आ रही है
302506,243194,hi,32,288.5,302.48,13.98,/kaggle/working/Hindi-ASR-Whisper-Pipeline/artifacts/q1/preprocess/segments/302506_0032.wav,जी बिल्कुल सर फ़ुटबॉल भी यह बहुत अच्छा खेल है सर उसमें उसको महान खिलाड़ीयों में खेलों में खेला जाता है जैसे के
302506,243194,hi,33,304.55,313.79,9.24,/kaggle/working/Hindi-ASR-Whisper-Pipeline/artifacts/q1/preprocess/segments/302506_0033.wav,रोनाल्ड रोनाल्ड रोनाल्डो को देखो रोनाल्डो और मेसी हो गए और बहुत सारे बहुत सारे खिलाड़ी हैं उसमें
302506,243194,hi,34,315.89,321.92,6.03,/kaggle/working/Hindi-ASR-Whisper-Pipeline/artifacts/q1/preprocess/segments/302506_0034.wav,जी बिल्कुल सर और आपने क्या क्या केल देखें जाए अपने आपने अपनी जीवन में
302506,243194,hi,35,324.05,326.39,2.34,/kaggle/working/Hindi-ASR-Whisper-Pipeline/artifacts/q1/preprocess/segments/302506_0035.wav,कौन कौन से खेल देखे हैं आप अपने जीवन में
302506,243194,hi,37,334.01,335.93,1.92,/kaggle/working/Hindi-ASR-Whisper-Pipeline/artifacts/q1/preprocess/segments/302506_0037.wav,लक क्या है सर
302506,243194,hi,38,338.72,352.82,14.1,/kaggle/working/Hindi-ASR-Whisper-Pipeline/artifacts/q1/preprocess/segments/302506_0038.wav,हमने भी बहुत लगावा बहुत सारे देखें जैसे क्रिकेटर हो गया फूट बोलर हो गया हॉकी हो गया जै नीरज चोपरा कौन सा लूप कहलाता सर गेलवंत ट्रू देखा था और
302506,243194,hi,39,354.71,367.94,13.23,/kaggle/working/Hindi-ASR-Whisper-Pipeline/artifacts/q1/preprocess/segments/302506_0039.wav,REDACTED
302506,243194,hi,40,370.16,373.67,3.51,/kaggle/working/Hindi-ASR-Whisper-Pipeline/artifacts/q1/preprocess/segments/302506_0040.wav,ऐसे बहुत से खेल खेले हैं हमने जी सर
302506,243194,hi,41,375.8,385.88,10.08,/kaggle/working/Hindi-ASR-Whisper-Pipeline/artifacts/q1/preprocess/segments/302506_0041.wav,बैसबल हो गया बस पिकलारिड बस बासकेट बोल हो गया चीसा यस
302506,243194,hi,42,390.56,395.99,5.43,/kaggle/working/Hindi-ASR-Whisper-Pipeline/artifacts/q1/preprocess/segments/302506_0042.wav,दोस्तों के साथ बहुत मजा आता है ये दोस्तों के साथ अगर क्रिकेट देखने मे बहुत आनंद आता है
302506,243194,hi,45,408.62,420.86,12.24,/kaggle/working/Hindi-ASR-Whisper-Pipeline/artifacts/q1/preprocess/segments/302506_0045.wav,नहीं हा सरअह पसंदीदा किलता अपने वारे स्कूल के बाद सट पर मिनने वाले कान कानों का मजा भरकी बनी मिटाईया के किसी क्या रहता है सर जी बिलकुल सर
305308,224349,hi,0,1.4,7.46,6.06,/kaggle/working/Hindi-ASR-Whisper-Pipeline/artifacts/q1/preprocess/segments/305308_0000.wav,हां उसमें क्या सब करते हैं पुरानी यादों में ताजा करें तो पार्टी मनाते हैं फिर
305308,224349,hi,1,17.93,29.6,11.67,/kaggle/working/Hindi-ASR-Whisper-Pipeline/artifacts/q1/preprocess/segments/305308_0001.wav,हां तो हम जो है कॉलेज पहली बार गए थे तो पहली बार तो पहला दिन तो वो डर ही रहता है एक क बना हुआ क्योंकि आते है थे बहुत दूरदूर से
305308,224349,hi,2,31.85,46.7,14.85,/kaggle/working/Hindi-ASR-Whisper-Pipeline/artifacts/q1/preprocess/segments/305308_0002.wav,तो एक डर बना रहता है लेकिन अ किसी से बात भी उस दिन नहीं कर सकते है ज्यादा तर क्योंकि कोई पहचान ते ही नहीं है ना हम पहचानते ना वो मुझे पचाते है किसी से बात भी नहीं कर सकते है ना एक भी दोस्त रहता है
305308,224349,hi,3,46.79,60.65,13.86,/kaggle/working/Hindi-ASR-Whisper-Pipeline/artifacts/q1/preprocess/segments/305308_0003.wav,लेकिन जब पहला दिन अपना होता है तो बहुत से लोग जो आपके बेंच पे बैठे हुए होंगे उनसे बात होगी धीरे धीरे पहला दिन तो ऐसे परिचय का ही दिन रहता है
305308,224349,hi,4,62.06,73.76,11.7,/kaggle/working/Hindi-ASR-Whisper-Pipeline/artifacts/q1/preprocess/segments/305308_0004.wav,तो उस प्रकार जो है धीरे धीरे जब समय बीतते हैं तो दोस्तों ही बनने लगते हैं लेकिन अ और जो है वो उसके बाद घर से ज़्यादा जो मन है वो कौ कॉलेज में लगने लगता है
305308,224349,hi,5,76.22,90.5,14.28,/kaggle/working/Hindi-ASR-Whisper-Pipeline/artifacts/q1/preprocess/segments/305308_0005.wav,जब दोस्त बनने लगते हैं सुरू में तो आपको दिक्कत होती है लेकिन जब दोस्त सब बन जाते हैं उसके बाद कोई दिक्कत नहीं होती है तो उसके बाद जब कॉलेज कॉलेज जब समय बीतता है हो जाता है रिजल्ट
305308,224349,hi,6,90.65,104.18,13.53,/kaggle/working/Hindi-ASR-Whisper-Pipeline/artifacts/q1/preprocess/segments/305308_0006.wav,आ जाता है तो उसके बाद सभी दोस्त फिर बिछड़ जाते हैं कॉलेज में तभी कोई कही जाता है कोई किसी शहर जाता है कमाने कोई किसी शहर जाता है तो ऐसा होता है लेकिन जब उसके बाद सभी लोग
305308,224349,hi,7,104.21,118.67,14.46,/kaggle/working/Hindi-ASR-Whisper-Pipeline/artifacts/q1/preprocess/segments/305308_0007.wav,कोई ऐसा फंक्शन होता है किसी को ऐसा मौका होता है जब सभी के पास छुटी होता है तो ऐसा विचार करते हैं कि आने का कॉलेज आने का सभी लोग मिलके अपना
305308,224349,hi,8,118.79,123.83,5.04,/kaggle/working/Hindi-ASR-Whisper-Pipeline/artifacts/q1/preprocess/segments/305308_0008.wav,आते हैं कॉलेज और पार्टी वार्टि जो होता है वो अपना मनाते हैं ऐसा
305308,224349,hi,9,127.52,132.56,5.04,/kaggle/working/Hindi-ASR-Whisper-Pipeline/artifacts/q1/preprocess/segments/305308_0009.wav,नहीं ऐसा कोई चीज नहीं हुआ है अभी तक जो मैं आपसे सेयर करूँ
305308,224349,hi,10,137.51,142.22,4.71,/kaggle/working/Hindi-ASR-Whisper-Pipeline/artifacts/q1/preprocess/segments/305308_0010.wav,करियर के बारे में यह है कि
305308,224349,hi,11,145.28,159.68,14.4,/kaggle/working/Hindi-ASR-Whisper-Pipeline/artifacts/q1/preprocess/segments/305308_0011.wav,हम अभी नॉक अ कॉलेज में अभी सैयद हूँ ही तो कॉलेज ही कॉलेज में ही तो निश्चित तौर पर अभी पढ़ाई ही चल रही है और
305308,224349,hi,12,165.08,176.27,11.19,/kaggle/working/Hindi-ASR-Whisper-Pipeline/artifacts/q1/preprocess/segments/305308_0012.wav,हां इस फील्ड में अपना करियर बनाना है कोई अभी सोचा नहीं है वैसे कुछ हूं साइंस से जुड़े हुए क्षेत्र है उसमें मैं करियर बनाना चाहता हूं
305308,224349,hi,13,179.42,181.82,2.4,/kaggle/working/Hindi-ASR-Whisper-Pipeline/artifacts/q1/preprocess/segments/305308_0013.wav,और आप बताइए आपका करियर और पर
305308,224349,hi,14,189.35,204.14,14.79,/kaggle/working/Hindi-ASR-Whisper-Pipeline/artifacts/q1/preprocess/segments/305308_0014.wav,मै कॉलेज में वही जो लोग जाते हैं जैसे होम बहुत से लोग तो मोबाइल पे पहले से ही कालेज देख लेते हैं कि क्या है कालेज में कितना बड़ा कॉलेज है कहां क्या है वैसे जब कॉलेज जाते हैं धीरे धीरे जाते
305308,224349,hi,15,204.14,218.3,14.16,/kaggle/working/Hindi-ASR-Whisper-Pipeline/artifacts/q1/preprocess/segments/305308_0015.wav,तो वहां पे देखते हैं कि कहा मेरा हु लाइब्रेरी है कहां कैंटीन है कहा ये मू बहुत सी चीज कहां उ यहां तक की लोग ये देखने जाते हैं की प्रिंसिपल का ऑफिस कहां है क्योंकि कॉलेज बड़ा रहता है तो ये देखना पड़ता है
305308,224349,hi,16,220.04,228.41,8.37,/kaggle/working/Hindi-ASR-Whisper-Pipeline/artifacts/q1/preprocess/segments/305308_0016.wav,कोई काम रहता है तो जल्दी जाना होता है किसी काम के लिए तो पता रहता है तो कब अच्छा होता है तो वो सब बहुत चीज देखने में अच्छा लगता हैं
305308,224349,hi,17,233.63,240.2,6.57,/kaggle/working/Hindi-ASR-Whisper-Pipeline/artifacts/q1/preprocess/segments/305308_0017.wav,नहीं हॉस्टल मैं ऐसा कभी नहीं रहे बाहर रूम लेके र रहें लेकिन हॉस्टल में कभी नहीं आज तक रहे
305308,224349,hi,18,245.57,260.54,14.97,/kaggle/working/Hindi-ASR-Whisper-Pipeline/artifacts/q1/preprocess/segments/305308_0018.wav,हां वही किस्सा क्या रहेगा वही अ जो आ रहे है कही कभी बस छूट गया भीड़ के कारण ऐसा ही कुछ हो जाता है कभी कभार तो रूम जो है अपना जो कमरा लिए है
305308,224349,hi,19,260.66,265.28,4.62,/kaggle/working/Hindi-ASR-Whisper-Pipeline/artifacts/q1/preprocess/segments/305308_0019.wav,वो साले से बहुत दूर है और जैसे
305308,224349,hi,20,268.13,282.74,14.61,/kaggle/working/Hindi-ASR-Whisper-Pipeline/artifacts/q1/preprocess/segments/305308_0020.wav,हा एस हा स्टार्टिंग मे तो परिवार वाले सब साथ रहते हैं तो इसी तौर पे जाएंगे सब साथ जाते हैं तो कमरा तो मिल जाएगा क्योंकि सब साथ रहते है ना जब पहला दिन होता है तो सब साथ जाते हैं
305308,224349,hi,21,283.1,297.83,14.73,/kaggle/working/Hindi-ASR-Whisper-Pipeline/artifacts/q1/preprocess/segments/305308_0021.wav,उसका जब एडमिशन सब हो जाता है तो अपना कमरा वमरा ले लेते हैं सब उसके बाद एक बार कमरा में रह आ जाते हैं तो उसके बाद आ कॉलेज अजन्म
305308,224349,hi,22,297.89,300.5,2.61,/kaggle/working/Hindi-ASR-Whisper-Pipeline/artifacts/q1/preprocess/segments/305308_0022.wav,नहीं फोटो वैसे नहीं हाँ
305308,224349,hi,23,305.03,319.76,14.73,/kaggle/working/Hindi-ASR-Whisper-Pipeline/artifacts/q1/preprocess/segments/305308_0023.wav,नहीं एस एस नहीं ऐसी कोई बात नहीं है कि मुझे फोटो खिंचवाने का कोई शौक नहीं है वैसे बहुत से दोस्त लोग है जो जिनको फोटो खिंचवाने का शौक है तो वही फोटो खिचते हैं तो
305308,224349,hi,24,319.76,334.7,14.94,/kaggle/working/Hindi-ASR-Whisper-Pipeline/artifacts/q1/preprocess/segments/305308_0024.wav,मैं भी वहां पर साथ हो जाता हूं तो उसमें फोटो आता है तो उस प्रकार मेरा कोई शोक नहीं है लेकिन दोस्तों का शोक रहता है तो साथ में फोटो खिंचाते हैं और कुछकुछ एक दो फोटो खुद भी खींचते है की से ऐसा होता है कि बॉस
305308,224349,hi,25,336.29,344.45,8.16,/kaggle/working/Hindi-ASR-Whisper-Pipeline/artifacts/q1/preprocess/segments/305308_0025.wav,हाँ तो वो बोले कि दोस्त लोग ही रहते हैं और मैं फोटो खीच लेता हूँ किसी को ऐसा भी होता है हाँ
305308,224349,hi,26,354.38,369.14,14.76,/kaggle/working/Hindi-ASR-Whisper-Pipeline/artifacts/q1/preprocess/segments/305308_0026.wav,नहीं एक हाँ बदलाव ये आए कि ईस्कूल में जब थे तब छोटे थे ज्यादा कुस समझते नहीं थे मतलब ज्यादा जानकारी नहीं था ना बाहर की जानकारी थी बस स्कूल गए
305308,224349,hi,27,369.23,383.48,14.25,/kaggle/working/Hindi-ASR-Whisper-Pipeline/artifacts/q1/preprocess/segments/305308_0027.wav,अपना स्कूल में समय बिताए फिर घर आए तो वैसा कुछ अच्छा अनुभव नहीं था स्कूल में बस ये था हां स्कूल में रहते हैं तो अपना खेल कूद में ज्यादा समय रहता है तो अपना खेलते हैं तो उसमें ज्यादा मजा आता हैं
305308,224349,hi,28,384.38,397.91,13.53,/kaggle/working/Hindi-ASR-Whisper-Pipeline/artifacts/q1/preprocess/segments/305308_0028.wav,लेकिन जब कॉलेज जाते हैं तो कॉलेज में तो एक आपको एक पढ़ाई का भी प्रेशर रहता तो वह रहता है तो खेलने का भी समय तो वैसे बहुत कम बचता है लेकिन हम लोग कॉलेज में शाम को क्रिकेट
305308,224349,hi,29,397.91,411.14,13.23,/kaggle/working/Hindi-ASR-Whisper-Pipeline/artifacts/q1/preprocess/segments/305308_0029.wav,क्रिकेट भी खेलने जाते थे तो ऐसा हो जाता है लेकिन कॉलेज में अलग बहुत ज्यादा मजा आता है क्योंकि क्लास में सब लोग बड़े रहते हैं सभी तो उसमें बात करने में अलग मजा आता है
305308,224349,hi,31,421.97,430.28,8.31,/kaggle/working/Hindi-ASR-Whisper-Pipeline/artifacts/q1/preprocess/segments/305308_0031.wav,नही मैं तो इंट्रोवर्ट टाइप का आदमी हुँ अकेले रहना जी मुझे बहुत ज्यादा पसंद हैं दोस्त भी हैं लेकिन बहोत कम दोस्त हैं
305308,224349,hi,33,441.02,454.25,13.23,/kaggle/working/Hindi-ASR-Whisper-Pipeline/artifacts/q1/preprocess/segments/305308_0033.wav,हा में और और आप बताईए अपने बारे में कुछ जैसे आप बोलें की कैरियर और परिवार के बारे में आप बताये कुछ करियर और परिवार के बारे में
305308,224349,hi,34,457.01,459.29,2.28,/kaggle/working/Hindi-ASR-Whisper-Pipeline/artifacts/q1/preprocess/segments/305308_0034.wav,हां
305308,224349,hi,37,477.59,484.16,6.57,/kaggle/working/Hindi-ASR-Whisper-Pipeline/artifacts/q1/preprocess/segments/305308_0037.wav,अच्छा तो आप पसंदीदा कॉलेज में कहीं पसंद दीदा जगह पर गए थे कहीं घूमने
305308,224349,hi,38,494.93,503.48,8.55,/kaggle/working/Hindi-ASR-Whisper-Pipeline/artifacts/q1/preprocess/segments/305308_0038.wav,अच्छा और आप हॉस्टल कभी लिए थे
305308,224349,hi,39,506.45,511.16,4.71,/kaggle/working/Hindi-ASR-Whisper-Pipeline/artifacts/q1/preprocess/segments/305308_0039.wav,हां तो कोई एक ऐसी कहानी बताइए जो आप मुझसे शेयर करना चाहतें हैं
305308,224349,hi,42,529.07,532.16,3.09,/kaggle/working/Hindi-ASR-Whisper-Pipeline/artifacts/q1/preprocess/segments/305308_0042.wav,हा
305308,224349,hi,47,587.06,588.2,1.14,/kaggle/working/Hindi-ASR-Whisper-Pipeline/artifacts/q1/preprocess/segments/305308_0047.wav,हूं
305308,224349,hi,48,594.68,595.94,1.26,/kaggle/working/Hindi-ASR-Whisper-Pipeline/artifacts/q1/preprocess/segments/305308_0048.wav,हा डिस्टर्बिंग माहौल
305308,224349,hi,49,601.85,602.99,1.14,/kaggle/working/Hindi-ASR-Whisper-Pipeline/artifacts/q1/preprocess/segments/305308_0049.wav,और
305308,224349,hi,50,607.31,619.7,12.39,/kaggle/working/Hindi-ASR-Whisper-Pipeline/artifacts/q1/preprocess/segments/305308_0050.wav,हां और कोई क्लास से जुड़ी हुई कहानीयां है जैसे बहुत लोग क्या करते हैं और टीचर के साथ भी कुछ हंसी मज़ाक करते हैं तो कोई कोई ऐसा कहानी बताईए जो क्लास में आप मज़ेदार पल जो आपका बीता हो.
305308,224349,hi,52,639.92,642.32,2.4,/kaggle/working/Hindi-ASR-Whisper-Pipeline/artifacts/q1/preprocess/segments/305308_0052.wav,अच्छा फिर क्या किया
305308,224349,hi,53,644.81,646.16,1.35,/kaggle/working/Hindi-ASR-Whisper-Pipeline/artifacts/q1/preprocess/segments/305308_0053.wav,हां
305308,224349,hi,55,653.18,656.81,3.63,/kaggle/working/Hindi-ASR-Whisper-Pipeline/artifacts/q1/preprocess/segments/305308_0055.wav,हां हां हम्म
305308,224349,hi,56,666.89,669.35,2.46,/kaggle/working/Hindi-ASR-Whisper-Pipeline/artifacts/q1/preprocess/segments/305308_0056.wav,हां
305308,224349,hi,59,688.43,689.63,1.2,/kaggle/working/Hindi-ASR-Whisper-Pipeline/artifacts/q1/preprocess/segments/305308_0059.wav,हां
305308,224349,hi,60,698.48,702.08,3.6,/kaggle/working/Hindi-ASR-Whisper-Pipeline/artifacts/q1/preprocess/segments/305308_0060.wav,हां टीचर जब शामिल हो जाते है तो मजा आने लगता हैं बोहोत
305308,224349,hi,61,715.88,719.93,4.05,/kaggle/working/Hindi-ASR-Whisper-Pipeline/artifacts/q1/preprocess/segments/305308_0061.wav,और आपको फोटो खींचाना पंसद है
305308,224349,hi,64,734.72,737.6,2.88,/kaggle/working/Hindi-ASR-Whisper-Pipeline/artifacts/q1/preprocess/segments/305308_0064.wav,कभी ऐसा नहीं हुआ है की हां
305308,224349,hi,66,745.04,755.36,10.32,/kaggle/working/Hindi-ASR-Whisper-Pipeline/artifacts/q1/preprocess/segments/305308_0066.wav,हां तो कभी दोस्तों के साथ भी ऐसा नही हुआ है कि दोस्त लोग ऐसा होता है कि बोल देते है तुम नहीं फोटो खिंचवाना चाहते हो तो तुम फोटो खींचों हम लोग बैठते है तुम फोटो खींचों ऐसा हुआ है कभी
305308,224349,hi,67,759.2,771.86,12.66,/kaggle/working/Hindi-ASR-Whisper-Pipeline/artifacts/q1/preprocess/segments/305308_0067.wav,अच्छा ऐसा भी होता है की कभी किसी का चेहरा काट दो तो वोभी बोलते है की मेरा चेहरा काट काट दीया ऐसा होता है कभी
305308,224349,hi,68,777.05,782.15,5.1,/kaggle/working/Hindi-ASR-Whisper-Pipeline/artifacts/q1/preprocess/segments/305308_0068.wav,और कभी जिंदगी में आए बदलाव के बारे में बताइए
305308,224349,hi,69,784.64,786.86,2.22,/kaggle/working/Hindi-ASR-Whisper-Pipeline/artifacts/q1/preprocess/segments/305308_0069.wav,जैसे स्कूल में जो बदलाव होता था
305308,224349,hi,70,789.02,794.3,5.28,/kaggle/working/Hindi-ASR-Whisper-Pipeline/artifacts/q1/preprocess/segments/305308_0070.wav,हां जैसे आप स्कूल हां
305308,224349,hi,72,836.54,839.93,3.39,/kaggle/working/Hindi-ASR-Whisper-Pipeline/artifacts/q1/preprocess/segments/305308_0072.wav,और कुछ ऐसा पल जो आपने अपने कॉलेज में बिताए हो
305308,224349,hi,73,849.14,864.08,14.94,/kaggle/working/Hindi-ASR-Whisper-Pipeline/artifacts/q1/preprocess/segments/305308_0073.wav,पुराने टीचर्स से ऐसा स्कूल में होता हैं दोस्त से तो नहीं मिला हो ऐसा कोई नहीं लेकिन टीचर जो पहले स्कूल में पढ़ते थे क्यूंकि अब तों कॉलेज के हो गए तों स्कूल में जो पढ़ते थे तों कभी कभार गांव जाते हैं
305308,224349,hi,74,864.14,878.9,14.76,/kaggle/working/Hindi-ASR-Whisper-Pipeline/artifacts/q1/preprocess/segments/305308_0074.wav,तो उनसे मिलते हैं तो सभी लोग तो गांव में गांव का स्कूल रहता है तो उसमे तो सभी बच्चों को तो पहचानते ही रहते हैं ऐसे ही होता है जाते हैं तब मिलते हैं सर पूछते हैं की
305308,224349,hi,75,878.93,892.07,13.14,/kaggle/working/Hindi-ASR-Whisper-Pipeline/artifacts/q1/preprocess/segments/305308_0075.wav,क्या सबकुछ ठीक हैं बस वहीं आप क्या करते हो जो सर पूछना चाहिए वही पूछते हैं अपना बस वहीं मिलते हैं वैसे आप मिले हैं कभी
305308,224349,hi,79,919.01,922.76,3.75,/kaggle/working/Hindi-ASR-Whisper-Pipeline/artifacts/q1/preprocess/segments/305308_0079.wav,बहुत बहुत अच्छा लगता हैं ठीक हैं
305308,224349,hi,81,932.45,939.56,7.11,/kaggle/working/Hindi-ASR-Whisper-Pipeline/artifacts/q1/preprocess/segments/305308_0081.wav,दूसरा टॉपिक इसमें एक टॉपिक है ज्यादा संपर्क में रहने की योजना बनाना तो इसका क्या मतलब हुआ क्या आप समझाएंगे
305308,224349,hi,82,963.95,978.65,14.7,/kaggle/working/Hindi-ASR-Whisper-Pipeline/artifacts/q1/preprocess/segments/305308_0082.wav,हां अच्छा हां तो में मेरा भी वही है कि मैं भी चाहता हूं कि एक जैसे आप बोले ना इंट्रोवर्ट वो इंट्रोवर्ड टाइप का आदमी हूं एकांत में रहने वाला आदमी हूं ज्यादा फोन नम्बर किसी का यूज़ नहीं करता
305308,224349,hi,83,978.74,993.2,14.46,/kaggle/working/Hindi-ASR-Whisper-Pipeline/artifacts/q1/preprocess/segments/305308_0083.wav,ज्यादा अगर दोस्त फोन भी करते हैं तों वो ही फोन करते हैं मैं आजतक किसी दोस्त को फ़ोन नहीं किया वही फोन करते हैं बस जो नहीं मुझे मतलब फ़ोन पे बात करना ज्यादा अच्छा नहीं लगता है इसलिए अपना
305308,224349,hi,84,993.29,995.03,1.74,/kaggle/working/Hindi-ASR-Whisper-Pipeline/artifacts/q1/preprocess/segments/305308_0084.wav,जो हैं वो नहीं करते है
305308,224349,hi,85,998.27,1003.1,4.83,/kaggle/working/Hindi-ASR-Whisper-Pipeline/artifacts/q1/preprocess/segments/305308_0085.wav,हां आप बोलिए पढ़ाई में बीजी रहते हैं या काम में अपना व बीजी रहते हैं ऐसा ही
305308,224349,hi,86,1008.05,1009.52,1.47,/kaggle/working/Hindi-ASR-Whisper-Pipeline/artifacts/q1/preprocess/segments/305308_0086.wav,हा पार्ट टाइम जॉब
305308,224349,hi,87,1016.63,1031.63,15.0,/kaggle/working/Hindi-ASR-Whisper-Pipeline/artifacts/q1/preprocess/segments/305308_0087.wav,पार्ट टाइम जॉब जो है ना वह कभी कभार जैसे कुछ आ जाता है तो ऐसा कर लेते हैं ऐसा हर समय जैसे अभी कुछ आया तो वही कर लेते हैं अब
305308,224349,hi,88,1032.41,1037.18,4.77,/kaggle/working/Hindi-ASR-Whisper-Pipeline/artifacts/q1/preprocess/segments/305308_0088.wav,हाँ तो ऐसा कुछ कर लेते हैं कभी कभार. आप भी ऐसा.
305308,224349,hi,89,1041.08,1050.83,9.75,/kaggle/working/Hindi-ASR-Whisper-Pipeline/artifacts/q1/preprocess/segments/305308_0089.wav,नहीं कोई अं वो वो वाला नहीं करते हैं बस यही वाला करते हैं आप कोई ऐसा करते हैं अं पार्ट टाइम जॉब या फुल टाइम जॉब करते हैं
305308,224349,hi,91,1058.21,1059.8,1.59,/kaggle/working/Hindi-ASR-Whisper-Pipeline/artifacts/q1/preprocess/segments/305308_0091.wav,नहीं पहली बार है बेटा
305308,224349,hi,94,1103.45,1104.5,1.05,/kaggle/working/Hindi-ASR-Whisper-Pipeline/artifacts/q1/preprocess/segments/305308_0094.wav,ठीक है तो अ
305308,224349,hi,95,1112.51,1115.39,2.88,/kaggle/working/Hindi-ASR-Whisper-Pipeline/artifacts/q1/preprocess/segments/305308_0095.wav,मैं ग्रामीण क्षेत्र से संबंधित हूं
305308,224349,hi,96,1122.77,1127.09,4.32,/kaggle/working/Hindi-ASR-Whisper-Pipeline/artifacts/q1/preprocess/segments/305308_0096.wav,हा आप शहर में रहते हैं कमरा लेकर ऐसा
305308,224349,hi,97,1133.15,1136.33,3.18,/kaggle/working/Hindi-ASR-Whisper-Pipeline/artifacts/q1/preprocess/segments/305308_0097.wav,ठीक है हमें आप से बात करके बहुत अच्छा लगता लगा
305308,224349,hi,98,1139.0,1141.52,2.52,/kaggle/working/Hindi-ASR-Whisper-Pipeline/artifacts/q1/preprocess/segments/305308_0098.wav,धन्यवाद
305347,8063,hi,0,4.88,15.02,10.14,/kaggle/working/Hindi-ASR-Whisper-Pipeline/artifacts/q1/preprocess/segments/305347_0000.wav,आप आप अपनी कॉलेज एक्सपीरियंस मतलब अपने कॉलेज के एक्सपीरियंस के बारे में बताईए आप का का कॉलेज कितना टाइम हो गया आप कॉलेज के अपने दोस्तों से मिले हैं या नहीं
305347,8063,hi,1,29.18,30.83,1.65,/kaggle/working/Hindi-ASR-Whisper-Pipeline/artifacts/q1/preprocess/segments/305347_0001.wav,हूं
305347,8063,hi,4,73.16,75.62,2.46,/kaggle/working/Hindi-ASR-Whisper-Pipeline/artifacts/q1/preprocess/segments/305347_0004.wav,हा ये तो सई बात है
305347,8063,hi,6,105.32,112.7,7.38,/kaggle/working/Hindi-ASR-Whisper-Pipeline/artifacts/q1/preprocess/segments/305347_0006.wav,REDACTED
305347,8063,hi,7,122.48,125.06,2.58,/kaggle/working/Hindi-ASR-Whisper-Pipeline/artifacts/q1/preprocess/segments/305347_0007.wav,हाँ आपका कॉलेज यूनियन हुआ है आप होगा
305347,8063,hi,8,130.13,135.83,5.7,/kaggle/working/Hindi-ASR-Whisper-Pipeline/artifacts/q1/preprocess/segments/305347_0008.wav,आप अपने करियर और परिवार के बारे में कुछ बताए
305347,8063,hi,9,148.43,152.15,3.72,/kaggle/working/Hindi-ASR-Whisper-Pipeline/artifacts/q1/preprocess/segments/305347_0009.wav,हु
305347,8063,hi,11,157.61,162.92,5.31,/kaggle/working/Hindi-ASR-Whisper-Pipeline/artifacts/q1/preprocess/segments/305347_0011.wav,आपने अपने करियर को लेकर क्या सोचा है किस फिल्ड में अपना करियर बनाना है
305347,8063,hi,13,176.42,187.31,10.89,/kaggle/working/Hindi-ASR-Whisper-Pipeline/artifacts/q1/preprocess/segments/305347_0013.wav,अच्छा तो आप आप अपने पसंदीदा कॉलेज की मतलब कॉलेज में कहां कहां घूमे जाते हैं कॉलेज गए फिर कॉलेज बंग करें कहां घूमे जाते हैं
305347,8063,hi,14,197.93,200.45,2.52,/kaggle/working/Hindi-ASR-Whisper-Pipeline/artifacts/q1/preprocess/segments/305347_0014.wav,हु
305347,8063,hi,16,217.88,220.28,2.4,/kaggle/working/Hindi-ASR-Whisper-Pipeline/artifacts/q1/preprocess/segments/305347_0016.wav,हूं
305347,8063,hi,17,225.44,234.32,8.88,/kaggle/working/Hindi-ASR-Whisper-Pipeline/artifacts/q1/preprocess/segments/305347_0017.wav,हाँ हाँ हाँ आप कभी हॉस्टल में रहे हैं या बाहर रूम लेके
305347,8063,hi,18,239.09,248.15,9.06,/kaggle/working/Hindi-ASR-Whisper-Pipeline/artifacts/q1/preprocess/segments/305347_0018.wav,हां तो वो कुछ किस्सा बताइए मजेदार कि कहीं बाहर आप घूमने गए.
305347,8063,hi,19,251.6,254.24,2.64,/kaggle/working/Hindi-ASR-Whisper-Pipeline/artifacts/q1/preprocess/segments/305347_0019.wav,हम्म
305347,8063,hi,20,261.8,267.77,5.97,/kaggle/working/Hindi-ASR-Whisper-Pipeline/artifacts/q1/preprocess/segments/305347_0020.wav,हम्म आपको क कमरा ढूंढने में दिक्कत हुआ था स्टार्टिंग में कैसे मिला था कमरा आपको
305347,8063,hi,23,285.89,286.97,1.08,/kaggle/working/Hindi-ASR-Whisper-Pipeline/artifacts/q1/preprocess/segments/305347_0023.wav,ह्म्म
305347,8063,hi,24,292.79,307.1,14.31,/kaggle/working/Hindi-ASR-Whisper-Pipeline/artifacts/q1/preprocess/segments/305347_0024.wav,हा हा और साथ मे फोटो खिचवाने का शौक है दोस्तों कई लोग होते है जो मतलब जाते हैं तो बस घूमते हैं फोटो खिंचवाने का शौक नहीं होता है कई लोग होते है यहां फोटो लो वहाँ फोटो लो
305347,8063,hi,25,324.29,334.52,10.23,/kaggle/working/Hindi-ASR-Whisper-Pipeline/artifacts/q1/preprocess/segments/305347_0025.wav,हां आप अपना अमर हां
305347,8063,hi,26,340.88,353.54,12.66,/kaggle/working/Hindi-ASR-Whisper-Pipeline/artifacts/q1/preprocess/segments/305347_0026.wav,ह्म्म अपना वो अ अपना व्यक्तिगत अ अनुभव बताइए कि जब आप स्कूल में थे और कॉलेज में गए तो कैसे कैसे बदलाव आया आपके अंदर
305347,8063,hi,27,361.4,362.48,1.08,/kaggle/working/Hindi-ASR-Whisper-Pipeline/artifacts/q1/preprocess/segments/305347_0027.wav,ह्म्म
305347,8063,hi,28,364.49,367.1,2.61,/kaggle/working/Hindi-ASR-Whisper-Pipeline/artifacts/q1/preprocess/segments/305347_0028.wav,हम्मम
305347,8063,hi,30,390.41,392.69,2.28,/kaggle/working/Hindi-ASR-Whisper-Pipeline/artifacts/q1/preprocess/segments/305347_0030.wav,हम हम
305347,8063,hi,31,409.58,420.44,10.86,/kaggle/working/Hindi-ASR-Whisper-Pipeline/artifacts/q1/preprocess/segments/305347_0031.wav,हां वैसे आप इंट्रो वर्ट टाइप आदमी है या एक्स्ट्रो वर्ट आप इंटर इंट्रो वर्ट है या एक्स्ट्रो वर्ट
305347,8063,hi,32,423.77,435.77,12.0,/kaggle/working/Hindi-ASR-Whisper-Pipeline/artifacts/q1/preprocess/segments/305347_0032.wav,ह्म्म आपके दोस्त हैं अच्छा आप मतलब कोशिश करते हैं कि और ज्यादा लोगों से बात किया जाए और अपना कॉन्टैक्ट जाँन भी बनाया जाए
305347,8063,hi,33,440.06,441.86,1.8,/kaggle/working/Hindi-ASR-Whisper-Pipeline/artifacts/q1/preprocess/segments/305347_0033.wav,अच्छा
305347,8063,hi,34,445.52,448.1,2.58,/kaggle/working/Hindi-ASR-Whisper-Pipeline/artifacts/q1/preprocess/segments/305347_0034.wav,हम्म
305347,8063,hi,35,452.78,467.54,14.76,/kaggle/working/Hindi-ASR-Whisper-Pipeline/artifacts/q1/preprocess/segments/305347_0035.wav,मेरा करियार तो कलेज खतम हो चुका है और पोस्ट ग्रज्बेशन भी हो चुका है अभी फिलहाल मैं गवर्नमेंट जॉब की तयारी कर रहा हूं
305347,8063,hi,36,470.03,475.76,5.73,/kaggle/working/Hindi-ASR-Whisper-Pipeline/artifacts/q1/preprocess/segments/305347_0036.wav,तो अभी चल रहा है इसी क्षेत्र मे अपना करियर बनाने का कोशिश जारी है
305347,8063,hi,37,483.77,497.63,13.86,/kaggle/working/Hindi-ASR-Whisper-Pipeline/artifacts/q1/preprocess/segments/305347_0037.wav,मैं उतना कॉलेज अटेंड किया नहीं हूं बस पेपर देने या फिर बस काम से गया हुं मतलब मैंने पूरी तरह से कॉलेज स्किप कर दिया हां तो मेरा कुछ ऐसा अनुभव नहीं है
305347,8063,hi,38,503.18,507.23,4.05,/kaggle/working/Hindi-ASR-Whisper-Pipeline/artifacts/q1/preprocess/segments/305347_0038.wav,हां हॉस्टल में रहे हैं हॉस्टल वाली लाइक तो बेस्ट होती है
305347,8063,hi,39,511.28,524.72,13.44,/kaggle/working/Hindi-ASR-Whisper-Pipeline/artifacts/q1/preprocess/segments/305347_0039.wav,हॉस्टल वाली कहानी तो हम लोग हॉस्टल में रहते थे तो क्या था कि वहां पे एक रूम में चार लड़के रहते थे बड़े बड़े कमरे थे और एक कमरे में चार लोग रहते थे तो
305347,8063,hi,40,525.11,537.74,12.63,/kaggle/working/Hindi-ASR-Whisper-Pipeline/artifacts/q1/preprocess/segments/305347_0040.wav,सबसे बड़ी दिक्कत थी यह थी कि रात में पढ़ने को लेकर कोई होगा कि उसको रात भर पढ़ना होता है तो वो क्या करे रात भर लाइट चालू करके छोड़ देगा और बोले या मैं पढ़ रहा हूं
305347,8063,hi,41,539.03,553.82,14.79,/kaggle/working/Hindi-ASR-Whisper-Pipeline/artifacts/q1/preprocess/segments/305347_0041.wav,और कई लोगों को दिक्कत आती है कि नहीं रात में लाइट ऑफ कर दो क्यूंकि मुझे सोना है और ऑन रहने पर निन नहीं आती है तो ये लड़ाई रोज कर रहता है बहुत दिक्कत होती है इससे दूसरी लड़ाई उसमें ये होती है
305347,8063,hi,42,554.12,568.97,14.85,/kaggle/working/Hindi-ASR-Whisper-Pipeline/artifacts/q1/preprocess/segments/305347_0042.wav,खाने साफ सफाई को लेके कुछ उसमें रहेंगे जैसे मैं रहता था तो मुझे पसंद है कि सब चीजें साफ सफाई से हो सब अपने जगह पर रखा हो बिखरा उखरा न हो तो ऐसा दिखने में कोई आए तो अच्छा लगे
305347,8063,hi,43,569.75,583.31,13.56,/kaggle/working/Hindi-ASR-Whisper-Pipeline/artifacts/q1/preprocess/segments/305347_0043.wav,लेकिन मेरे जो दो रूम पार्टनर थे हैं वह तो मतलब पूरा बेट गंदा रखेंगे बिस्तर गंदा रखेंगे चादर गंदा है उनका सब और वैसे सब बिखरा पड़ा है मतलब उनके बेड पर भी बैट जाओ तो बदबू करेगा
305347,8063,hi,44,583.55,597.59,14.04,/kaggle/working/Hindi-ASR-Whisper-Pipeline/artifacts/q1/preprocess/segments/305347_0044.wav,दूसरी ये दिक्कत आती थी बारबार और फिर तुम जो पढ़ने जाओ तो वो फिर चिलाएंगे मूवी देखेंगे तो फिर वह माहौल डिस्टर्ब होता था बहुत दिक्कतें आती थी
305347,8063,hi,45,597.8,606.56,8.76,/kaggle/working/Hindi-ASR-Whisper-Pipeline/artifacts/q1/preprocess/segments/305347_0045.wav,लेकिन मजा भी आता था सब मे जो कमजोर पड़ पड़ता पड़ता था उसका मजा ली लिया जाता था
305347,8063,hi,46,619.43,634.01,14.58,/kaggle/working/Hindi-ASR-Whisper-Pipeline/artifacts/q1/preprocess/segments/305347_0046.wav,मेरा मतलब मैं तो मजा नहीं लेता था क्योंकि मैं तो आगे फर्स्ट बेंच पर बैठता था आगे हमेशा तो मैं कभी मजा नहीं लिया लेकिन एक बात मुझे याद है थे जो मुझे बहुत मानते थे वो सर
305347,8063,hi,47,634.01,648.23,14.22,/kaggle/working/Hindi-ASR-Whisper-Pipeline/artifacts/q1/preprocess/segments/305347_0047.wav,टीचर और सारे क्लास वाले लड़के मिलकर मेरा मजा ले लिए थे हां वो क्लास मैं क्लास में बैठा था फिर पता नहीं कहां से हो रस्सी वगैरह लाए और
305347,8063,hi,48,649.01,662.36,13.35,/kaggle/working/Hindi-ASR-Whisper-Pipeline/artifacts/q1/preprocess/segments/305347_0048.wav,पीछे से अगर पैंट वगैरह में बांध दिए है पूरा लंबा सा रस्से पीछे बेल्ट के पीछे और सर सर भी देख रहे थे उनको भी पता था देख लिए थे वो तो वो मेरा मजा लेने के लिए बोल दिए कि
305347,8063,hi,49,662.9,677.27,14.37,/kaggle/working/Hindi-ASR-Whisper-Pipeline/artifacts/q1/preprocess/segments/305347_0049.wav,तुम उठो और जाओ ये चीज वहां से लेकर आओ फिर मैं उठा और फिर पूरा घूमते हुए पूरे स्कूल में घूमा फिर वो चीज लेकर आया मुझे दिख नहीं रहा था वो कि मैं पीछे की बंधा हुआ हैं पूरा स्कूल देख लिया
305347,8063,hi,50,677.3,691.97,14.67,/kaggle/working/Hindi-ASR-Whisper-Pipeline/artifacts/q1/preprocess/segments/305347_0050.wav,जब मैं वापस आ रहा था सारे बच्चे जोर जोर से हंसने लगे तो मैं सोचा क्यों हंस रहे है कोई बिगड़ा वगैरह तो मैं ही जोकर बनके घूम रहा हु पूरे स्कूल में तो वो मतलब काफी मजेदार था
305347,8063,hi,51,692.15,706.22,14.07,/kaggle/working/Hindi-ASR-Whisper-Pipeline/artifacts/q1/preprocess/segments/305347_0051.wav,लेकिन उसमें उतना बुरा नहीं लगा मुझे मजा आया क्योंकि जब टीचर भी उसमें शामिल थे तो हां तो मजा था कि हां चलो कम से कम टीचर मानते हैं लड़के करते मतलब वो थोड़ा सा बुरा फील होता है
305347,8063,hi,52,706.25,712.67,6.42,/kaggle/working/Hindi-ASR-Whisper-Pipeline/artifacts/q1/preprocess/segments/305347_0052.wav,और थोड़ा सा मतलब लगता कि हाँ मज़ाक बनाया लेकिन टीचर शामिल थे तो मतलब मुझे भी मज़ा आया मैं भी हंसा खूब
305347,8063,hi,53,718.13,732.83,14.7,/kaggle/working/Hindi-ASR-Whisper-Pipeline/artifacts/q1/preprocess/segments/305347_0053.wav,नहीं मुझे तो मैं तो मेरी फोटो ही मेरे मोबाइल बहुत कम होगी और पांच हजार फोटो का मेरे गैलरी में ना तो मुश्किल से मेरा सौ सौ फोटो मुश्किल से मेरा नहीं होगा उसमें से.हम्म हम्म.
305347,8063,hi,54,733.88,745.16,11.28,/kaggle/working/Hindi-ASR-Whisper-Pipeline/artifacts/q1/preprocess/segments/305347_0054.wav,मेरा मानना है कि फोटो खींचवाने से अच्छा है उस पल का आनंद लो मतलबी पता नहीं मुझे थोड़ा सा अच्छा नहीं लगता फोटो खींचवाना अ
305347,8063,hi,55,753.47,762.14,8.67,/kaggle/working/Hindi-ASR-Whisper-Pipeline/artifacts/q1/preprocess/segments/305347_0055.wav,हां हां मैं ही खींचता हूं वो लोग खिंचवाते हैं मैं खींचता हूं
305347,8063,hi,56,766.43,776.03,9.6,/kaggle/working/Hindi-ASR-Whisper-Pipeline/artifacts/q1/preprocess/segments/305347_0056.wav,हां मैं तो आता ही नहीं रहा बीच में उसमें
305347,8063,hi,57,781.61,795.74,14.13,/kaggle/working/Hindi-ASR-Whisper-Pipeline/artifacts/q1/preprocess/segments/305347_0057.wav,हां जिन्दगी में बदलाव हो तो लगभग हर साल भर में तो कुछ न कुछ बदलाव हो जाता है स्कूल कॉलेज में मतलब थोड़ी सी थोड़ी सी परि पकाए था
305347,8063,hi,58,795.74,808.55,12.81,/kaggle/working/Hindi-ASR-Whisper-Pipeline/artifacts/q1/preprocess/segments/305347_0058.wav,आने लगती है हर साल साल जैसे आप बड़े होते हैं सीखते हैं स्कूल तक था ये मतलब के थोड़ा सा इंसान फ्री माइंड से रहता था तो लेकिन स्कूल ख़तम होने के बाद से कैरियर को लेके
305347,8063,hi,59,809.42,824.27,14.85,/kaggle/working/Hindi-ASR-Whisper-Pipeline/artifacts/q1/preprocess/segments/305347_0059.wav,क्या करना है क्या नहीं करना ये सब चीजें बहुत प्रेशर झेलनी पड़ी रही तो ये आदमी ने दुनिया देखा और बहुत सारी चीज़ें सीखी परिपक्वता पहले से बहुत ज्यादा आ गई है
305347,8063,hi,60,825.35,830.96,5.61,/kaggle/working/Hindi-ASR-Whisper-Pipeline/artifacts/q1/preprocess/segments/305347_0060.wav,जो की जरूरी जरूरी भी है इंसान को अपने विकास के लिए
305347,8063,hi,61,834.29,838.07,3.78,/kaggle/working/Hindi-ASR-Whisper-Pipeline/artifacts/q1/preprocess/segments/305347_0061.wav,हा आ
305347,8063,hi,62,840.38,851.72,11.34,/kaggle/working/Hindi-ASR-Whisper-Pipeline/artifacts/q1/preprocess/segments/305347_0062.wav,नहीं कॉलेज तो मैं स्किप कर दिया था तो ना मेरा कुछ खास पल नहीं रहा आप अपने किसी पुरानी टीचर से कभी मिले हैं या किसी दोस्त से
305347,8063,hi,63,855.71,858.68,2.97,/kaggle/working/Hindi-ASR-Whisper-Pipeline/artifacts/q1/preprocess/segments/305347_0063.wav,हम्म
305347,8063,hi,64,862.34,864.98,2.64,/kaggle/working/Hindi-ASR-Whisper-Pipeline/artifacts/q1/preprocess/segments/305347_0064.wav,हम्म हम्म
305347,8063,hi,65,867.56,869.87,2.31,/kaggle/working/Hindi-ASR-Whisper-Pipeline/artifacts/q1/preprocess/segments/305347_0065.wav,अच्छा
305347,8063,hi,67,887.9,902.66,14.76,/kaggle/working/Hindi-ASR-Whisper-Pipeline/artifacts/q1/preprocess/segments/305347_0067.wav,REDACTED
305347,8063,hi,68,902.93,916.34,13.41,/kaggle/working/Hindi-ASR-Whisper-Pipeline/artifacts/q1/preprocess/segments/305347_0068.wav,लास्ट सालों से हमें बहुत से ऐसे मतलब पाँच छे दोस्तों से मिला मैं जो पुराने दोस्त थे और मतलब बात चित तब कई पांचदस सालों से बंद हो गई थी और अजानक से मिले पिछले साल और बहुत अच्छा लगता है
305347,8063,hi,69,921.98,930.89,8.91,/kaggle/working/Hindi-ASR-Whisper-Pipeline/artifacts/q1/preprocess/segments/305347_0069.wav,हम्म मे.वो बीस मिनट कंप्लीट कर लेते हैं ना फिर काटते हैं तब तक कुछ और टॉपिक आप बोलिए
305347,8063,hi,70,939.47,954.05,14.58,/kaggle/working/Hindi-ASR-Whisper-Pipeline/artifacts/q1/preprocess/segments/305347_0070.wav,इसका मतलब यह है कि असंपर्क में रहने का मेरे कहने का मतलब कई लोग होते हैं ना जो एकदम से अपने आप को एकांत में कर लेते हैं नहीं किसी से बात नहीं करना हम कहीं ले नहीं जायेंगे तो यह उनके लिए है मतलब कि हा
305347,8063,hi,71,954.92,964.82,9.9,/kaggle/working/Hindi-ASR-Whisper-Pipeline/artifacts/q1/preprocess/segments/305347_0071.wav,जैसे ज्यादा से ज्यादा लोगों के कॉन्टैक्ट में आ सकें मतलब कहीं कभी कोई घूमने के लिए मिल जाए मतलब हर चीज में कोई ना कोई पार्टनर मिल जाए ताकि मैं किसी ना किसी की कॉन्टैक्ट में रह सकू
305347,8063,hi,76,982.16,988.79,6.63,/kaggle/working/Hindi-ASR-Whisper-Pipeline/artifacts/q1/preprocess/segments/305347_0076.wav,हम अच्छा ऐसा क्यों
305347,8063,hi,77,992.93,997.37,4.44,/kaggle/working/Hindi-ASR-Whisper-Pipeline/artifacts/q1/preprocess/segments/305347_0077.wav,जो पढ़ाई में बिजी रहते हैं
305347,8063,hi,78,1001.6,1006.4,4.8,/kaggle/working/Hindi-ASR-Whisper-Pipeline/artifacts/q1/preprocess/segments/305347_0078.wav,अपने कभी पार्ट टाइम जॉब की है
305347,8063,hi,79,1009.22,1015.46,6.24,/kaggle/working/Hindi-ASR-Whisper-Pipeline/artifacts/q1/preprocess/segments/305347_0079.wav,हूं कौन सा उसके बारे में कुछ बताइए
305347,8063,hi,80,1018.73,1033.01,14.28,/kaggle/working/Hindi-ASR-Whisper-Pipeline/artifacts/q1/preprocess/segments/305347_0080.wav,जैसे जैसे भी जो स्टॉक वाला है
305347,8063,hi,81,1034.24,1039.43,5.19,/kaggle/working/Hindi-ASR-Whisper-Pipeline/artifacts/q1/preprocess/segments/305347_0081.wav,हम्म आप इसका ट्रांसक्रिप्शन वाले प्रोग्राम से भी जुड़े हैं वो भी करते हैं
305347,8063,hi,83,1048.19,1062.05,13.86,/kaggle/working/Hindi-ASR-Whisper-Pipeline/artifacts/q1/preprocess/segments/305347_0083.wav,हूँ नहीं मैं पार्ट टाइम ही करता हूं ये आपके पहली बार है या पहले आप बात कर चुके हैं पहले भी हूँ अच्छा कल से कर रहे हैं
305347,8063,hi,84,1064.48,1078.49,14.01,/kaggle/working/Hindi-ASR-Whisper-Pipeline/artifacts/q1/preprocess/segments/305347_0084.wav,अच्छा मैं तो इससे पहले भी जुड़ा हू पहले भी कर चुका हू मैं इस जोश टोक पर काम कर चुका हू और भी मैं डाउट सॉल्विंग क्लास वगरा लेता हू ओनलाइन भी
305347,8063,hi,85,1079.66,1093.34,13.68,/kaggle/working/Hindi-ASR-Whisper-Pipeline/artifacts/q1/preprocess/segments/305347_0085.wav,तो पार्ट टाइम मैं काम करता हूं पार्ट टाइम में करता हूं ओनलाइन ही रहता है वेबसाइट भी बनाता हूं मैं लोगों के लिए न्यूज़ वाला तो मैंने पांच सात न्यूज़ चैनल के वेबसाइट भी बनाए है
305347,8063,hi,86,1093.34,1099.88,6.54,/kaggle/working/Hindi-ASR-Whisper-Pipeline/artifacts/q1/preprocess/segments/305347_0086.wav,जो लोकल न्यूज़ चैनल्स होते हैं न उनके लिए
305347,8063,hi,87,1102.94,1111.61,8.67,/kaggle/working/Hindi-ASR-Whisper-Pipeline/artifacts/q1/preprocess/segments/305347_0087.wav,अच्छा आप अ आप मतलब कौन से क्षेत्र से संबंधित हैं और वर्ग क्षेत्र मतलब सहरी क्षेत्र या ग्रामीण क्षेत्र से
305347,8063,hi,88,1116.68,1121.6,4.92,/kaggle/working/Hindi-ASR-Whisper-Pipeline/artifacts/q1/preprocess/segments/305347_0088.wav,हम्म कॉलेज में रहने के लिए क्या शहर में ही रहते हैं शहर में ही रहता हूं फिर कमरा लेके
305347,8063,hi,89,1127.0,1139.6,12.6,/kaggle/working/Hindi-ASR-Whisper-Pipeline/artifacts/q1/preprocess/segments/305347_0089.wav,अच्छा जी ठीक जब हम लोग समय पूरा हो चुका है तो आपसे बात आपसे भी बात करके बहुत अच्छा लगा धन्यवाद
319105,214507,hi,0,0.07,12.55,12.48,/kaggle/working/Hindi-ASR-Whisper-Pipeline/artifacts/q1/preprocess/segments/319105_0000.wav,ते मिलने में ही हमारा पहला दिन जाता है क्योंकि हम पहले उनसे मिलके अ पहचान एक दूसरे से करते हैं तो हमारा पहला दिन तो उसी में चला जाता है
319105,214507,hi,1,14.71,17.77,3.06,/kaggle/working/Hindi-ASR-Whisper-Pipeline/artifacts/q1/preprocess/segments/319105_0001.wav,आप बताईए
319105,214507,hi,3,33.4,40.75,7.35,/kaggle/working/Hindi-ASR-Whisper-Pipeline/artifacts/q1/preprocess/segments/319105_0003.wav,हां उनसे मिलने जुलने में उनसे बातचीत करने में एक दूसरे नए फ्रेंड बनाने में उसी में हमारा पहला दिन निकलता है जी
319105,214507,hi,4,55.33,58.42,3.09,/kaggle/working/Hindi-ASR-Whisper-Pipeline/artifacts/q1/preprocess/segments/319105_0004.wav,जी हां नए फ्रेंड्स बनाते हैं हम नई जगह पे जाके
319105,214507,hi,5,68.65,71.74,3.09,/kaggle/working/Hindi-ASR-Whisper-Pipeline/artifacts/q1/preprocess/segments/319105_0005.wav,हाँ जी
319105,214507,hi,7,77.71,81.64,3.93,/kaggle/working/Hindi-ASR-Whisper-Pipeline/artifacts/q1/preprocess/segments/319105_0007.wav,हां स्कूल भवन में मार्ग दर्शन करना इसके बारे में बताएंगे आप कुछ
319105,214507,hi,8,112.57,126.28,13.71,/kaggle/working/Hindi-ASR-Whisper-Pipeline/artifacts/q1/preprocess/segments/319105_0008.wav,जी जी और जो नया जैसे मान लीजिये अपन किसी नये स्कूल में गए तो पहले तो हमने वहाँ पे अपना फ्रेंड सर्कल बनाया हम वहाँ के टीचर्स से मिले दूसरा फिर अब वो स्कूल तो हमारे लिए नया ही है
319105,214507,hi,9,127.06,140.2,13.14,/kaggle/working/Hindi-ASR-Whisper-Pipeline/artifacts/q1/preprocess/segments/319105_0009.wav,हमें वहां के बारे में कुछ भी नहीं पता है तो जो हमारे जो फ्रेंड सर्कल जो हमने बनाया है जो हमारे सहपाठी हैं उनसे हम स्कूल का जो भवन है उसके बारे में पूछेंगे कि यहां पे
319105,214507,hi,10,140.2,153.61,13.41,/kaggle/working/Hindi-ASR-Whisper-Pipeline/artifacts/q1/preprocess/segments/319105_0010.wav,लाइब्रेरी कहा है तो हमारी क्लास कहा है और मान लीजिए ग्राउंड कहा है वॉशरूम कहा है ये सारी चीज़े हम अपने मतलब सहपाठियों से पूछते हैं जैसे ये टॉपिक दिया है स्कूल भवन
319105,214507,hi,11,153.97,156.4,2.43,/kaggle/working/Hindi-ASR-Whisper-Pipeline/artifacts/q1/preprocess/segments/319105_0011.wav,में मार्गदर्शन करना
319105,214507,hi,12,158.95,171.37,12.42,/kaggle/working/Hindi-ASR-Whisper-Pipeline/artifacts/q1/preprocess/segments/319105_0012.wav,और नेक्स्ट टॉपिक है उत्साहित लेकिन नर्वस महसूस करना तो जब हम नए स्कूल में जाते है तो हम उत्साहित तो बहुत रहते है बहुत ज्यादा एक्साईटेड रहते है कि हम नए स्कूल में आए है बट आ.
319105,214507,hi,13,171.43,185.44,14.01,/kaggle/working/Hindi-ASR-Whisper-Pipeline/artifacts/q1/preprocess/segments/319105_0013.wav,इतने सारे लोगों के बीच में जो नए लोग रहते हैं तो एक नया माहौल रहता है हैना तो नर्वस तो हम होते ही होते हैं हम क्या कोई भी बच्चा होगा नए माहौल में जाने से होते
319105,214507,hi,14,187.0,188.56,1.56,/kaggle/working/Hindi-ASR-Whisper-Pipeline/artifacts/q1/preprocess/segments/319105_0014.wav,नर्वस तो होता ही होता है
319105,214507,hi,15,191.56,199.57,8.01,/kaggle/working/Hindi-ASR-Whisper-Pipeline/artifacts/q1/preprocess/segments/319105_0015.wav,और आप बताइए इसके बारे में आपका कोई ऐसा अनुभव आप कभी कहीं ऐसे गए हो जहां आपको नर्वस फील हुआ हो
319105,214507,hi,17,232.84,234.52,1.68,/kaggle/working/Hindi-ASR-Whisper-Pipeline/artifacts/q1/preprocess/segments/319105_0017.wav,नर्वस भी थे हां .
319105,214507,hi,20,243.1,245.29,2.19,/kaggle/working/Hindi-ASR-Whisper-Pipeline/artifacts/q1/preprocess/segments/319105_0020.wav,अभी क्या कर रहे हैं आप रिसेंटली
319105,214507,hi,21,249.79,250.81,1.02,/kaggle/working/Hindi-ASR-Whisper-Pipeline/artifacts/q1/preprocess/segments/319105_0021.wav,अच्छा अभी कॉलेज हैं
319105,214507,hi,22,257.41,264.94,7.53,/kaggle/working/Hindi-ASR-Whisper-Pipeline/artifacts/q1/preprocess/segments/319105_0022.wav,नेक्स्ट टॉपिक है अह ब्रेक के दौरान दोस्तों से दोस्ती करना हां बताईए
319105,214507,hi,23,286.15,294.43,8.28,/kaggle/working/Hindi-ASR-Whisper-Pipeline/artifacts/q1/preprocess/segments/319105_0023.wav,हम्म जो हमारे फ्रेंड्स रहते हैं उनसे भी हम बात करते हैं अपनी दोस्ती को उनसे और पक्का करते हैं क्योंकि अभी हम वहाँ पे नये हैं
319105,214507,hi,24,296.56,308.83,12.27,/kaggle/working/Hindi-ASR-Whisper-Pipeline/artifacts/q1/preprocess/segments/319105_0024.wav,हा हा वही टाइम मिलता है हमको जब भी छोटी छोटी ब्रेक होती है जैसे सोती है फिर पीरियड चेंज होता है उसके समय जो भी
319105,214507,hi,25,309.4,319.36,9.96,/kaggle/working/Hindi-ASR-Whisper-Pipeline/artifacts/q1/preprocess/segments/319105_0025.wav,हमको दो मिनट का तीन मिनट का समय रहता हैं तो जो भी हम फ्रेंडस बनाते हैं हां हां उनसे हम बात करते हैं हां
319105,214507,hi,26,322.45,326.5,4.05,/kaggle/working/Hindi-ASR-Whisper-Pipeline/artifacts/q1/preprocess/segments/319105_0026.wav,और आपने कॉलेज में कितने फ्रेंड बनाए अपने नए फ्रेंड्स.
319105,214507,hi,28,337.57,341.95,4.38,/kaggle/working/Hindi-ASR-Whisper-Pipeline/artifacts/q1/preprocess/segments/319105_0028.wav,अच्छा वो जो आपके स्कूल के फ्रेंड थे वो साथ में आए थे कॉलेज आपके साथ
319105,214507,hi,30,353.14,360.85,7.71,/kaggle/working/Hindi-ASR-Whisper-Pipeline/artifacts/q1/preprocess/segments/319105_0030.wav,दूसरे फील्ड से आए अच्छा तो कैसे फ्रेंड्स हैं आपके जो आपने नए फ्रेंड्स बनाएं कैसे हैं सब
319105,214507,hi,31,371.5,376.66,5.16,/kaggle/working/Hindi-ASR-Whisper-Pipeline/artifacts/q1/preprocess/segments/319105_0031.wav,मतलब आपके साथ फ्रे फ्रेंडली बिहेव करते हैं जी
319105,214507,hi,32,381.04,385.03,3.99,/kaggle/working/Hindi-ASR-Whisper-Pipeline/artifacts/q1/preprocess/segments/319105_0032.wav,हाँ थिंकिंग तो सबकी अलगअलग ही होती है
319105,214507,hi,33,388.72,395.92,7.2,/kaggle/working/Hindi-ASR-Whisper-Pipeline/artifacts/q1/preprocess/segments/319105_0033.wav,जी हां नेक्स्ट टॉपिक है नए विषयों से परिचित होना
319105,214507,hi,34,408.76,422.29,13.53,/kaggle/working/Hindi-ASR-Whisper-Pipeline/artifacts/q1/preprocess/segments/319105_0034.wav,हाँ जो हमारे नए नए स देखिए स्कूल जाते है स्कूल से कॉलेज में हमारे कुछ सब्जेक्ट्स चेंज होते हैं होते हैं हैन आपके सेम सब्जेक्ट है जो स्कूल में थे वही सेम लिए है आपने कॉलेज मे भी
319105,214507,hi,35,426.49,440.08,13.59,/kaggle/working/Hindi-ASR-Whisper-Pipeline/artifacts/q1/preprocess/segments/319105_0035.wav,हां डिफरेंट हो जाते हैं तो हैना दो तीन दो सब्जेक्ट तो कम से कम चेंज हो ही जाते हैं तो हमको जो हमारे नए सब्जेक्ट रहते हैं उनके बारे में परिचित होना चाहिए
319105,214507,hi,36,440.11,451.57,11.46,/kaggle/working/Hindi-ASR-Whisper-Pipeline/artifacts/q1/preprocess/segments/319105_0036.wav,तो उसका हम परिचय लेते हैं उनके बारे में हम जानते हैं हा ये सबजेक्ट कैसा है उसके बारे में पढ़ते है समझते हैं कि हाँ या फिर जब हम कॉलेज में एडमिशन ले रहे हैं
319105,214507,hi,37,454.3,466.21,11.91,/kaggle/working/Hindi-ASR-Whisper-Pipeline/artifacts/q1/preprocess/segments/319105_0037.wav,तो जो हमने सब्जेक्ट फिल किये फॉर्म में हैं न वो बाद बाद बाद में कभी ऐसा भी हो जाता है कि हमारे डिसीजन चेंज हो जाता है
319105,214507,hi,38,466.57,481.12,14.55,/kaggle/working/Hindi-ASR-Whisper-Pipeline/artifacts/q1/preprocess/segments/319105_0038.wav,नहीं ये सब्जेक्ट हमको थोड़ा ठीक नहीं लग रहा है हम इसकी जगह दूसरा सब्जेक्ट ले सकते हैं तो उसके लिये हमें क्या रहता है कि अपने सहपाठियों से थोड़ा विषय के बारे में थोड़ा परिचय लेना पड़ता है कि हाँ ये कौन सा सब्जेक्ट ज्यादा सही रहेगा
319105,214507,hi,39,481.54,489.94,8.4,/kaggle/working/Hindi-ASR-Whisper-Pipeline/artifacts/q1/preprocess/segments/319105_0039.wav,क्योंकि कोई भी सब्जेक्ट होता हम अपनी कैपेसिटी के हिसाब से चूज करते है हैं ना जी
319105,214507,hi,41,505.87,508.27,2.4,/kaggle/working/Hindi-ASR-Whisper-Pipeline/artifacts/q1/preprocess/segments/319105_0041.wav,हां होता है
319105,214507,hi,42,512.35,515.98,3.63,/kaggle/working/Hindi-ASR-Whisper-Pipeline/artifacts/q1/preprocess/segments/319105_0042.wav,हाँ चेंज कर लिया आपने सबजेक्ट है ना जी
319105,214507,hi,43,518.05,519.7,1.65,/kaggle/working/Hindi-ASR-Whisper-Pipeline/artifacts/q1/preprocess/segments/319105_0043.wav,हा होता है ऐसा होता है
319105,214507,hi,44,522.04,526.93,4.89,/kaggle/working/Hindi-ASR-Whisper-Pipeline/artifacts/q1/preprocess/segments/319105_0044.wav,जी स्कूल की दिनचर्या के हिसाब से समायोजित होना
319105,214507,hi,45,529.45,532.96,3.51,/kaggle/working/Hindi-ASR-Whisper-Pipeline/artifacts/q1/preprocess/segments/319105_0045.wav,बताइए इसके बारे में स्कूल की दिनचर्या के हिसाब से समयोजित होना है
319105,214507,hi,48,548.92,563.68,14.76,/kaggle/working/Hindi-ASR-Whisper-Pipeline/artifacts/q1/preprocess/segments/319105_0048.wav,फॉलो करना फॉलो करना पड़ता है टाइम पे हमें उठना पड़ेगा टाइम पे अपनी सारी एक्टिविटीज पूरी करके फिर टाइम से हमको स्कूल के लिए निकलना पड़ेगा ताकि हम स्कूल टाइम पे पहुंच जाएं
319105,214507,hi,50,574.87,589.63,14.76,/kaggle/working/Hindi-ASR-Whisper-Pipeline/artifacts/q1/preprocess/segments/319105_0050.wav,हां हम लोगों के टाइम पे क्या होता था हां जब हम लोग स्कूल लेट हो जाते थे तो जो भी बच्चे लेट होते थे प्रेयर के टाइम पे जैसे मान लीजिए प्रेयर स्टार हो गई है और हम बाद मे जा रहे है प्रेयर स्टार्ट होने के बाद गए हम
319105,214507,hi,51,589.9,600.88,10.98,/kaggle/working/Hindi-ASR-Whisper-Pipeline/artifacts/q1/preprocess/segments/319105_0051.wav,तो हमको प्रेयर की लाइन में नहीं लगने देंगे हमको गेट के पास ही खड़े होना पड़ेगा फिर जब सारे बच्चे अंदर अपनी अपनी क्लासों में चले जाएंगे उसके बाद पनिशमेंट मिलती है
319105,214507,hi,52,602.89,607.87,4.98,/kaggle/working/Hindi-ASR-Whisper-Pipeline/artifacts/q1/preprocess/segments/319105_0052.wav,हां हमारे टाइम में तो ऐसा होता था अब अभी भी होता है
319105,214507,hi,53,610.12,612.52,2.4,/kaggle/working/Hindi-ASR-Whisper-Pipeline/artifacts/q1/preprocess/segments/319105_0053.wav,हां अभी भी होता है हां
319105,214507,hi,54,614.86,621.1,6.24,/kaggle/working/Hindi-ASR-Whisper-Pipeline/artifacts/q1/preprocess/segments/319105_0054.wav,बट कॉलेज में बट ऐसा नहीं होता है बट कॉलेज में ऐसा नहीं होता
319105,214507,hi,55,625.75,626.89,1.14,/kaggle/working/Hindi-ASR-Whisper-Pipeline/artifacts/q1/preprocess/segments/319105_0055.wav,हां
319105,214507,hi,56,632.29,645.79,13.5,/kaggle/working/Hindi-ASR-Whisper-Pipeline/artifacts/q1/preprocess/segments/319105_0056.wav,हां तो फिर अगर हम पांच दस मिनट से ज़्यादा लेट हो गए और क्लास स्टार्ट हो गई तो फिर हम उस क्लास में जाएंगे ही नहीं नेक्स्ट क्लास में जाएंगे
319105,214507,hi,57,646.96,660.04,13.08,/kaggle/working/Hindi-ASR-Whisper-Pipeline/artifacts/q1/preprocess/segments/319105_0057.wav,दूसरे सबजेक्ट के लिए हम लोग तो ऐसा ही करते थे क्योंकि फिर उतने सारे बच्चों की बीच में हम जब क्लास में जाएंगे में आई कम इन मैम में आई कम इन सर करेंगे तो फिर क्या होता है टीचर्स बहुत ज्यादा.
319105,214507,hi,58,660.31,674.17,13.86,/kaggle/working/Hindi-ASR-Whisper-Pipeline/artifacts/q1/preprocess/segments/319105_0058.wav,चिल्लाते हैं डांटते हैं आप लोग रोज का काम हो गया है लेट होने का तो फिर ऐसा लगता है कि टीचर से गुस्सा बर्दाश्त करने की बजाए हम वो आज वो क्लास हम अटेंड ही ना करें
319105,214507,hi,61,701.53,703.12,1.59,/kaggle/working/Hindi-ASR-Whisper-Pipeline/artifacts/q1/preprocess/segments/319105_0061.wav,हाँ हाँ वो करना पड़ता हैं
319105,214507,hi,62,705.34,707.5,2.16,/kaggle/working/Hindi-ASR-Whisper-Pipeline/artifacts/q1/preprocess/segments/319105_0062.wav,बनाने के लिए तो करना पड़ता है
319105,214507,hi,66,719.98,725.26,5.28,/kaggle/working/Hindi-ASR-Whisper-Pipeline/artifacts/q1/preprocess/segments/319105_0066.wav,हा नेक्स्ट टॉपिक है फूल के बाद परिवार के साथ अनुभव साझा करना
319105,214507,hi,67,731.41,732.85,1.44,/kaggle/working/Hindi-ASR-Whisper-Pipeline/artifacts/q1/preprocess/segments/319105_0067.wav,REDACTED
319105,214507,hi,69,746.95,761.05,14.1,/kaggle/working/Hindi-ASR-Whisper-Pipeline/artifacts/q1/preprocess/segments/319105_0069.wav,हाँ हाँ हम स्कूल से आते हैं तो अपने पैरंट से शेयर करते हैं कि आज का हमारा स्कूल का दिन ऐसा गया मेरा मेरे साथ पढने वाले बच्चे ने ऐसा किया दूसरे ने ऐसा किया मेरे फ्रेंड के साथ मैंने आज
319105,214507,hi,70,761.32,774.82,13.5,/kaggle/working/Hindi-ASR-Whisper-Pipeline/artifacts/q1/preprocess/segments/319105_0070.wav,कि आज हमने यह पढ़ाई कि मेरे फ्रेंडस ने मुझे बहुत अच्छे से किसी सब्जेक्ट के बारे में समझाया हमारे टीचर्स ने हमारे साथ बहुत अच्छा ट्रीट किया आज हमारे सब्जेक्ट जो भी सब्जेक्ट थे
319105,214507,hi,71,774.85,787.03,12.18,/kaggle/working/Hindi-ASR-Whisper-Pipeline/artifacts/q1/preprocess/segments/319105_0071.wav,पर्टिकुलर सब्जेक्ट को ले लो उस सब्जेक्ट के टीचर ने आज बहुत अच्छे से समझाया उनका समझाया हुआ मेरी दिमाग में बिलकुल बैठ गया है अब मैं इसको बस एक बार पढ़ूँगा तो वो मेरे दिमाग में बिल्कुल सेट हो जाएगा
319105,214507,hi,72,787.81,802.6,14.79,/kaggle/working/Hindi-ASR-Whisper-Pipeline/artifacts/q1/preprocess/segments/319105_0072.wav,ये सारी चीजे हम घर पे आके डिस्कस करते हैं. अच्छा लगा कॉलेज में सभी बहुत अच्छे हैं. कॉलेज के टीचर्स बहुत अच्छे हैं. ये सारी चीजे हम घर पे आके डिस्कस करते हैं. आप करते हो अपनी घर पे आके डिसकस.
319105,214507,hi,74,822.94,830.41,7.47,/kaggle/working/Hindi-ASR-Whisper-Pipeline/artifacts/q1/preprocess/segments/319105_0074.wav,फ्रेंड्स सर्कल में तो होती ही होगी क्योंकि अब आप घर से दूर हो तो फ्रेंड्स के साथ ही हो तो अब वही आपकी फैमिली हो गई ना
319105,214507,hi,76,839.5,848.53,9.03,/kaggle/working/Hindi-ASR-Whisper-Pipeline/artifacts/q1/preprocess/segments/319105_0076.wav,हां तो डिस्कस हम करते हैं फ्रेंड्स के साथ तो सारी ही चीज़े डिस्कस होती हैं अपनी सारी प्रॉब्लम भी शेयर करते हैं हम फ्रेंड्स के साथ में तो
319105,214507,hi,77,851.71,857.05,5.34,/kaggle/working/Hindi-ASR-Whisper-Pipeline/artifacts/q1/preprocess/segments/319105_0077.wav,चलिए ठीक है टॉपिक हमारे पूरे हो गए आपसे बात करके अच्छा लगा जी
319105,214507,hi,78,860.26,863.02,2.76,/kaggle/working/Hindi-ASR-Whisper-Pipeline/artifacts/q1/preprocess/segments/319105_0078.wav,चलिए ठीक है नमस्कार
319126,240901,hi,1,4.81,9.01,4.2,/kaggle/working/Hindi-ASR-Whisper-Pipeline/artifacts/q1/preprocess/segments/319126_0001.wav,REDACTED
319126,240901,hi,2,12.94,15.37,2.43,/kaggle/working/Hindi-ASR-Whisper-Pipeline/artifacts/q1/preprocess/segments/319126_0002.wav,यस
319126,240901,hi,3,18.55,33.19,14.64,/kaggle/working/Hindi-ASR-Whisper-Pipeline/artifacts/q1/preprocess/segments/319126_0003.wav,अ या ई आप सही बोल रहे है मतलब जो हमारा फर्स्ट डे होता है स्कूल का जो पहला दिन होता है इसमे हम मतलब नए बच्चे फिर अ जो टीचर होते है और फिर स्कूल का जो अ मतलब ओरियंटेशन होता है
319126,240901,hi,4,33.25,48.04,14.79,/kaggle/working/Hindi-ASR-Whisper-Pipeline/artifacts/q1/preprocess/segments/319126_0004.wav,ये सब समझने में हमारा हां हां हा नए फ्रेंड्स बनाने में हां तो फिर हम तब हम एकसाइटेड होते हैं थोड़ा मतलब नर्वस होते हैं
319126,240901,hi,5,49.63,53.95,4.32,/kaggle/working/Hindi-ASR-Whisper-Pipeline/artifacts/q1/preprocess/segments/319126_0005.wav,और फिर जब ब्रेक होती है तो उसमें हम अ मतलब फ्रेंडशिप करते हैं
319126,240901,hi,6,58.51,70.18,11.67,/kaggle/working/Hindi-ASR-Whisper-Pipeline/artifacts/q1/preprocess/segments/319126_0006.wav,हम्म और फिर अ जो स्कूल की जो अ अ रूटीन मतलब नेक्स्ट डे से उसकी अ रूटीन पे हम लोग आते हैं फिर उसको फॉलो करते हैं आगे ऐसे होता है
319126,240901,hi,7,72.43,76.45,4.02,/kaggle/working/Hindi-ASR-Whisper-Pipeline/artifacts/q1/preprocess/segments/319126_0007.wav,हां हां तो इस पे आप कुछ बो नेक्स्ट टॉपिक
319126,240901,hi,8,85.69,100.51,14.82,/kaggle/working/Hindi-ASR-Whisper-Pipeline/artifacts/q1/preprocess/segments/319126_0008.wav,तो जो स्कूल होती है उसमें मतलब हम कुछ टीचर जो टीचर होते हैं वो मतलब गाइड करते हैं मतलब बच्चों को कि हमें क्या फॉलो करना चाहिए स्कूल में जो क्या मतलब
319126,240901,hi,9,100.75,114.07,13.32,/kaggle/working/Hindi-ASR-Whisper-Pipeline/artifacts/q1/preprocess/segments/319126_0009.wav,कौन से एक्टिविटी मतलब करना है और कौन से मतलब चीज मतलमतलब नहीं करना ये सब चीज के बाड़े में हमें मतलब सिखाया मतलमतलब जाता है यस मैम
319126,240901,hi,11,121.18,122.65,1.47,/kaggle/working/Hindi-ASR-Whisper-Pipeline/artifacts/q1/preprocess/segments/319126_0011.wav,हम्म हम्म
319126,240901,hi,13,135.25,138.1,2.85,/kaggle/working/Hindi-ASR-Whisper-Pipeline/artifacts/q1/preprocess/segments/319126_0013.wav,हम्म
319126,240901,hi,14,146.32,148.03,1.71,/kaggle/working/Hindi-ASR-Whisper-Pipeline/artifacts/q1/preprocess/segments/319126_0014.wav,प्लेग्राउंड हां
319126,240901,hi,15,150.4,157.48,7.08,/kaggle/working/Hindi-ASR-Whisper-Pipeline/artifacts/q1/preprocess/segments/319126_0015.wav,सीख हा पूछते हैं समझते हैं हाँ हाँ हाँ
319126,240901,hi,17,173.77,186.55,12.78,/kaggle/working/Hindi-ASR-Whisper-Pipeline/artifacts/q1/preprocess/segments/319126_0017.wav,तो फर्स्ट टाइम हां नर्वस होते हैं थोड़ा हुं हुं हुं हां बुन मतलब नर्वस होता ही है
319126,240901,hi,18,188.17,189.22,1.05,/kaggle/working/Hindi-ASR-Whisper-Pipeline/artifacts/q1/preprocess/segments/319126_0018.wav,हम्म
319126,240901,hi,19,195.61,209.62,14.01,/kaggle/working/Hindi-ASR-Whisper-Pipeline/artifacts/q1/preprocess/segments/319126_0019.wav,हा अभी अभी हमारी मतलब स्कूलिंग चल रही तो सॉरी कॉलेज चल रही है तो वहां पे क्या है कि जब हम फर्स्ट मतलब एडमिशन के बाद जब
319126,240901,hi,20,209.68,224.38,14.7,/kaggle/working/Hindi-ASR-Whisper-Pipeline/artifacts/q1/preprocess/segments/319126_0020.wav,वैसे तो मतलब ओ हमारे लिए पूरा मतलब न्यू था हम तो वहां तो हम पहले एक्साइटेड थे कि क्या सिखने को मतलब मिलेगा कैसे टीचर होंगे कैसे फ्रेंड होंगे
319126,240901,hi,21,224.47,239.05,14.58,/kaggle/working/Hindi-ASR-Whisper-Pipeline/artifacts/q1/preprocess/segments/319126_0021.wav,तो हम एक तरफ एक मतलब एक्साईटेड भी थे और दूसरे तरफ मतलब मतलब मत थोड़ा सा मतलब नरवस भी थे कि हां हा नरवस भी थे तो मतलब ऐसा मत एक्सपेरिएंस था हमारा
319126,240901,hi,22,239.44,242.29,2.85,/kaggle/working/Hindi-ASR-Whisper-Pipeline/artifacts/q1/preprocess/segments/319126_0022.wav,पॉलिस के डेबे हां
319126,240901,hi,23,245.95,251.98,6.03,/kaggle/working/Hindi-ASR-Whisper-Pipeline/artifacts/q1/preprocess/segments/319126_0023.wav,अभी हमारा कॉलेज मतलब चल रहा है पोस्ट हां ग्रेजुएशन चल रहा है
319126,240901,hi,24,261.88,275.77,13.89,/kaggle/working/Hindi-ASR-Whisper-Pipeline/artifacts/q1/preprocess/segments/319126_0024.wav,यस यस तो ज हां जब क्लास की जब ब्रेक मतलब होती है तो अ जैसे पांच मिनट या फिर दस मिनट की होती है उसमें जब टीचर मतलब जाते है फिर नेक्स्ट टीचर मतलब
319126,240901,hi,25,276.4,290.2,13.8,/kaggle/working/Hindi-ASR-Whisper-Pipeline/artifacts/q1/preprocess/segments/319126_0025.wav,मतलब मतलव आते उसके बीच में मतलब पाँच मिनट की होती है गैप तो उसमें हम मतलब न्यू फ्रेंड्स मतलब मतलब नए लोगों से बात करते हैं मतलब मिलते हैं तो ऐसे हाँ फ्रेंडशिप होती है ऐसे मतलब
319126,240901,hi,26,291.88,304.21,12.33,/kaggle/working/Hindi-ASR-Whisper-Pipeline/artifacts/q1/preprocess/segments/319126_0026.wav,हां तो ऐसे नए हैं तो मतलब फ्रेंडशीप मतलब होती है ऐसे नए लोगों से यस मैम हां हुं हुं
319126,240901,hi,28,311.53,320.74,9.21,/kaggle/working/Hindi-ASR-Whisper-Pipeline/artifacts/q1/preprocess/segments/319126_0028.wav,हम्म हम्मम तो हा फ्रेड्स नाते है उसमे येस मैम
319126,240901,hi,29,325.75,339.22,13.47,/kaggle/working/Hindi-ASR-Whisper-Pipeline/artifacts/q1/preprocess/segments/319126_0029.wav,मतलब न्यू फ्रेंड्स तो ऐसे ज्यादा नहीं दो तीन ही मतलब होंगे जो हमारे पहले के फ्रेंड थे वो साथ में आये थे बस वो फ्रेंड्स अभी तक है तो जादा नहीं दो तीन ही हैं न्यू फ्रेंड्स
319126,240901,hi,30,341.89,356.41,14.52,/kaggle/working/Hindi-ASR-Whisper-Pipeline/artifacts/q1/preprocess/segments/319126_0030.wav,बैचलर किया था वो फ्रेंड्स साथ में आए थे इस्कूल फ्रेंड आ मतलब उन उनकी ट्रैक मतलब चेंज हो गई वो मतलब दूसरे फिल्ड से है वो येस मैम
319126,240901,hi,31,361.99,375.1,13.11,/kaggle/working/Hindi-ASR-Whisper-Pipeline/artifacts/q1/preprocess/segments/319126_0031.wav,मतलब फ्रैंड्स ऐसे मतलब है कि कुछ फ्रैंड्स की थिंकिंग मतलब आह सेम है कुछ कुछ की मतलब आह डिफ़रेंट है कुछ लोग चाहते हैं मतलब बिजनेस करना कुछ लोग जॉब करना चाहते है
319126,240901,hi,32,377.35,380.44,3.09,/kaggle/working/Hindi-ASR-Whisper-Pipeline/artifacts/q1/preprocess/segments/319126_0032.wav,हां तो तबकी अलग अलग थिंकिंग
319126,240901,hi,33,383.68,389.74,6.06,/kaggle/working/Hindi-ASR-Whisper-Pipeline/artifacts/q1/preprocess/segments/319126_0033.wav,अलगअलग सबकी मतलब कैपेबिलिटी सीखने की समझने की अलगअलग सबकी है
319126,240901,hi,35,397.03,409.48,12.45,/kaggle/working/Hindi-ASR-Whisper-Pipeline/artifacts/q1/preprocess/segments/319126_0035.wav,हां विषय हो सकता है जो हम मतलब हमारा अ कॉलेज का जो मतल स्ट्डीज है उसके बारे में भी मतलब हो सकता है और फिर
319126,240901,hi,36,414.19,428.26,14.07,/kaggle/working/Hindi-ASR-Whisper-Pipeline/artifacts/q1/preprocess/segments/319126_0036.wav,यस सर नहीं बहुत डिफरेंट है मतलब जो स्कूल में थे उससे डिफरेंट है
319126,240901,hi,37,428.35,433.09,4.74,/kaggle/working/Hindi-ASR-Whisper-Pipeline/artifacts/q1/preprocess/segments/319126_0037.wav,कॉलेज मे बहुत डिफरेंट हो जाते हैं यस मैम
319126,240901,hi,42,466.63,469.03,2.4,/kaggle/working/Hindi-ASR-Whisper-Pipeline/artifacts/q1/preprocess/segments/319126_0042.wav,यस यस इग्जेक्ट हाँ
319126,240901,hi,43,486.04,500.17,14.13,/kaggle/working/Hindi-ASR-Whisper-Pipeline/artifacts/q1/preprocess/segments/319126_0043.wav,यस मैम हम्म हम्म तो एक एक्सपीरियंस मतलब मेरे साथ भी मतलब मतलब हुआ था पिछले मतलब सेमेस्टर में जब मैं एक सब्जेक्ट च किया था जब मैं उसको
319126,240901,hi,44,500.2,514.78,14.58,/kaggle/working/Hindi-ASR-Whisper-Pipeline/artifacts/q1/preprocess/segments/319126_0044.wav,पढ़ना स्टार्ट किया तो मतलब मुझे लगा कि मुझे ये नहीं कुछ और मतलब चूज म म मतलब करना चाहिए तो मतलब वो मैने मत मत मतलब चेंज किया दो मंथ मतलब पढ़ने के बाद मतलब मैंने चेंज किया
319126,240901,hi,45,514.9,517.66,2.76,/kaggle/working/Hindi-ASR-Whisper-Pipeline/artifacts/q1/preprocess/segments/319126_0045.wav,तो ऐसा मतलब होता है
319126,240901,hi,46,520.18,525.01,4.83,/kaggle/working/Hindi-ASR-Whisper-Pipeline/artifacts/q1/preprocess/segments/319126_0046.wav,यस मैम
319126,240901,hi,47,527.65,530.32,2.67,/kaggle/working/Hindi-ASR-Whisper-Pipeline/artifacts/q1/preprocess/segments/319126_0047.wav,स्कूल की इंजॉय
319126,240901,hi,48,533.5,546.13,12.63,/kaggle/working/Hindi-ASR-Whisper-Pipeline/artifacts/q1/preprocess/segments/319126_0048.wav,हां तो ए ऐसा है कि स्कूल का जो हमारा या मतलब मतलब शेड्यूल है उसके अनुसार से हमें अ जैसे कि टाइम पे आना फिर उस
319126,240901,hi,49,546.34,555.04,8.7,/kaggle/working/Hindi-ASR-Whisper-Pipeline/artifacts/q1/preprocess/segments/319126_0049.wav,मतलब शेड्यूल को फॉलो करना रूटीन को फॉलो जो हमारा दिनचर्या है उसको फॉलो करना
319126,240901,hi,50,558.49,560.2,1.71,/kaggle/working/Hindi-ASR-Whisper-Pipeline/artifacts/q1/preprocess/segments/319126_0050.wav,टाइम पे पूरी करनी पड़ती है
319126,240901,hi,51,562.93,577.3,14.37,/kaggle/working/Hindi-ASR-Whisper-Pipeline/artifacts/q1/preprocess/segments/319126_0051.wav,हां अगर स्कूल टाइम पे ऐसा भी मतलब होता है कि अगर आप लेट मतलब जाओगे तो आपको इंट्री नहीं मत मतलब मतलब मतलब देते हैं ऐसे टीचर लोग ऐसा मतलब होता है सिचुएशन
319126,240901,hi,53,592.09,593.44,1.35,/kaggle/working/Hindi-ASR-Whisper-Pipeline/artifacts/q1/preprocess/segments/319126_0053.wav,नहीं लगने दे तो
319126,240901,hi,54,608.08,621.37,13.29,/kaggle/working/Hindi-ASR-Whisper-Pipeline/artifacts/q1/preprocess/segments/319126_0054.wav,यस मैम अभी भी होता है तो इसलिए हमें टाइम पे आह दिनचर्या को फॉलो मतलब करना होता है नहीं कॉलेज में भी मतलब होता हैं नहीं
319126,240901,hi,55,621.37,635.77,14.4,/kaggle/working/Hindi-ASR-Whisper-Pipeline/artifacts/q1/preprocess/segments/319126_0055.wav,कॉलेज में भी होता हैं अगर आप क्लास में अगर जाओगे लेट से तो पांच मतलब दस मिनट अगर आप लेट हो तो ठीक है अगर आप उसके बाद जाओगे तो बो मतलब मतलब अलॉय ही नहीं मतलब मत करेंगे आपको
319126,240901,hi,56,640.81,642.07,1.26,/kaggle/working/Hindi-ASR-Whisper-Pipeline/artifacts/q1/preprocess/segments/319126_0056.wav,एलो नहीं करते
319126,240901,hi,57,644.26,652.03,7.77,/kaggle/working/Hindi-ASR-Whisper-Pipeline/artifacts/q1/preprocess/segments/319126_0057.wav,हूँ यस मैम हूं हूं अच्छा
319126,240901,hi,59,665.74,668.17,2.43,/kaggle/working/Hindi-ASR-Whisper-Pipeline/artifacts/q1/preprocess/segments/319126_0059.wav,हां वो डांटते हैं फिर
319126,240901,hi,60,672.94,686.86,13.92,/kaggle/working/Hindi-ASR-Whisper-Pipeline/artifacts/q1/preprocess/segments/319126_0060.wav,नहीं तो अभी क्या होता ना कि मेम कॉलेज में क्या होता है न कि मतलब अटेंडेंनेस चईये मतलब सेवनटी फाईव पर्सेन्ट चाहिए तो मतलब आप उनसे मतलब रिक्वेस्ट करो कि मेम मतलब
319126,240901,hi,61,687.34,701.14,13.8,/kaggle/working/Hindi-ASR-Whisper-Pipeline/artifacts/q1/preprocess/segments/319126_0061.wav,आज मतलब अलाउ कर दो मतलब फिर से हम मतलब अब टाइम पे आएंगे ऐसा मतलब मतलब हा किया है हम लोगों ने कितना बार तो किया है लेट होने के बाद
319126,240901,hi,62,703.57,705.37,1.8,/kaggle/working/Hindi-ASR-Whisper-Pipeline/artifacts/q1/preprocess/segments/319126_0062.wav,हाँ
319126,240901,hi,63,707.56,717.52,9.96,/kaggle/working/Hindi-ASR-Whisper-Pipeline/artifacts/q1/preprocess/segments/319126_0063.wav,कि अटेंडेंस चाहिए था सेवंटी फाइव पॉइंट एग्जाम के लिए नहीं तो डिवार्ड का सिस्टम होता है हां डिवार्ड लग जाता है हां
319126,240901,hi,64,720.16,735.01,14.85,/kaggle/working/Hindi-ASR-Whisper-Pipeline/artifacts/q1/preprocess/segments/319126_0064.wav,REDACTED
319126,240901,hi,65,735.55,750.34,14.79,/kaggle/working/Hindi-ASR-Whisper-Pipeline/artifacts/q1/preprocess/segments/319126_0065.wav,अपना मतलब स्कूल का एक्सपीरियंस सेयर करते हैं कि आज हमारा स्कूल में मतलब हमने क्या सीखा है होमबक मतलब क्या है ये सब चीज के बारे में डिस्कस करते हैं
319126,240901,hi,66,751.72,763.93,12.21,/kaggle/working/Hindi-ASR-Whisper-Pipeline/artifacts/q1/preprocess/segments/319126_0066.wav,REDACTED
319126,240901,hi,68,781.27,795.94,14.67,/kaggle/working/Hindi-ASR-Whisper-Pipeline/artifacts/q1/preprocess/segments/319126_0068.wav,यस मैम यस मैम यस
319126,240901,hi,69,796.36,810.28,13.92,/kaggle/working/Hindi-ASR-Whisper-Pipeline/artifacts/q1/preprocess/segments/319126_0069.wav,इस वक्त ह ह एक सेकंड डिस्कस करते है फैमली मेंबर से मैम आ आ मतलब में स्कूल टाइम पे करता था पर अभी कॉलेज टाइम पे मैं घर से दूर हूं
319126,240901,hi,70,810.43,823.78,13.35,/kaggle/working/Hindi-ASR-Whisper-Pipeline/artifacts/q1/preprocess/segments/319126_0070.wav,तो फोन पे बात होती है तो थोड़ा बहुत होती है पर ज्यादा डिस्कस मतलब हो नहीं पाती है हाँ फ्रेंड सर्कल में होती है बहुत ज्यादा ही होती है डिस्कस
319126,240901,hi,71,825.04,838.6,13.56,/kaggle/working/Hindi-ASR-Whisper-Pipeline/artifacts/q1/preprocess/segments/319126_0071.wav,कॉ हां हां तो सा मतलब वो तो सारी चीजे़ मतलब साथ में ही मतलब तो फिर सब कुछ अ अ त होती है डिस्कस
319126,240901,hi,72,841.36,842.98,1.62,/kaggle/working/Hindi-ASR-Whisper-Pipeline/artifacts/q1/preprocess/segments/319126_0072.wav,यस मेम
319126,240901,hi,73,845.47,849.64,4.17,/kaggle/working/Hindi-ASR-Whisper-Pipeline/artifacts/q1/preprocess/segments/319126_0073.wav,एस मैम
319126,240901,hi,74,852.82,863.14,10.32,/kaggle/working/Hindi-ASR-Whisper-Pipeline/artifacts/q1/preprocess/segments/319126_0074.wav,ह्म्म ह्म्म यशवन्त सिंह और मुझे भी बात करके बहुत अच्छा लगा थैंक यू यशवंत नमस्कार
319431,208013,hi,0,1.97,3.95,1.98,/kaggle/working/Hindi-ASR-Whisper-Pipeline/artifacts/q1/preprocess/segments/319431_0000.wav,जी
319431,208013,hi,5,62.75,67.28,4.53,/kaggle/working/Hindi-ASR-Whisper-Pipeline/artifacts/q1/preprocess/segments/319431_0005.wav,जी परिवार से पहले बात की थी आपने छोड़ने से पहले
319431,208013,hi,11,126.56,141.35,14.79,/kaggle/working/Hindi-ASR-Whisper-Pipeline/artifacts/q1/preprocess/segments/319431_0011.wav,जी अ वही अ जितना आसानी से मतलब सिंपलीसिटी से वो बताते है अ जॉब इतनी ही होगी बस इतना ही है पर उसके बाद में कुछ और ही होता है
319431,208013,hi,12,142.01,152.51,10.5,/kaggle/working/Hindi-ASR-Whisper-Pipeline/artifacts/q1/preprocess/segments/319431_0012.wav,हाँ ज्यादा प्रेशर डाल दिया जाता हैं हाँ जिसके वजह से मेंटली स्ट्रेस भी ज्यादा बढ़ गया था मेरा और हेल्थ इश्यूज भी होने लग गई थी हाँ
319431,208013,hi,13,155.3,160.04,4.74,/kaggle/working/Hindi-ASR-Whisper-Pipeline/artifacts/q1/preprocess/segments/319431_0013.wav,हां जी हां हां हां अह बहुत ज्यादा
319431,208013,hi,14,168.5,183.44,14.94,/kaggle/working/Hindi-ASR-Whisper-Pipeline/artifacts/q1/preprocess/segments/319431_0014.wav,जी हा उस वजह से मैंने अ तबीयत भी बहुत खराब रह रही थी इसलिए हां जी हा पहले तो घरवाले ही घरवालों ने ही कहा था कि
319431,208013,hi,15,183.44,190.55,7.11,/kaggle/working/Hindi-ASR-Whisper-Pipeline/artifacts/q1/preprocess/segments/319431_0015.wav,अब नहीं अब बस छोड़ दो हम्म तब जाके मैंने रिज़ाइन कर दी थी जॉब
319431,208013,hi,16,194.48,205.79,11.31,/kaggle/working/Hindi-ASR-Whisper-Pipeline/artifacts/q1/preprocess/segments/319431_0016.wav,हाँ एकदम से जब मैं स्कूल में थी टीचिंग के लिए एकदम से तबियत खराब हो गई थी तो उसके बाद मुझे एडमिट होना पड़ा था हॉस्पिटल में
319431,208013,hi,17,207.98,222.98,15.0,/kaggle/working/Hindi-ASR-Whisper-Pipeline/artifacts/q1/preprocess/segments/319431_0017.wav,हां तो उसके बाद में तो अब रेस्ट लेने के लिए तो थोड़े दिन का गैप आ गया था मतलब फिफ्टीन डेज ऐसा पन्द्रह दिन का तो उसके बाद मैं जाके मैंने सर से कहा कि अब मुझसे नहीं होगा
319431,208013,hi,18,224.39,229.34,4.95,/kaggle/working/Hindi-ASR-Whisper-Pipeline/artifacts/q1/preprocess/segments/319431_0018.wav,तो ठीक है उन्होंने भी अच्छे से रेस्ट लेने के लिए कह दिया था
319431,208013,hi,19,231.77,241.88,10.11,/kaggle/working/Hindi-ASR-Whisper-Pipeline/artifacts/q1/preprocess/segments/319431_0019.wav,हां हां जी हांजी नहीं नहीं क्यूँ मतलब उनके आखों के सामने ही हुआ था ना ये सब इसलिए हाँ
319431,208013,hi,26,291.95,295.04,3.09,/kaggle/working/Hindi-ASR-Whisper-Pipeline/artifacts/q1/preprocess/segments/319431_0026.wav,हाँ हाँ हम्म
319431,208013,hi,29,339.95,341.3,1.35,/kaggle/working/Hindi-ASR-Whisper-Pipeline/artifacts/q1/preprocess/segments/319431_0029.wav,अच्छा
319431,208013,hi,31,363.17,365.9,2.73,/kaggle/working/Hindi-ASR-Whisper-Pipeline/artifacts/q1/preprocess/segments/319431_0031.wav,जी
319431,208013,hi,32,374.09,376.25,2.16,/kaggle/working/Hindi-ASR-Whisper-Pipeline/artifacts/q1/preprocess/segments/319431_0032.wav,हा
319431,208013,hi,35,429.44,431.15,1.71,/kaggle/working/Hindi-ASR-Whisper-Pipeline/artifacts/q1/preprocess/segments/319431_0035.wav,जी हो
319431,208013,hi,41,490.31,501.23,10.92,/kaggle/working/Hindi-ASR-Whisper-Pipeline/artifacts/q1/preprocess/segments/319431_0041.wav,जी ह्म्म जी
319431,208013,hi,42,507.2,517.76,10.56,/kaggle/working/Hindi-ASR-Whisper-Pipeline/artifacts/q1/preprocess/segments/319431_0042.wav,उह्ह हा हा उसके बाद में तो मैंने थोड़े आ दिन के बाद जॉइन किया था
319431,208013,hi,43,519.32,533.33,14.01,/kaggle/working/Hindi-ASR-Whisper-Pipeline/artifacts/q1/preprocess/segments/319431_0043.wav,हाँ जब थोड़ा मतलब एक साल का तो गैप आ गया था अ सारे ही बुलाए थे अब तो तुम्हारी तबियत ठीक हो गयी होगी आ जाओ हां
319431,208013,hi,44,533.78,548.09,14.31,/kaggle/working/Hindi-ASR-Whisper-Pipeline/artifacts/q1/preprocess/segments/319431_0044.wav,तो मुझे जाना पड़ा था मतलब वो बुला रहे हैं उनको रिस्पेक्ट फुली ना नहीं कह सकती थी इसलिए जाकर जॉइन हो गई थी पर ह
319431,208013,hi,45,548.12,550.01,1.89,/kaggle/working/Hindi-ASR-Whisper-Pipeline/artifacts/q1/preprocess/segments/319431_0045.wav,उसके बाद में करोना स्टार्ट हो गया था.
319431,208013,hi,46,552.29,562.34,10.05,/kaggle/working/Hindi-ASR-Whisper-Pipeline/artifacts/q1/preprocess/segments/319431_0046.wav,उम लकली बच गई मतलब वो फिर से फिर बाद में मैंने नहीं जॉइन किया जी
319431,208013,hi,47,563.36,569.33,5.97,/kaggle/working/Hindi-ASR-Whisper-Pipeline/artifacts/q1/preprocess/segments/319431_0047.wav,अ हाँ फिर उसके बाद में फिर अगले करियर के कदम की योजना बनाना ऐसा कुछ किया था आपने
319431,208013,hi,49,627.26,629.72,2.46,/kaggle/working/Hindi-ASR-Whisper-Pipeline/artifacts/q1/preprocess/segments/319431_0049.wav,जी जी जी सही कहा
319431,208013,hi,50,634.37,635.51,1.14,/kaggle/working/Hindi-ASR-Whisper-Pipeline/artifacts/q1/preprocess/segments/319431_0050.wav,जी
319431,208013,hi,51,638.03,641.48,3.45,/kaggle/working/Hindi-ASR-Whisper-Pipeline/artifacts/q1/preprocess/segments/319431_0051.wav,हां जी
319431,208013,hi,52,644.84,646.28,1.44,/kaggle/working/Hindi-ASR-Whisper-Pipeline/artifacts/q1/preprocess/segments/319431_0052.wav,जी. सी.
319431,208013,hi,53,648.98,656.54,7.56,/kaggle/working/Hindi-ASR-Whisper-Pipeline/artifacts/q1/preprocess/segments/319431_0053.wav,जी अ सिखे हुए पार्टों पर सोच विचार करना जैसे अ क्या सीखा आपने
319431,208013,hi,55,679.16,683.24,4.08,/kaggle/working/Hindi-ASR-Whisper-Pipeline/artifacts/q1/preprocess/segments/319431_0055.wav,जी जी जी हां
319431,208013,hi,58,717.56,723.2,5.64,/kaggle/working/Hindi-ASR-Whisper-Pipeline/artifacts/q1/preprocess/segments/319431_0058.wav,जी आ हा नए मौके का जश्न मनाना
319431,208013,hi,59,725.21,735.11,9.9,/kaggle/working/Hindi-ASR-Whisper-Pipeline/artifacts/q1/preprocess/segments/319431_0059.wav,हाँ उम्म नही उसके बाद मैंने मैने कुछ किया नही मतलब घर पे ही
319431,208013,hi,60,737.39,750.62,13.23,/kaggle/working/Hindi-ASR-Whisper-Pipeline/artifacts/q1/preprocess/segments/319431_0060.wav,हाँ नए वाले जश्न जैसे छोटी मोटी जीत जैसा कुछ भी जी छोटामोटा होता है तो बहुत खुशी होती है अ जी अ तो उस खुशी में मैं ट्रीट देती हूं
319431,208013,hi,61,750.95,759.23,8.28,/kaggle/working/Hindi-ASR-Whisper-Pipeline/artifacts/q1/preprocess/segments/319431_0061.wav,आसपास मेरे फैमिली के को जैसा कुछ भी अच्छा सा खिला दिया पिला दिया या घर पे कुछ अच्छे सा बना लिया ऐसा जश्न मनाती हूँ मैं
319431,208013,hi,62,761.33,764.63,3.3,/kaggle/working/Hindi-ASR-Whisper-Pipeline/artifacts/q1/preprocess/segments/319431_0062.wav,जी आप कुछ कहना चाहेंगे इसपे
319431,208013,hi,65,784.55,799.52,14.97,/kaggle/working/Hindi-ASR-Whisper-Pipeline/artifacts/q1/preprocess/segments/319431_0065.wav,हां मनाना भी जरूरी है ना जैसे हा यह छोटीछोटी बातें बहुत मायने रखती हैं जी हां हां दोस्तों के साथ अपने विचार शेयर करना
319431,208013,hi,67,803.21,806.24,3.03,/kaggle/working/Hindi-ASR-Whisper-Pipeline/artifacts/q1/preprocess/segments/319431_0067.wav,दोस्तों के साथ अपने विचार शेयर करना
319431,208013,hi,70,857.39,869.87,12.48,/kaggle/working/Hindi-ASR-Whisper-Pipeline/artifacts/q1/preprocess/segments/319431_0070.wav,जी हां हां हां हम जब अपने दोस्तों से शेयर करते हैं तो हमे और चार बाते भी उनसे मालूम होती थोड़ी बहुत नॉलेज भी मिल जाती है उनसे
319431,208013,hi,71,870.44,880.94,10.5,/kaggle/working/Hindi-ASR-Whisper-Pipeline/artifacts/q1/preprocess/segments/319431_0071.wav,उह जैसे अब मेरी भी एक फ्रेंड उह वो दूसरे स्कूल में टीचिंग करती थी तो मैंने उनके साथ शेयर किया था
319431,208013,hi,72,881.06,895.79,14.73,/kaggle/working/Hindi-ASR-Whisper-Pipeline/artifacts/q1/preprocess/segments/319431_0072.wav,तो मुझे पता चला कि वहां पर इतना स्ट्रेस नहीं देते जितना ये स्कूल में दे रहे थे कम सेलरी में ज्यादा से ज्यादा काम लेने की कोशिश करते थे यहां पे टीचर्स से वहां पे उनके साथ ऐसा नहीं होता था तो जब जाता
319431,208013,hi,73,895.79,910.28,14.49,/kaggle/working/Hindi-ASR-Whisper-Pipeline/artifacts/q1/preprocess/segments/319431_0073.wav,पर मुझे पता चला कि ये सब स्कूल्स में ऐसा नहीं होता है यहां कुछ ज्यादा ही प्रेशर दे रहे हैं जी हम बात बातचीत करने पर ही पता चलेगा ना अ. इसलिए बात करना ज़रूरी है
319431,208013,hi,75,914.33,919.28,4.95,/kaggle/working/Hindi-ASR-Whisper-Pipeline/artifacts/q1/preprocess/segments/319431_0075.wav,हां हम् आने वाली चुनौतियों का इंतजार करना
319431,208013,hi,79,956.21,971.06,14.85,/kaggle/working/Hindi-ASR-Whisper-Pipeline/artifacts/q1/preprocess/segments/319431_0079.wav,जी हा जी अ जो भी हमारे साथ होता है उससे हमें कुछ ना कुछ सीख तो मिलती है जी जिसके वजह से हम आगे के लिए तैयारी करते है और पिछली बार से भी
319431,208013,hi,80,971.06,978.14,7.08,/kaggle/working/Hindi-ASR-Whisper-Pipeline/artifacts/q1/preprocess/segments/319431_0080.wav,अच्छा बनने की कोशिश करते हैं जी हाँ जी
319431,208013,hi,81,983.3,984.77,1.47,/kaggle/working/Hindi-ASR-Whisper-Pipeline/artifacts/q1/preprocess/segments/319431_0081.wav,जी हूं
319431,208013,hi,83,992.0,999.77,7.77,/kaggle/working/Hindi-ASR-Whisper-Pipeline/artifacts/q1/preprocess/segments/319431_0083.wav,हाँ जी तो अभी आप अ जॉब पर हो नौकरी करते हो
319431,208013,hi,85,1008.17,1023.05,14.88,/kaggle/working/Hindi-ASR-Whisper-Pipeline/artifacts/q1/preprocess/segments/319431_0085.wav,जी हू अच्छा अच्छा जी अ नहीं मैं अभी घर पे ही हु कुछ बिजनेस का सोच रही हू
319431,208013,hi,86,1023.59,1037.27,13.68,/kaggle/working/Hindi-ASR-Whisper-Pipeline/artifacts/q1/preprocess/segments/319431_0086.wav,हां कुछ बिज़नेस मतलब अ नोकरी तो वही एक के हाथ के नीचे रह के करना थोड़ा प्रेशर ज्यादा लेना
319431,208013,hi,87,1037.39,1052.03,14.64,/kaggle/working/Hindi-ASR-Whisper-Pipeline/artifacts/q1/preprocess/segments/319431_0087.wav,ये मेरे हेल्थ के हिसाब से थोड़ा सही नहीं लग रहा तो बिजनेस का सोच रही हूं अभी तक तो कुछ कुछ मतलब अह कौन सा बिजनेस या अभी सोचा नहीं है पर
319431,208013,hi,88,1052.39,1063.13,10.74,/kaggle/working/Hindi-ASR-Whisper-Pipeline/artifacts/q1/preprocess/segments/319431_0088.wav,करूंगी तो आगे जाके बिजनेस ही करूंगी जी जी जी
319431,208013,hi,89,1073.54,1077.41,3.87,/kaggle/working/Hindi-ASR-Whisper-Pipeline/artifacts/q1/preprocess/segments/319431_0089.wav,हां हा जी जी हम्म
319431,208013,hi,91,1093.76,1099.97,6.21,/kaggle/working/Hindi-ASR-Whisper-Pipeline/artifacts/q1/preprocess/segments/319431_0091.wav,अच्छा
319431,208013,hi,96,1116.8,1131.68,14.88,/kaggle/working/Hindi-ASR-Whisper-Pipeline/artifacts/q1/preprocess/segments/319431_0096.wav,हा सही कहा और प्रेशर भी नहीं होता है और अपने लिए फ्लेक्सीबल टाइमिंग्स मतलब कभी भी किसी की इजाजत लेके करने का कुछ भी नहीं रहता है इसमें जी
319431,208013,hi,97,1131.77,1140.56,8.79,/kaggle/working/Hindi-ASR-Whisper-Pipeline/artifacts/q1/preprocess/segments/319431_0097.wav,बहुत अच्छा लगा आपसे बात करके और बहुत कुछ जानने को भी मिला आपसे जी जी धन्यवाद
330457,213009,hi,0,0.05,2.45,2.4,/kaggle/working/Hindi-ASR-Whisper-Pipeline/artifacts/q1/preprocess/segments/330457_0000.wav,अच्छा अच्छा
330457,213009,hi,1,4.76,18.8,14.04,/kaggle/working/Hindi-ASR-Whisper-Pipeline/artifacts/q1/preprocess/segments/330457_0001.wav,जी तो मैने में भी जॉब करता था कहीं पे तो एक्चुअली ऐसा हुआ जब मैंने अपना रिज्यूमे दिया था उनको या जब मैंने इंटरव्यू दिया था तो मैंने तब ही पूछा था कि मतलब जिस पोस्ट के लिए वो हायर कर रहे थे
330457,213009,hi,2,19.25,32.96,13.71,/kaggle/working/Hindi-ASR-Whisper-Pipeline/artifacts/q1/preprocess/segments/330457_0002.wav,तो मैने पूछा था कि ये चीजें मतलब यहां मतलब इन चीजों पे यहां काम होता है मतलब जो चीजें मे को आती थी वे सिख लिया जो मुझे सीखने थी तो अब तब उन्होंने एग्री किया था कि हां ये सिखाते हैं
330457,213009,hi,3,33.41,46.58,13.17,/kaggle/working/Hindi-ASR-Whisper-Pipeline/artifacts/q1/preprocess/segments/330457_0003.wav,यहां इसी पे हम काम करते है तो जब मेरी जॉब लग गई थी कॉन्ट्रैक्ट आन्ट्रैक्ट सब साइन कर लिया तो फिर मैने देखा कि उसपे तो काम हो ही नई रहा है बहुत बेसिक लेवल पर काम हो रहा है मेंको कुछ सीखने को भी नहीं मिलला था वहां
330457,213009,hi,4,46.97,61.04,14.07,/kaggle/working/Hindi-ASR-Whisper-Pipeline/artifacts/q1/preprocess/segments/330457_0004.wav,और बहुत ही बेसिक था मतलब तो इस वजह से मैंने क्विट कर दी वो जॉब बहुत जल्दी वो मतलब मेरे को ऑफर भी कर रहे थे कि कर लो करके और इसमें मतलब हम ऐसे ही काम करते हैं
330457,213009,hi,5,61.07,63.77,2.7,/kaggle/working/Hindi-ASR-Whisper-Pipeline/artifacts/q1/preprocess/segments/330457_0005.wav,फिर मैंने पर मैंने मना कर दिया मैने कहा नहीं करनी
330457,213009,hi,6,67.67,79.49,11.82,/kaggle/working/Hindi-ASR-Whisper-Pipeline/artifacts/q1/preprocess/segments/330457_0006.wav,जी तो परिवार से बात ऐसे हुई की जब शुरुआत में मतलब मैं अप्लाई कर रहा था तो उस टाइम पे तो पहले बताये जो अप्लाई करते है फिर जॉब लगते है फिर उस टाइम पे परिवार को बताते है
330457,213009,hi,7,79.49,92.3,12.81,/kaggle/working/Hindi-ASR-Whisper-Pipeline/artifacts/q1/preprocess/segments/330457_0007.wav,तो मैंने बहुत एक्साइटेड होकर बताया ऐसे ऐसे जॉब लग रही है इंटरव्यू क्रैक हो गया है सब कुछ तो करी जॉब तो उसके बाद मेरे को समझ नहीं आया कैसे बताऊं फिर बताया मैंने
330457,213009,hi,8,92.66,105.71,13.05,/kaggle/working/Hindi-ASR-Whisper-Pipeline/artifacts/q1/preprocess/segments/330457_0008.wav,तो फिर कहीं न कहीं मेरे घरवाले बोले के भई क्यों छोड़ रहा है सैलरी दे तो रहे हैं कर ले फिर मैने कहा नहीं जो मेरे को करना है वो नहीं है न फिर जब सेटिस्फेक्शन ही नहीं है मेरे को उस चीज़ का तो फिर क्या फायदा कर के
330457,213009,hi,9,105.92,117.77,11.85,/kaggle/working/Hindi-ASR-Whisper-Pipeline/artifacts/q1/preprocess/segments/330457_0009.wav,जी जी तो तब जाके मैंने उनको समझाया अच्छे से कि ऐसे ऐसे चीजें होती हैं अगर ग्रो करना है कभी तो आपको यह इन चीजों पर काम करना पड़ेगा यह बेसिक चीजें तो हर कोई भी कर लेगा तो जो
330457,213009,hi,10,117.83,128.51,10.68,/kaggle/working/Hindi-ASR-Whisper-Pipeline/artifacts/q1/preprocess/segments/330457_0010.wav,जिस चीज में मैंने करा है जिससे मैं ग्रेजुएट हूं तो मेरे को उसी चीज पर काम करना है ऐसा मैने उनको समझाया तब समझे तब फिर तब एग्री करा उन्होंने आपका क्या अनुभव पर इस पे
330457,213009,hi,15,152.63,163.25,10.62,/kaggle/working/Hindi-ASR-Whisper-Pipeline/artifacts/q1/preprocess/segments/330457_0015.wav,ओके मतलब कहीं कहीं ना कहीं आपको उन्होंने फंसाया है कि ऐसे बहुत कम काम है पर काम बहुत ज्यादा था हाश्रये ऐसे ही एक्चुअली ये ऐसे ही हायर करते हैं बहुत
330457,213009,hi,16,163.31,168.83,5.52,/kaggle/working/Hindi-ASR-Whisper-Pipeline/artifacts/q1/preprocess/segments/330457_0016.wav,ज्यादा फसाते हैं लोगों की काम कुछ भी नहीं है होता बहुत कुछ है न सैलरी होती है उसे हिसाब से
330457,213009,hi,17,170.9,172.04,1.14,/kaggle/working/Hindi-ASR-Whisper-Pipeline/artifacts/q1/preprocess/segments/330457_0017.wav,जी जी जी
330457,213009,hi,18,176.84,182.51,5.67,/kaggle/working/Hindi-ASR-Whisper-Pipeline/artifacts/q1/preprocess/segments/330457_0018.wav,अच्छा तो आपके घर वाले ऐसे समझ गए होंगे कि एस एच ये प्रॉब्लम आ रही तो बेकार ही हैं हा
330457,213009,hi,19,185.36,188.66,3.3,/kaggle/working/Hindi-ASR-Whisper-Pipeline/artifacts/q1/preprocess/segments/330457_0019.wav,आप छोड़ दीजिए जी जी बिल्कुल
330457,213009,hi,20,190.76,194.81,4.05,/kaggle/working/Hindi-ASR-Whisper-Pipeline/artifacts/q1/preprocess/segments/330457_0020.wav,हँ तो आपने अपने बॉस को जानकारी कब दी कैसे दी मतलब
330457,213009,hi,21,200.72,203.72,3.0,/kaggle/working/Hindi-ASR-Whisper-Pipeline/artifacts/q1/preprocess/segments/330457_0021.wav,जी जी अच्छा
330457,213009,hi,22,207.14,210.86,3.72,/kaggle/working/Hindi-ASR-Whisper-Pipeline/artifacts/q1/preprocess/segments/330457_0022.wav,अच्छा इत्ता सीरियस था मतलब ओके
330457,213009,hi,23,216.65,218.81,2.16,/kaggle/working/Hindi-ASR-Whisper-Pipeline/artifacts/q1/preprocess/segments/330457_0023.wav,जी जी हाँ हाँ
330457,213009,hi,26,230.93,238.46,7.53,/kaggle/working/Hindi-ASR-Whisper-Pipeline/artifacts/q1/preprocess/segments/330457_0026.wav,अच्छा मतलब कोपरेटिव थे छोड़ने के इश्य इश्यू क्रिएट नहीं करा कुछ अच्छा हम्म
330457,213009,hi,27,240.5,254.81,14.31,/kaggle/working/Hindi-ASR-Whisper-Pipeline/artifacts/q1/preprocess/segments/330457_0027.wav,जी जी जी पर मेरे साथ तो बहुत ही ज़्यादा मतलब उल्टा हुआ इसका ठीक मतलब जो थे मतलब बहुत ही मतलब कह सकते हो कि बेकार थे बहुत हुई जो जो भी ओनर थे वो
330457,213009,hi,28,255.23,270.17,14.94,/kaggle/working/Hindi-ASR-Whisper-Pipeline/artifacts/q1/preprocess/segments/330457_0028.wav,तो हा क्योंकि देखो शुरुआत में उन्होंने मतलब जो कुछ भी बताया सब कुछ हुआ और मतलब ये भी उसमें था पहले उन्हें उन्होंने कॉन्ट्रैक्ट भी साइन करवाया था ना हमसे एक्चुली टैच जी अटैच कंपनी में करा था मैंने ठीक है हां
330457,213009,hi,29,270.2,282.65,12.45,/kaggle/working/Hindi-ASR-Whisper-Pipeline/artifacts/q1/preprocess/segments/330457_0029.wav,तो वहाँ कांट्रैक्ट साइन कराते हैं पहले कि इतने टाइम करोगी तब छोड़ोगे यह वह तो एक्चुअली क्या हुआ था जब उन्होंने इंटरव्यू लिया था तो उन्होंने कहा कि हम पहले ट्रेनिंग वगैरह देंगे उसके बाद हम जॉब पे रखेंगे ऐसा करके कुछ बोला था
330457,213009,hi,30,282.95,295.79,12.84,/kaggle/working/Hindi-ASR-Whisper-Pipeline/artifacts/q1/preprocess/segments/330457_0030.wav,मैंने यही बोला था कि फिर तुम्हारी मर्जी होगी उसके बाद कि तुम करना चाहो नहीं करना चाहो छोड़ सकते हैं ऐसा सब कुछ तो फिर जब मै मैंने करा मैंने आपको बताया कि यह प्रॉब्लम आ रही थी मे को सही नहीं लगा तो ट्रेनिंग कंप्लीट हुई तोह
330457,213009,hi,31,296.48,310.01,13.53,/kaggle/working/Hindi-ASR-Whisper-Pipeline/artifacts/q1/preprocess/segments/330457_0031.wav,ट्रेनिंग का सर्टिफिकेट भी मिलता हु मिला तो उसके बाद फिर मैंने बोला कि मेरे को नहीं करना है पर मतलब जितने भी वहां और वर्कर कर रहे थे मैं भी वहां गया था तो मतलब मैंने बहुत उससे काम कर रहा था डेडीकेशन से बहुत सही काम कर रहा था पर मतलब मैंने
330457,213009,hi,32,310.25,321.11,10.86,/kaggle/working/Hindi-ASR-Whisper-Pipeline/artifacts/q1/preprocess/segments/330457_0032.wav,बहुत सारे वहां उनकी प्रोजेक्ट्स भी करें तो उसके बाद सर ने देखा कि मलब मेरी परफॉर्मेंस सही है तो बहुत ज्यादा मेरे को करते थे कि सही है मतलब जॉब करनी है ये वो मतलब मोटिवेट जैसा करते थे
330457,213009,hi,33,321.38,335.21,13.83,/kaggle/working/Hindi-ASR-Whisper-Pipeline/artifacts/q1/preprocess/segments/330457_0033.wav,पर में डीनई कर रहा था कहीं ना कहीं अब मैं स्ट्रेट तो उनको बोल ही नहीं पा रहा था क्योंकि होता है ना सामने से बोलना बोल नहीं पाते हैं उन्हें तो धीरे धीरे जब हुआ फिर अब मेरे को क्विट करनी थी तो मैंने बोला कहीं ना कहीं कांफ्रंट तो
330457,213009,hi,34,335.24,347.78,12.54,/kaggle/working/Hindi-ASR-Whisper-Pipeline/artifacts/q1/preprocess/segments/330457_0034.wav,जो वहां कॉलीग थे थे पहले से बहा वर्क करते थे वह बता रहे थे किसी पहले किसी ने ऐसा छोड़ा था तो सर ने उन्हें छोड़ने नहीं दिया या उन्हें बोला मैं लीगल लूंगा तुम्हारे खिलाफ कि लीगल एक्शन लूंगा
330457,213009,hi,35,347.9,362.27,14.37,/kaggle/working/Hindi-ASR-Whisper-Pipeline/artifacts/q1/preprocess/segments/330457_0035.wav,देखिए कॉन्टैक्ट में साइन होते तो एक साल ऐसे कुछ काम करना पढ़ता है ऐसे कह रहे थे तो मैंने कहा मैंने कहा ऐसा तो कुछ है ही नही शुरुआत में बोला है की तुम ट्रेनिंग लो उसके बाद तुम्हारे मर्जी कर सकते हो कि पर इन्होंने कहा कि मेरे से झूठे वादे करेगी ये चीज यहां होगी ये
330457,213009,hi,36,362.33,377.33,15.0,/kaggle/working/Hindi-ASR-Whisper-Pipeline/artifacts/q1/preprocess/segments/330457_0036.wav,यहां है भी नहीं तो कोई मतलब ही नहीं बनता करने का तो मैने उनको सामने तो नहीं कहा तो जब मेरी ट्रेनिंग हो गई थी कंप्लीट तो हम मतलब हम तीन चारों ने साथ में ज्वाइन करा था तो उसमे से वो तो
330457,213009,hi,37,377.63,388.52,10.89,/kaggle/working/Hindi-ASR-Whisper-Pipeline/artifacts/q1/preprocess/segments/330457_0037.wav,उस टाइम जब ट्रेनिंग कंपलीट हुई तो मैंने कहा कि मतलब वो सिर्फ मेरे को सिलेक्ट कर की हम मैं किसी एक को हायर उसी को रखूँगा मतलब उसी को सैलरी मिलेगी तो उन्होंने मेरे को करा
330457,213009,hi,38,388.79,402.95,14.16,/kaggle/working/Hindi-ASR-Whisper-Pipeline/artifacts/q1/preprocess/segments/330457_0038.wav,उसके बाद घर जाके मैने कांफ्रेंट कर दिया की सर मेरे को नहीं करनी है और मतलब मैं छोड़ रहा हूं आप बाकियों को दे सकते हैं मैं नहीं करना चाहता तो मेरेको बोलने लग गए कि तुम ऐसे कैसे छोड़ सकते हो तुमने कॉन्टैक्ट साइन करा है ये करा है वो करा है तुमने पढ़ा नहीं क्या लिखा था उसमें
330457,213009,hi,39,403.31,416.03,12.72,/kaggle/working/Hindi-ASR-Whisper-Pipeline/artifacts/q1/preprocess/segments/330457_0039.wav,तो मैने कहा सर मैने सब कुछ पढा था ऐसा उसमे कुछ था ही नी उसमे आपने भी क्लियरली बताया था कि आप कभी भी छोड़ सकते हो तो फिर अ ऐसा हुआ तो फिर सर वहां से बहुत गुस्सा हो ओ बहुत गुस्सा होने लग गए कि यार ये कैसे चले गए क्यूंकि उन्होंने एक
330457,213009,hi,40,416.39,430.79,14.4,/kaggle/working/Hindi-ASR-Whisper-Pipeline/artifacts/q1/preprocess/segments/330457_0040.wav,यूरोपियन कंट्री से एक प्रोजेक्ट लिया था जस्ट हमको ज़ी हमको एक वेबसाइट बनानी थी तो उन्होंने मतलब मैंने और भी बहुत प्रोजेक्ट बना लिए तो उनको पता था कर लेगा तो उन्होंने लिया था वो बहुत लंबा प्रोजेक्ट था मतलब बहुत ज्यादा
330457,213009,hi,41,431.15,445.7,14.55,/kaggle/working/Hindi-ASR-Whisper-Pipeline/artifacts/q1/preprocess/segments/330457_0041.wav,हाँ तो इस वजह से उन्होंने कहा ये करेगा क्योंकि मैंने कभी सामने ऑफिस में कभी नहीं बोला मैं नहीं बोल पाता था इतना मेरे पर कॉन्फिडेंस नहीं था कि यहाँ पर मना कर दो मैं सबके सामने तो फिर मैंने जब मैंने उनको करा व्हाट्सअप पे कि सर मैं नहीं कर सकता हूँ तो बहुत ही ज्यादा गुस्सा हो गए मेरे पे
330457,213009,hi,42,446.24,459.17,12.93,/kaggle/working/Hindi-ASR-Whisper-Pipeline/artifacts/q1/preprocess/segments/330457_0042.wav,की मैंने करें मेरे से कह रहे थे मैंने वहां से ये प्रोजेक्ट लिया है तुम नहीं आओगे तो फिर कैसे होगा ये वो और मतलब बहोत कुछ बोले रहे थे तुम्हारी साइलेंग केस कर दूंगा ये वो मैंने नहीं सर मैं नहीं कर सकता फिर कहने लग गए
330457,213009,hi,43,459.29,473.57,14.28,/kaggle/working/Hindi-ASR-Whisper-Pipeline/artifacts/q1/preprocess/segments/330457_0043.wav,तो मैं तुम्हारे खिलाफ लीगल एक्शन लूंगा तुम ऐसे छोड़ नहीं सकती ये वो अब तुम सीधे मेरे एडवोकेट से बात करोगे तो मैंने कहा ठीक है सर मैं कर लूंगा एडवोकेट से बात मैं मैंने कहा मेरे भी रिलेटिव हैं सर आ डिफेंस में मैं उनसे बात कर लूंगा कोई नी आप
330457,213009,hi,44,473.69,486.5,12.81,/kaggle/working/Hindi-ASR-Whisper-Pipeline/artifacts/q1/preprocess/segments/330457_0044.wav,कर लीजिए लीगल इश्यू है ये वो फिर मैंने अपने किसी भाई ब्रदर को भी बताया था तो कह रा था कोई बात नहीं और वो उस यूट्यूब चैनल भी है उसका तो कह रहा था कोई नहीं यूट्यूब पे डाल दूंगा पूरी वीडियो बना के ये वो
330457,213009,hi,45,486.71,497.75,11.04,/kaggle/working/Hindi-ASR-Whisper-Pipeline/artifacts/q1/preprocess/segments/330457_0045.wav,फिर हो गया था फिर सर खाली से डरा रहे थे कि आ जाए जॉब पे फिर मैं नहीं गया उसके बाद तब बस यही बॉस बॉस को ऐसा जानकारी दी मैंने यह ही अनुभव था मेरा
330457,213009,hi,46,502.13,510.05,7.92,/kaggle/working/Hindi-ASR-Whisper-Pipeline/artifacts/q1/preprocess/segments/330457_0046.wav,तो अगले करियर के कदम की योजना बनाना तो फिर आपने क्या सोचा उसके बाद कि अब यह जॉब तो क्विट यश के बाद क्या करोगे
330457,213009,hi,49,532.04,533.21,1.17,/kaggle/working/Hindi-ASR-Whisper-Pipeline/artifacts/q1/preprocess/segments/330457_0049.wav,अच्छा
330457,213009,hi,50,547.01,548.09,1.08,/kaggle/working/Hindi-ASR-Whisper-Pipeline/artifacts/q1/preprocess/segments/330457_0050.wav,जी जी जी
330457,213009,hi,53,571.76,584.9,13.14,/kaggle/working/Hindi-ASR-Whisper-Pipeline/artifacts/q1/preprocess/segments/330457_0053.wav,हा तो ये बता कि एक्चुली जब मैंने क्यूट करी तो साथ मैं मैं परसू भी कर रहा था जो अपने डिग्री तो फिर मैंने सोचा कि मतलब ये चीजे मतलब मे को आती तो थी
330457,213009,hi,54,585.08,596.42,11.34,/kaggle/working/Hindi-ASR-Whisper-Pipeline/artifacts/q1/preprocess/segments/330457_0054.wav,अब मैंने कहा कि थोड़ा अपने को ओर एन्हांस करने के लिए फिर मैंने पोस्ट ग्रेजुएशन में अप्लाई कर लिया और फिर मतलब अभी भी मैं पेसिव कर रहा हूँ तो मैं सोच रहा हूँ की अभी जॉब मेरे लिए ठीक नहीं है अभी मैं मतलब
330457,213009,hi,55,596.57,608.33,11.76,/kaggle/working/Hindi-ASR-Whisper-Pipeline/artifacts/q1/preprocess/segments/330457_0055.wav,और हायर स्टडीज की तरफ जा रहा हूं और मतलब जॉब तो ऐसा है ना की कभी भी ले सकता हूं पर अभी मैं खुद को और स्केल्ड कर रहा हूं कि मैं एकदम से एक अच्छी जॉब ले पाऊं मतलब समझ रहे हैं आप क्या कहना चाह रहा हूँ मैं
330457,213009,hi,56,609.98,624.92,14.94,/kaggle/working/Hindi-ASR-Whisper-Pipeline/artifacts/q1/preprocess/segments/330457_0056.wav,जी बिल्कुल तो ये मैने मतलब माइंड सेट बनाया अपना बनाया कि ऐसे जॉब जाके मैने देखा कि वहां की खाली मेँ जो चीजें कर रहा हूं उससे कुछ सीखने को मिल रहा हैं और अगर अभी मैं अपने पे काम करूंगा तो कल को तो
330457,213009,hi,57,625.28,628.13,2.85,/kaggle/working/Hindi-ASR-Whisper-Pipeline/artifacts/q1/preprocess/segments/330457_0057.wav,इजीली बहुत इजीली मै बहुत कुछ कर कर सकता हूं मतलब
330457,213009,hi,58,630.47,645.44,14.97,/kaggle/working/Hindi-ASR-Whisper-Pipeline/artifacts/q1/preprocess/segments/330457_0058.wav,वर्ना ऐसे कहीं जॉब करने जाऊंगा तो मैं स्टक हो जाऊंगा वहीँ जैसे हमें टू प्लस टू दिया है तो फोर ही करना है अभी शुरुआती समय में अभी तो बहुत कुछ कर सकता हूं
330457,213009,hi,59,646.28,651.65,5.37,/kaggle/working/Hindi-ASR-Whisper-Pipeline/artifacts/q1/preprocess/segments/330457_0059.wav,जॉब तो एट द एंड जॉब तो एट द एंड करनी है जी
330457,213009,hi,60,658.55,673.1,14.55,/kaggle/working/Hindi-ASR-Whisper-Pipeline/artifacts/q1/preprocess/segments/330457_0060.wav,इन चीजों से पहले तो मैने ये सोचा कि पहले जब मैंने उसे पर करा था कर दिया था पर उस चीज से ये मेरे को सीख मिली और मैं औरों को भी बता दूं की कभी भी बहुत ध्यान से पढ़ना चाहिए या आप अपना भी कुछ बनवा सकते हो अगर कुछ
330457,213009,hi,61,673.1,687.83,14.73,/kaggle/working/Hindi-ASR-Whisper-Pipeline/artifacts/q1/preprocess/segments/330457_0061.wav,कहीं ऐसा कांनटेक्ट वाला सीन है तो आप अपना भी बना सकते हो कि क्योंकि कल को सही में कोई कर सकता है आपके खिलाफ ऐसे लीगल नोटिस में क्योंकि वो तो पैसे वाली पार्टी है तो कहीं ना कहीं आपको दवा सकती है और आप दब जाओगे कहीं ना कहीं उन्होंने गवर्नमेंट
330457,213009,hi,62,687.89,700.97,13.08,/kaggle/working/Hindi-ASR-Whisper-Pipeline/artifacts/q1/preprocess/segments/330457_0062.wav,मतलब वो ऐसे मिल जाएं आपको पता है कि आजकल अगर वो मिल जाएगी पुलिस के साथ तो वो आपके खिलाफ कुछ भी कर सकते हैं तो कहीं ना कहीं हमें इन चीजों से बहुत अवेयर रहना पड़ता है पहले की बहुत मैटर करती रिसर्च मैने कहीं न कहीं
330457,213009,hi,63,700.97,714.95,13.98,/kaggle/working/Hindi-ASR-Whisper-Pipeline/artifacts/q1/preprocess/segments/330457_0063.wav,कभी रिसर्च नहीं करी उस कंपनी पे तो जहाँ भी आप जा रहे हो उसपे रिसर्च करो कि इसका क्या बैकग्राउंड रहा है और कोई इसके एम्प्लॉइज है उनका रिव्यूल आप ले सकते जो वहां काम करते हैं वो आपको इजली बता पायेंगे कि कैसा है यहाँ तो ये चीजें बहोत
330457,213009,hi,64,716.66,728.3,11.64,/kaggle/working/Hindi-ASR-Whisper-Pipeline/artifacts/q1/preprocess/segments/330457_0064.wav,नीड़ टू वेयर नए मौके का जश्न मनाना आपके साथ हुआ है ऐसा
330457,213009,hi,65,735.08,739.7,4.62,/kaggle/working/Hindi-ASR-Whisper-Pipeline/artifacts/q1/preprocess/segments/330457_0065.wav,अच्छा नहीं कभी और हुआ लाइफ में तो वही बता सकते हो आप
330457,213009,hi,66,745.64,746.72,1.08,/kaggle/working/Hindi-ASR-Whisper-Pipeline/artifacts/q1/preprocess/segments/330457_0066.wav,जी जी जी
330457,213009,hi,67,748.94,757.55,8.61,/kaggle/working/Hindi-ASR-Whisper-Pipeline/artifacts/q1/preprocess/segments/330457_0067.wav,नहीं हम्म हम्म नहीं जी जी हुम्
330457,213009,hi,69,766.55,781.49,14.94,/kaggle/working/Hindi-ASR-Whisper-Pipeline/artifacts/q1/preprocess/segments/330457_0069.wav,मेरा भी ऐसी है कुछ भी चीजें लाइफ में होती हैं अच्छे जो हमारि एंड से होते जा रहे हैं तो बस उसमें सभी हमें बहुत साही से उसी में बहुत खुश होते होंगे जसन मनाते होंगे कि हां सही हो रहे हैं
330457,213009,hi,70,781.76,785.78,4.02,/kaggle/working/Hindi-ASR-Whisper-Pipeline/artifacts/q1/preprocess/segments/330457_0070.wav,एक्जिक्यूट हो रही है तो कही ना कहीं वह कुछ खुश है उस चीज को लेकर
330457,213009,hi,72,792.41,797.75,5.34,/kaggle/working/Hindi-ASR-Whisper-Pipeline/artifacts/q1/preprocess/segments/330457_0072.wav,हां खुद को बहुत सेटिसफेक्शन मिलता है उससे ये
330457,213009,hi,73,801.29,809.99,8.7,/kaggle/working/Hindi-ASR-Whisper-Pipeline/artifacts/q1/preprocess/segments/330457_0073.wav,जी हां जी जी जी हाँ मैं करता हूँ जैसे कि
330457,213009,hi,74,810.23,824.51,14.28,/kaggle/working/Hindi-ASR-Whisper-Pipeline/artifacts/q1/preprocess/segments/330457_0074.wav,ये नौकरी छोड़ने की बात है तो मैने ये अनुभव बताया अपने दोस्तो को जो मेरे से जूनियर है उनको भी बताया कि जिन चीजों का ध्यान रखना है और हां जो भी लाइफ मे होती है चीजे उन सभी को शेयर करते है अपने दोस्तो से की
330457,213009,hi,75,825.11,837.56,12.45,/kaggle/working/Hindi-ASR-Whisper-Pipeline/artifacts/q1/preprocess/segments/330457_0075.wav,या अगर कोई आपका मतलब मान लो आपने कुछ चीज एक्सपीरियंस कर रखी हैं जैसे वो टीचिंग को लेके ही तो अपने अब जो आपके जूनियर दोस्त हैं आप उनको जरूर बताओगी कि यहां भई ऐसाऐसा इस तरीके का प्रेशर है मेरी
330457,213009,hi,76,837.74,851.9,14.16,/kaggle/working/Hindi-ASR-Whisper-Pipeline/artifacts/q1/preprocess/segments/330457_0076.wav,तब भी इस लेवल तक खराब हो गई तो यहां बिल्कुल जॉइन मत करना और आप उन्हें अच्छे ही सजेस्ट करोगे कुछ कि तुम यह करो इसके बाद तुम यह करोगे तो इतना तुम्हें एडवांटेज है तो ऐसी मैं भी अपने दोस्तों को बताया अपना एक्सपीरियंस भाई मेरे साथ ये ये हुआ तो
330457,213009,hi,77,851.96,861.56,9.6,/kaggle/working/Hindi-ASR-Whisper-Pipeline/artifacts/q1/preprocess/segments/330457_0077.wav,तुम इस चीज से बिल्कुल तैयार रहना और तुम इसके जगह ये चीज कर सकते हो जो कि तुमारे लिए बेहतर है जी तो यह सब चीजें होती है
330457,213009,hi,78,866.78,872.12,5.34,/kaggle/working/Hindi-ASR-Whisper-Pipeline/artifacts/q1/preprocess/segments/330457_0078.wav,हां सही कहा आपने जी जी जी हम्म हम्म हम्म जी जी जी
330457,213009,hi,83,902.0,914.66,12.66,/kaggle/working/Hindi-ASR-Whisper-Pipeline/artifacts/q1/preprocess/segments/330457_0083.wav,वही कहीं ना कहीं अपने दोस्तों के साथ से जी बिल्कुल सही कहा आपने हु हु बहुत ज्यादा जरूरी है
330457,213009,hi,84,922.88,937.79,14.91,/kaggle/working/Hindi-ASR-Whisper-Pipeline/artifacts/q1/preprocess/segments/330457_0084.wav,जी ये तो मेरे हिसाब से सब लोग ही करते हैं अपनी लाइफ में अगर हम कुछ चीज क्विट कर रहे हैं तो हमें ये भी चैलेंजर्स पता होता हैं आगे में जॉब मिलेगी और नहीं मिलेगी पर वो आल डिपेंड हम पर करता है कि हमने जॉब क्यों छोड़ी है और हाँ जो भी नहीं चुनौती आज आने वाली है हमें कर सकते
330457,213009,hi,85,937.79,951.2,13.41,/kaggle/working/Hindi-ASR-Whisper-Pipeline/artifacts/q1/preprocess/segments/330457_0085.wav,टाइम बेस्ट इजली आप में है वो एबिलिटी तो वो चीज करने की तो कहीं भी आप सेलेक्ट हो सकते हैं इजली तो कहीं ना कहीं हम हमेशा अगर हम ऐसा कोई कदम उठा रहे हैं छोड़ने का कहीं से जो तो मैं यह भी एबिलिटी
330457,213009,hi,86,951.23,957.26,6.03,/kaggle/working/Hindi-ASR-Whisper-Pipeline/artifacts/q1/preprocess/segments/330457_0086.wav,उन चुनौतियों से लड़ने की होती हैं हिम्मत की हाँ अब मैं आगे भी ये क्रैक कर लूंगा इंटरव्यू या यहां जॉब करूंगा
330457,213009,hi,89,973.67,985.46,11.79,/kaggle/working/Hindi-ASR-Whisper-Pipeline/artifacts/q1/preprocess/segments/330457_0089.wav,जी चुनौतियों का तो हम हमेशा ही सामना करते हैं जीवन में कही ना कही हमेशा ही चुनौतियां तो हर हर मोड़ पे हर पल चुनौतियां ही चुनौतियां रहती हैं तो
330457,213009,hi,90,985.7,996.44,10.74,/kaggle/working/Hindi-ASR-Whisper-Pipeline/artifacts/q1/preprocess/segments/330457_0090.wav,हमे हमेशा ही उनके लिए रेडी होना होता हे कुछ भी हो सकता है कभी भी क्योंकि लाइफ अन अनप्रेडिक्टेबल कुछ भी हो सकता है यहां कभी भी
330457,213009,hi,91,999.5,1013.63,14.13,/kaggle/working/Hindi-ASR-Whisper-Pipeline/artifacts/q1/preprocess/segments/330457_0091.wav,मै नही नही मै अभी मैं परसू कर रहा हू अभी मैं पोस्ट ग्रेजुएशन और हा और बहुत तैयारी कर रहा हूं सी डी एस कि तैयारी कर रहा हू एक्चुअली मैं
330457,213009,hi,92,1014.98,1018.13,3.15,/kaggle/working/Hindi-ASR-Whisper-Pipeline/artifacts/q1/preprocess/segments/330457_0092.wav,जी जी जी आप
330457,213009,hi,93,1022.93,1028.48,5.55,/kaggle/working/Hindi-ASR-Whisper-Pipeline/artifacts/q1/preprocess/segments/330457_0093.wav,अच्छा वाव ग्रेट मैंने भी सोचा पर लॉन्ग टर्म में थोड़ा हा
330457,213009,hi,94,1038.56,1039.79,1.23,/kaggle/working/Hindi-ASR-Whisper-Pipeline/artifacts/q1/preprocess/segments/330457_0094.wav,जी जी.बिल्कुल
330457,213009,hi,95,1043.24,1047.38,4.14,/kaggle/working/Hindi-ASR-Whisper-Pipeline/artifacts/q1/preprocess/segments/330457_0095.wav,जी बिल्कुल हम्म
330457,213009,hi,96,1053.59,1064.09,10.5,/kaggle/working/Hindi-ASR-Whisper-Pipeline/artifacts/q1/preprocess/segments/330457_0096.wav,अच्छा अच्छा मैंने भी सेम चीज सोची हुई है बिल्कुल मेरे दोस्त भी है न साथ के तो उनसे यही हमारी बातें होते हैं कि.
330457,213009,hi,97,1064.27,1078.43,14.16,/kaggle/working/Hindi-ASR-Whisper-Pipeline/artifacts/q1/preprocess/segments/330457_0097.wav,जॉब करना ना जॉब नहीं करनी है ऐड बैंक मतलब अभी मतलब वो लोग भी जॉब कर रहे हैं तो मैंने मतलब उनके बता रखा है कि तुम अपनी तब तक सेविंग करो तुम अपनी तब सेविंग करो बाद में मतलब पूरा हमारा प्लान एक्जीक्यूट है कैसे हमें क्या करना हैं करके
330457,213009,hi,98,1078.58,1092.47,13.89,/kaggle/working/Hindi-ASR-Whisper-Pipeline/artifacts/q1/preprocess/segments/330457_0098.wav,रिसेंटली मैंने एक बात भी करी थी किसी परसन से इसी में तो वो मतलब लड़की थी वो तो कह रही थी कि मैंने अपना खुद का बिजनेस खोला है और उन्होंने बीसीएम से बीसीऐ करा था शायद तो कह रही थी मैंने अपना
330457,213009,hi,99,1092.47,1102.43,9.96,/kaggle/working/Hindi-ASR-Whisper-Pipeline/artifacts/q1/preprocess/segments/330457_0099.wav,कंप्यूटर कोचिंग खोल लिया मैंने उसमें एमएस एक्सल वर्ड वगैरा अ टैली वगैरा सिखाते हैं और सा हू और साथ में क्या कहते हैं कुछ और भी है उनका
330457,213009,hi,100,1104.38,1117.37,12.99,/kaggle/working/Hindi-ASR-Whisper-Pipeline/artifacts/q1/preprocess/segments/330457_0100.wav,तो कह रही थी कि मैं वन से टू लाख कमा लेती हूँ मैंने का कोई सही सिटी में होंगी ना हो तो मैंने का ग्रेट यार तो बिजनेस तो बेस्ट है वैसे किसी का प्रेशर नहीं है और हम बहुत आगे बढ़ सकते हैं उसमें
330457,213009,hi,102,1134.98,1140.02,5.04,/kaggle/working/Hindi-ASR-Whisper-Pipeline/artifacts/q1/preprocess/segments/330457_0102.wav,जी जी जी जी आप सही है बहुतबहुत धन्यवाद आपका
350297,217898,hi,0,2.1,11.52,9.42,/kaggle/working/Hindi-ASR-Whisper-Pipeline/artifacts/q1/preprocess/segments/350297_0000.wav,मेरा सपनों का इवेंट है जिसमें मुझे जाना है मुझे फर्म मतलब एक बार ही मुझे क्रिकेट देखने जरूर जाना है लाइव जो होते हैं कॉन्सर्ट लाइव क्रिकेट जो होता है
350297,217898,hi,1,11.7,25.83,14.13,/kaggle/working/Hindi-ASR-Whisper-Pipeline/artifacts/q1/preprocess/segments/350297_0001.wav,हां क्योंकि वही मुझे पसंद है बाकी तो तो ऑलमोस्ट चीजे देख रखी है तो इतना इंटरेस्ट नहीं है जो प्रायोरिटीज पे है मेरा वही है भी वह भी मतलब ऐसा वर्ल्ड कप
350297,217898,hi,2,25.86,40.8,14.94,/kaggle/working/Hindi-ASR-Whisper-Pipeline/artifacts/q1/preprocess/segments/350297_0002.wav,देखने जाना हैं अभी तो हो चुका है मे को वेट करना पड़ेगा चार साल आई थिंक तब इसमें जो आज के टॉपिक हैं वो यही है ओलंपिक या विश्वकप जैसे बड़े कार्यक्रमों के बारे में बात करना संगीत महोत्सव में शामिल होने की इच्छा जाहिर करना
350297,217898,hi,3,40.86,55.71,14.85,/kaggle/working/Hindi-ASR-Whisper-Pipeline/artifacts/q1/preprocess/segments/350297_0003.wav,संस्कृत व साहित्यक महोत्सव की योजना बनाना इसे स्वच्छ करने के लिए क्या कदम उठाए जा सकते हैं इसपे चर्चा करना पहले हुए कार्यक्रम से तुलना करना खर्च और आयोजन के बारे में सोचना कार्यक्रम में हिस्सा लेने का अनुभव कैसा होगा इस पर बात करना
350297,217898,hi,4,55.86,69.6,13.74,/kaggle/working/Hindi-ASR-Whisper-Pipeline/artifacts/q1/preprocess/segments/350297_0004.wav,REDACTED
350297,217898,hi,5,72.24,85.74,13.5,/kaggle/working/Hindi-ASR-Whisper-Pipeline/artifacts/q1/preprocess/segments/350297_0005.wav,REDACTED
350297,217898,hi,6,89.28,102.27,12.99,/kaggle/working/Hindi-ASR-Whisper-Pipeline/artifacts/q1/preprocess/segments/350297_0006.wav,नहीं अगर अपन सपना देखते हो सच जरूर होते थे वह टाइम लगता है पर होते जरूर है बस अपन को बी पेशेंस पड़ता है बहुत वो हो जाता है ऐसा नहीं है सपने सच होते हैं
350297,217898,hi,7,104.31,110.22,5.91,/kaggle/working/Hindi-ASR-Whisper-Pipeline/artifacts/q1/preprocess/segments/350297_0007.wav,हां हां ओके हम्म
350297,217898,hi,8,112.47,125.85,13.38,/kaggle/working/Hindi-ASR-Whisper-Pipeline/artifacts/q1/preprocess/segments/350297_0008.wav,हूं उसमें नहीं होता हैऔर किसी म्यूजिक कॉनसर्ट में आपकी जाने की इच्छा है यहां आप गए हुए हैं कभी
350297,217898,hi,9,129.24,143.61,14.37,/kaggle/working/Hindi-ASR-Whisper-Pipeline/artifacts/q1/preprocess/segments/350297_0009.wav,अच्छा कैसे हां लाइफ कॉनसेट में तो मैं भी गई हूँ लेकिन बहुत बार तो नहीं पर तीन चार बार ही गई हूँ वो भी ज़्यादा कोई नेशनल हां हां हां
350297,217898,hi,10,145.14,150.66,5.52,/kaggle/working/Hindi-ASR-Whisper-Pipeline/artifacts/q1/preprocess/segments/350297_0010.wav,ओके उसका एक्सपीरियंस कैसा था आपका अच्छा था
350297,217898,hi,11,153.84,167.61,13.77,/kaggle/working/Hindi-ASR-Whisper-Pipeline/artifacts/q1/preprocess/segments/350297_0011.wav,हम्म हम्म हम्म हाँ हम्म वो सन
350297,217898,hi,12,167.61,171.87,4.26,/kaggle/working/Hindi-ASR-Whisper-Pipeline/artifacts/q1/preprocess/segments/350297_0012.wav,सांस्कृतिक ऐसा
350297,217898,hi,13,174.24,182.1,7.86,/kaggle/working/Hindi-ASR-Whisper-Pipeline/artifacts/q1/preprocess/segments/350297_0013.wav,हां सही बात है इस सांस्कृतिक या साहित्यिक महोत्सव की
350297,217898,hi,14,182.1,197.07,14.97,/kaggle/working/Hindi-ASR-Whisper-Pipeline/artifacts/q1/preprocess/segments/350297_0014.wav,योजना बनाना तो ऐसा कुछ प्लान किया है क्योंकि मैंने तो ऐसा कभी कुछ प्लान नहीं किया है कि संस्कृति या साहित्य किसी प्रोग्राम में जाना है या उसका मतलब करना है तो आपने
350297,217898,hi,16,201.15,205.5,4.35,/kaggle/working/Hindi-ASR-Whisper-Pipeline/artifacts/q1/preprocess/segments/350297_0016.wav,अच्छा ओके
350297,217898,hi,17,217.29,232.02,14.73,/kaggle/working/Hindi-ASR-Whisper-Pipeline/artifacts/q1/preprocess/segments/350297_0017.wav,हां हां हो जाता है सही है अगर वो सेम फिल्ड से हो तो फिर जाना आना लगा रहता है जी इसमें भी
350297,217898,hi,18,232.02,245.43,13.41,/kaggle/working/Hindi-ASR-Whisper-Pipeline/artifacts/q1/preprocess/segments/350297_0018.wav,हा हा हा हा हु
350297,217898,hi,19,247.95,262.17,14.22,/kaggle/working/Hindi-ASR-Whisper-Pipeline/artifacts/q1/preprocess/segments/350297_0019.wav,ओके नहीं बहुत रेयर जाना होता है ऐसा नहीं है कि कंपलसरी जाना ही है बहुत रेयर क्योंकि अगर कभी होता भी है फिर वो अपना शेड्यूल भी देखना पड़ता है तो देख
350297,217898,hi,20,262.2,265.65,3.45,/kaggle/working/Hindi-ASR-Whisper-Pipeline/artifacts/q1/preprocess/segments/350297_0020.wav,ये होता है ऐसा कुछ कंपल्सरी भी नहीं जाना ही जाना है
350297,217898,hi,21,267.75,281.19,13.44,/kaggle/working/Hindi-ASR-Whisper-Pipeline/artifacts/q1/preprocess/segments/350297_0021.wav,हां गाने का भी होता है बहुत सारी चीजों का होता है हा हा हा हा हा अच्छा लगता है
350297,217898,hi,22,283.17,297.93,14.76,/kaggle/working/Hindi-ASR-Whisper-Pipeline/artifacts/q1/preprocess/segments/350297_0022.wav,हां हां हां बिल्कुल पर एक्चुअल में क्या होता है कभीकभी फैमिली बैकग्राउंड ऐसा हो जाता है कि नहीं निकलना हो पाता इसे बोलते न अपन जिम्मेदारियों में फंस जाते हैं शायद अभी वह टाइम नहीं आया है कि मैं फ्री ली घूम सकूं थोड़ा टाइम लगेगा उसमें
350297,217898,hi,23,298.32,313.2,14.88,/kaggle/working/Hindi-ASR-Whisper-Pipeline/artifacts/q1/preprocess/segments/350297_0023.wav,तो इसलिए हां हां हां वही मतलब हर जगह जब घर में बच्चे छोटे होते है तो फिर निकलना थोड़ा मुश्किल हो पाता है और जब बच्चे बड़े हो जाते है तो फिर कहीं भी चले जाओ तो इतना टेंशन नहीं रहता
350297,217898,hi,24,313.29,322.29,9.0,/kaggle/working/Hindi-ASR-Whisper-Pipeline/artifacts/q1/preprocess/segments/350297_0024.wav,हू बाकि पहले जो कार्य होते थे प्रोग्राम्स मतलब वो जो पहले के टाइम पर चलते थे पुराने टाइम पर उसमें इतना
350297,217898,hi,25,322.41,337.11,14.7,/kaggle/working/Hindi-ASR-Whisper-Pipeline/artifacts/q1/preprocess/segments/350297_0025.wav,नॉर्मली दिखाते शायद टीवी पर भी देखा हुआ है लाइव नहीं देखा तो क्या हुआ है लेकिन डिफरेंस बहुत है पहले की में और अब में हर चीज मैं लाइटिंग में और पैटर्न डिजाइन सब चीजें मतलब ड्रेसिंग्स
350297,217898,hi,26,337.41,351.51,14.1,/kaggle/working/Hindi-ASR-Whisper-Pipeline/artifacts/q1/preprocess/segments/350297_0026.wav,जी
350297,217898,hi,27,360.48,372.63,12.15,/kaggle/working/Hindi-ASR-Whisper-Pipeline/artifacts/q1/preprocess/segments/350297_0027.wav,जो कहना वही में वो यह है कि टिकट के लिए पैसे कलेक्ट करना क्योंकि कहीं भी अगर जाने का सपना है तो उसको खत्म पहले सपने पूरा करने के लिए पैसा चाहिए होता है
350297,217898,hi,28,372.84,386.43,13.59,/kaggle/working/Hindi-ASR-Whisper-Pipeline/artifacts/q1/preprocess/segments/350297_0028.wav,तो सबसे मेन तो वही है कि उसको पैसा कलेक्ट करना यही है सबसे बड़ा कदम तो क्योंकि अगर पैसा हाथ मैं होता है तो हां पैसा हाथ मैं होता है तो अपन कहीं भी जा सकते हैं और कोई रोकता भी नहीं है
350297,217898,hi,29,386.64,401.61,14.97,/kaggle/working/Hindi-ASR-Whisper-Pipeline/artifacts/q1/preprocess/segments/350297_0029.wav,बोलते ना मेरा पैसा मैं कहीं भी इंवेस्ट करू तो वो सबसे बड़ी चीज है आजकल नहीं मैं वर्किंग में हू बट अभी नहीं हु रिसेंटली क्योंकि मैंने बताया बच्चे छोटे होते हैं तो फिर नहीं कर पाते हैं
350297,217898,hi,30,401.61,410.79,9.18,/kaggle/working/Hindi-ASR-Whisper-Pipeline/artifacts/q1/preprocess/segments/350297_0030.wav,मै अभी कूछ हाँ इसलिए मैं कुछ नहीं अभी कर सकती हूँ. थोड़ा टाइम मुझे लगेगा हहाहाहा चलिये
350297,217898,hi,31,412.89,427.74,14.85,/kaggle/working/Hindi-ASR-Whisper-Pipeline/artifacts/q1/preprocess/segments/350297_0031.wav,हां मैंने बताया चार साल है मेरे पास ग्रो करने के लिए हां जी बिल्कुल चलिए अच्छा लगा आपसे बात करके थैंक यू सो मच
350347,229645,hi,0,7.26,14.73,7.47,/kaggle/working/Hindi-ASR-Whisper-Pipeline/artifacts/q1/preprocess/segments/350347_0000.wav,फिर ओके अच्छा जी जी
350347,229645,hi,1,18.96,33.45,14.49,/kaggle/working/Hindi-ASR-Whisper-Pipeline/artifacts/q1/preprocess/segments/350347_0001.wav,ओके हम्मम हम्मम
350347,229645,hi,2,33.66,35.07,1.41,/kaggle/working/Hindi-ASR-Whisper-Pipeline/artifacts/q1/preprocess/segments/350347_0002.wav,सही बात
350347,229645,hi,3,37.8,43.86,6.06,/kaggle/working/Hindi-ASR-Whisper-Pipeline/artifacts/q1/preprocess/segments/350347_0003.wav,जी जी जी जी
350347,229645,hi,4,46.23,59.64,13.41,/kaggle/working/Hindi-ASR-Whisper-Pipeline/artifacts/q1/preprocess/segments/350347_0004.wav,कार्यक्रम में हिस्सा लेने का अनुभव कैसे होगा इस पर चार करे अच्छा मेरा
350347,229645,hi,5,60.27,75.12,14.85,/kaggle/working/Hindi-ASR-Whisper-Pipeline/artifacts/q1/preprocess/segments/350347_0005.wav,मेरा भी सेम वही है मेरा भी क्रिकेट का ओलंपिक का तो खैर यहाँ होता ही नहीं है वहाँ विदेश में जाने का कोई अवसर नहीं है मेरा भी भी मन करता है कि मैं क्रिकेट का ही देखूं यहाँ भी ज़रूर नहीं है कि वर्ल्डकप का ही अभी
350347,229645,hi,6,75.33,87.69,12.36,/kaggle/working/Hindi-ASR-Whisper-Pipeline/artifacts/q1/preprocess/segments/350347_0006.wav,एक बार मैं जा भी चुकी हू लेकिन फिर से मन करता है कि कभी लेकिन मैं इंडिया पाकिस्तान वाले में जानना चाहती हू जो कि मेरा है कि हा उसमें जाना है तो लेकिन अभी तक पता पता नहीं कब
350347,229645,hi,7,87.78,90.81,3.03,/kaggle/working/Hindi-ASR-Whisper-Pipeline/artifacts/q1/preprocess/segments/350347_0007.wav,ऐसा मौका मिलेगा भी या नहीं मिलेगा पता नहीं
350347,229645,hi,8,93.84,106.89,13.05,/kaggle/working/Hindi-ASR-Whisper-Pipeline/artifacts/q1/preprocess/segments/350347_0008.wav,बिल्कुल बिल्कुल सही बात है ओलंपिक समय तो बहुत सारे गेम्स होते हैं लेकिन उसमें क्रिकेट नहीं है
350347,229645,hi,9,107.25,121.92,14.67,/kaggle/working/Hindi-ASR-Whisper-Pipeline/artifacts/q1/preprocess/segments/350347_0009.wav,इसलिए उतना इंटरेस्ट नहीं है और यहां पे इंडिया में होता भी नहीं है ओलंपिक का एच_एम हा क्रिकेट ही है जो बिल्कुल ओलंपिक जैसा ही माहौल लगा देते
350347,229645,hi,10,127.56,142.47,14.91,/kaggle/working/Hindi-ASR-Whisper-Pipeline/artifacts/q1/preprocess/segments/350347_0010.wav,मैं आह म्यूजिक कंसर्ट में बहुत बार गई हुई हूँ तो उसमे हूं हूं हा जी मैं जाती रहती हूँ कि इधर हमेशा होता रहता है म्यूजिक कंसर्ट
350347,229645,hi,11,142.5,153.96,11.46,/kaggle/working/Hindi-ASR-Whisper-Pipeline/artifacts/q1/preprocess/segments/350347_0011.wav,तो मैं जाती रहती हु बहोत अच्छा मतलब ये तो अ
350347,229645,hi,12,153.99,166.5,12.51,/kaggle/working/Hindi-ASR-Whisper-Pipeline/artifacts/q1/preprocess/segments/350347_0012.wav,उसमें किसको ही नहीं अच्छा लगेगा जिसको पसंद है वही लोग जाते ही हैं पुरे पुरे बहुत बहुत लेट नाइट तक चलता है और डांस बगैरह सव होते हुए तो मुझे वह बहुत पसंद है
350347,229645,hi,13,167.22,180.75,13.53,/kaggle/working/Hindi-ASR-Whisper-Pipeline/artifacts/q1/preprocess/segments/350347_0013.wav,इतनी बार मतलब नाम तो नहीं ले सकती लेकिन हा उन लोगों के साथ उन लोगों का गाना सुनना लाइव कितना भी हम एल्बम पे सुनते हैं या किसी से भी सुनते हैं लेकिन लाइव सुनने का एक्सपीरियंस अलग हो जाता है
350347,229645,hi,14,181.38,195.3,13.92,/kaggle/working/Hindi-ASR-Whisper-Pipeline/artifacts/q1/preprocess/segments/350347_0014.wav,उन लोग से सुन लो बिल्कुल मैं की हुई हू हा
350347,229645,hi,15,195.3,207.57,12.27,/kaggle/working/Hindi-ASR-Whisper-Pipeline/artifacts/q1/preprocess/segments/350347_0015.wav,जैसे हमेशा कंसर्ट में मैं जाती रहती हूँ उसी तरह का एक इधर चलता है जो लोकल जितने रहते हैं इधर के जो फेमस फेमस आर्टिस्ट सब है तो उन लोगों के लिए प्लान करना तैयार हूँ
350347,229645,hi,16,207.63,221.31,13.68,/kaggle/working/Hindi-ASR-Whisper-Pipeline/artifacts/q1/preprocess/segments/350347_0016.wav,उसमें जाते हैं उन लोगों के लिए प्लान करते हैं बहुत सारे मतलब एक एंकर तो नहीं बोल सकते हैं लेकिन हाँ बहुत कुछ साथ में ओर्गनाइज करना उनके लिए सारा कुछ तो ये सारे चीजे हम लोग करते रहते हैं
350347,229645,hi,17,221.43,235.92,14.49,/kaggle/working/Hindi-ASR-Whisper-Pipeline/artifacts/q1/preprocess/segments/350347_0017.wav,इसलिए मेरा हमेशा ज्यादा जाना आना होता है इस समय से हा इसलिए हमेशा कुछ न कुछ होता रहता है जैसे अ प प्रिया मलिक हो गई बहुत बड़ी सिंगार है
350347,229645,hi,18,235.95,250.38,14.43,/kaggle/working/Hindi-ASR-Whisper-Pipeline/artifacts/q1/preprocess/segments/350347_0018.wav,वैसे उनका गाना सब आता रहता है तो उन लोगों का ऐसा उन लोगों का कंसर्ट में जब ही वो इधर इस एरिया में उनका कई बार आई हुई है तो उन लोगों के साथ या में सीधा लोग के साथ में आता रहता है और बताएं
350347,229645,hi,19,250.59,253.02,2.43,/kaggle/working/Hindi-ASR-Whisper-Pipeline/artifacts/q1/preprocess/segments/350347_0019.wav,आप नहीं जाती हैं सांस्कृतिक साहित्यिक उत्सवों में
350347,229645,hi,20,255.12,264.0,8.88,/kaggle/working/Hindi-ASR-Whisper-Pipeline/artifacts/q1/preprocess/segments/350347_0020.wav,हूं हूं हूं
350347,229645,hi,21,264.9,278.49,13.59,/kaggle/working/Hindi-ASR-Whisper-Pipeline/artifacts/q1/preprocess/segments/350347_0021.wav,ये गाने का ही नहीं सांस्कृतिक साहित्यिक महोत्सव है तो सिर्फ गाने का नहीं रहता है बहुत सारी चीजों के रहता है कभी पेंटिंग का हो जाता है अभी सिर्फ पोयम का भी बड़े बड़े कविता पाठ करने वाले सब आते हैं उन लोग के लिए रहता हैं
350347,229645,hi,22,278.55,292.65,14.1,/kaggle/working/Hindi-ASR-Whisper-Pipeline/artifacts/q1/preprocess/segments/350347_0022.wav,इस समय भी अच्छा लगता रहता है यह सब और छोटे मोटे धार्मिक चीजें तो होती ही रहती है तो उसका तो कोई बात ही सही बात है
350347,229645,hi,23,293.52,308.04,14.52,/kaggle/working/Hindi-ASR-Whisper-Pipeline/artifacts/q1/preprocess/segments/350347_0023.wav,सही बात है आप कोशिश करते रहेंगे तो कोशिश करते रहेंगे तो वो टाइम भी आ ही जाएगा
350347,229645,hi,24,309.21,324.21,15.0,/kaggle/working/Hindi-ASR-Whisper-Pipeline/artifacts/q1/preprocess/segments/350347_0024.wav,बिल्कुल बिल्कुल बिल्कुल हुह
350347,229645,hi,25,324.48,336.0,11.52,/kaggle/working/Hindi-ASR-Whisper-Pipeline/artifacts/q1/preprocess/segments/350347_0025.wav,हूं हू सही बात बिल्कुल बिल्कुल बिल्कुल सब कुछ अब
350347,229645,hi,26,336.15,350.67,14.52,/kaggle/working/Hindi-ASR-Whisper-Pipeline/artifacts/q1/preprocess/segments/350347_0026.wav,सब कुछ अब चेंज हो चुका है सब कुछ नए तरीके से करना पड़ता है पुराना कुछ भी करो किसी को पसंद नहीं आता है तो बहुत सारी चीज़े हैं और इसमें आपका
350347,229645,hi,27,351.3,366.24,14.94,/kaggle/working/Hindi-ASR-Whisper-Pipeline/artifacts/q1/preprocess/segments/350347_0027.wav,इसे सच करने के लिए क्या कदम उठाए जा सकते हैं इस पर चर्चा करना तो आप इसे मतलब ऐसा कुछ प्रोग्रामिंग हिस्सा ले या फिर आपका क्रिकेट देखना का मन है तो इसमें आप कैसा कदम उठाना चाहते हैं क्या करना चाहेंगे
350347,229645,hi,28,373.11,387.12,14.01,/kaggle/working/Hindi-ASR-Whisper-Pipeline/artifacts/q1/preprocess/segments/350347_0028.wav,पैसा चाहिए होता है सही बात है बिल्कुल बिल्कुल जी आज कल के कही भी जाने के लिए सबसे पहले जरूरी है पैसा सही बात
350347,229645,hi,29,388.05,396.12,8.07,/kaggle/working/Hindi-ASR-Whisper-Pipeline/artifacts/q1/preprocess/segments/350347_0029.wav,हां बिल्कुल सही बात है आप जॉब नहीं करती है तो
350347,229645,hi,30,398.55,406.65,8.1,/kaggle/working/Hindi-ASR-Whisper-Pipeline/artifacts/q1/preprocess/segments/350347_0030.wav,आई सी
350347,229645,hi,31,409.86,424.29,14.43,/kaggle/working/Hindi-ASR-Whisper-Pipeline/artifacts/q1/preprocess/segments/350347_0031.wav,हा तब तक हो सकते हैं वर्ल्ड कप का टाइम भी आ जाए अ अ तो उस टाइम बिल्कुल तो उस टाइम तक वर्ल्ड कप का टाइम भी आ जाएगा तो आप कर ली सकते हैं आराम से
350347,229645,hi,32,426.99,428.76,1.77,/kaggle/working/Hindi-ASR-Whisper-Pipeline/artifacts/q1/preprocess/segments/350347_0032.wav,ओके
350606,246483,hi,0,0.21,13.11,12.9,/kaggle/working/Hindi-ASR-Whisper-Pipeline/artifacts/q1/preprocess/segments/350606_0000.wav,REDACTED
350606,246483,hi,1,13.26,26.55,13.29,/kaggle/working/Hindi-ASR-Whisper-Pipeline/artifacts/q1/preprocess/segments/350606_0001.wav,हांजी तो हमारा टॉपिक है कि शादी के लिए परिवार की तैयारियां तो पहले तो हम शादी के लिए ना हम
350606,246483,hi,2,26.55,40.68,14.13,/kaggle/working/Hindi-ASR-Whisper-Pipeline/artifacts/q1/preprocess/segments/350606_0002.wav,कितनी सारी तैयारी करते हैं जैसे की अगर बड़े बड़े लोगों तो कोई होटल रूम के मतलब की होटल में शादी या हो ना वह होती है उसमें.
350606,246483,hi,3,40.71,54.48,13.77,/kaggle/working/Hindi-ASR-Whisper-Pipeline/artifacts/q1/preprocess/segments/350606_0003.wav,सब के यहां खाने का इंतजाम होता है शादी में तैयारियाँ में और हल्दी की तैयारियाँ होती है वैसे उसमें आती है और
350606,246483,hi,4,55.11,69.69,14.58,/kaggle/working/Hindi-ASR-Whisper-Pipeline/artifacts/q1/preprocess/segments/350606_0004.wav,जो शाम को होता है ना वो डीजे का डांडिया रास होता है तो वो शारी तैयारियां होती हैं और
350606,246483,hi,5,69.81,83.97,14.16,/kaggle/working/Hindi-ASR-Whisper-Pipeline/artifacts/q1/preprocess/segments/350606_0005.wav,हां जैसे कि उसके अंदर टॉपिक है कि शादी के काम बांटना मतलब कि अगर कोई एक एक ही नहीं मतलब कि कितने सारे भाई बहन हो तो उसमें शादी के काम बांटना मतलब कि
350606,246483,hi,6,84.12,97.89,13.77,/kaggle/working/Hindi-ASR-Whisper-Pipeline/artifacts/q1/preprocess/segments/350606_0006.wav,जैसे कि होटल रूम में होटल कम सारे खाना का है उसमें इंतजाम करना वो कोई कर लेगा दूसरा कोई घर की तैयारी या मंडप जैसे वो सब होते हैं वो दूसरा कोई कर लेगा वैसे
350606,246483,hi,7,98.7,108.69,9.99,/kaggle/working/Hindi-ASR-Whisper-Pipeline/artifacts/q1/preprocess/segments/350606_0007.wav,उसमें शादी के काम बांटना वो होता है
350606,246483,hi,8,108.9,117.09,8.19,/kaggle/working/Hindi-ASR-Whisper-Pipeline/artifacts/q1/preprocess/segments/350606_0008.wav,हां तो अब आप बोल सकते हैं कि शादी के लिए परिवार की तैयारियां जिसमें है शादी के काम बांटना तो अब आप बता सकते हैं
350606,246483,hi,9,130.29,144.06,13.77,/kaggle/working/Hindi-ASR-Whisper-Pipeline/artifacts/q1/preprocess/segments/350606_0009.wav,हुंह हुंह हां हां हाॅं हाॅं
350606,246483,hi,10,146.01,160.98,14.97,/kaggle/working/Hindi-ASR-Whisper-Pipeline/artifacts/q1/preprocess/segments/350606_0010.wav,REDACTED
350606,246483,hi,11,161.25,169.68,8.43,/kaggle/working/Hindi-ASR-Whisper-Pipeline/artifacts/q1/preprocess/segments/350606_0011.wav,हां तो उसके हमारे बात का टॉपिक हैं की सोचा मत कलिए थीम तय करना
350606,246483,hi,12,172.11,176.64,4.53,/kaggle/working/Hindi-ASR-Whisper-Pipeline/artifacts/q1/preprocess/segments/350606_0012.wav,हं हं
350606,246483,hi,13,178.89,193.08,14.19,/kaggle/working/Hindi-ASR-Whisper-Pipeline/artifacts/q1/preprocess/segments/350606_0013.wav,REDACTED
350606,246483,hi,14,194.1,204.15,10.05,/kaggle/working/Hindi-ASR-Whisper-Pipeline/artifacts/q1/preprocess/segments/350606_0014.wav,REDACTED
350606,246483,hi,15,207.24,222.18,14.94,/kaggle/working/Hindi-ASR-Whisper-Pipeline/artifacts/q1/preprocess/segments/350606_0015.wav,हा हां तो उसमें ऐसा होता है हा कि जैसे आपने बोला कि थीम तैयार करना तो उसमें
350606,246483,hi,16,222.54,237.36,14.82,/kaggle/working/Hindi-ASR-Whisper-Pipeline/artifacts/q1/preprocess/segments/350606_0016.wav,पंडित का नहीं मतलब कि घर वालों का चलना चाहिए हां हां वही
350606,246483,hi,17,237.39,251.13,13.74,/kaggle/working/Hindi-ASR-Whisper-Pipeline/artifacts/q1/preprocess/segments/350606_0017.wav,हां हां हां हां
350606,246483,hi,18,252.09,266.55,14.46,/kaggle/working/Hindi-ASR-Whisper-Pipeline/artifacts/q1/preprocess/segments/350606_0018.wav,हां हा उसी का ही मुहूर्त हैं हा तो उसमें पंडित का चलता है
350606,246483,hi,19,266.76,281.58,14.82,/kaggle/working/Hindi-ASR-Whisper-Pipeline/artifacts/q1/preprocess/segments/350606_0019.wav,हाँ तो हमारा अगला टॉपिक है कि खाने पीने का मेन्यू तय करना तो जैसे मैंने बताया था अंभी कि होटल होटल में जाना या घर पर ही कुछ तैयारी करना जैसे कि हम होटल की बात
350606,246483,hi,20,281.58,296.1,14.52,/kaggle/working/Hindi-ASR-Whisper-Pipeline/artifacts/q1/preprocess/segments/350606_0020.wav,करें तो कोई हमारे दोस्त या भाईबहन यह तो कोई भी हमारे अपने या हमारे फ्रेंड वह कोई भी उसको कोई भी कर सकता हैं होटल यह तो हम भी कर सकते हैं होटल में बुकिंग करना
350606,246483,hi,21,296.31,310.44,14.13,/kaggle/working/Hindi-ASR-Whisper-Pipeline/artifacts/q1/preprocess/segments/350606_0021.wav,वो कर सकते हैं यह तो अगर हमें घर पर बनाना हो सब खानेपीने का मेन्यू तो हम घर पर भी तय कर सकते हैं कि ये या ये करना है तो हम उसकी तैयारी पहले से तय करके रख देते हैं
350606,246483,hi,22,310.47,320.91,10.44,/kaggle/working/Hindi-ASR-Whisper-Pipeline/artifacts/q1/preprocess/segments/350606_0022.wav,दोस्त में आता है तो अब आप बताए खाने पीने का मेन्यू तय करलो आप हूं हूं
350606,246483,hi,23,324.93,339.9,14.97,/kaggle/working/Hindi-ASR-Whisper-Pipeline/artifacts/q1/preprocess/segments/350606_0023.wav,हां हां तो उसमें आता है कि जैसे कि हम शाम को ना हम जैसे कि डाइनर आज करते हैं उसकी तै तैयारी करना तो हम कर सकते हैं
350606,246483,hi,24,340.86,350.01,9.15,/kaggle/working/Hindi-ASR-Whisper-Pipeline/artifacts/q1/preprocess/segments/350606_0024.wav,हम्म हम्म
350606,246483,hi,25,364.65,367.74,3.09,/kaggle/working/Hindi-ASR-Whisper-Pipeline/artifacts/q1/preprocess/segments/350606_0025.wav,अह .अ हाँ
350606,246483,hi,26,369.99,381.66,11.67,/kaggle/working/Hindi-ASR-Whisper-Pipeline/artifacts/q1/preprocess/segments/350606_0026.wav,हां हां आँ हां हां
350606,246483,hi,27,381.93,396.15,14.22,/kaggle/working/Hindi-ASR-Whisper-Pipeline/artifacts/q1/preprocess/segments/350606_0027.wav,हां उसके बाद यह करना है और हां हां अगर वो नहीं हो पाता तो हा जेसे आपने का वही होता है वो पहले से ही प्लानिंग करके रख देते हैं हां कि.
350606,246483,hi,28,396.18,406.35,10.17,/kaggle/working/Hindi-ASR-Whisper-Pipeline/artifacts/q1/preprocess/segments/350606_0028.wav,इसके बाद ये लेना है हां कि उसके बाद यह होटल में जाना है कि उसके बाद ये डांडिया रास होना सोना चाहिए ही
350606,246483,hi,29,410.22,424.5,14.28,/kaggle/working/Hindi-ASR-Whisper-Pipeline/artifacts/q1/preprocess/segments/350606_0029.wav,हू तो वो तो हम पहले से ही कोई दुकान में जा सकते हैं हां तो पहले से तो हू हू
350606,246483,hi,30,424.53,428.37,3.84,/kaggle/working/Hindi-ASR-Whisper-Pipeline/artifacts/q1/preprocess/segments/350606_0030.wav,हां ये वाले कपड़े ने हैं हां ये डिसेंट के या डिसेंट के हां
350606,246483,hi,31,431.13,445.2,14.07,/kaggle/working/Hindi-ASR-Whisper-Pipeline/artifacts/q1/preprocess/segments/350606_0031.wav,हु हु और तो
350606,246483,hi,32,450.96,464.73,13.77,/kaggle/working/Hindi-ASR-Whisper-Pipeline/artifacts/q1/preprocess/segments/350606_0032.wav,इस तरह के साथ शादी की तैयारी करना जैसे की हमारे कोई अपने हों उसके साथ मिल हां हां मैं बोल रही हूँ
350606,246483,hi,33,465.03,479.58,14.55,/kaggle/working/Hindi-ASR-Whisper-Pipeline/artifacts/q1/preprocess/segments/350606_0033.wav,की जैसे उनके साथ मिलकर हम कोई तैयारी करते हैं शादी की जैसे कि मेहंदी वगैरा हा वही ह्म्म तब आप बोल सकते हैं
350606,246483,hi,34,511.41,518.67,7.26,/kaggle/working/Hindi-ASR-Whisper-Pipeline/artifacts/q1/preprocess/segments/350606_0034.wav,करना हा हा हा हु तो हमारे
350606,246483,hi,35,525.15,529.05,3.9,/kaggle/working/Hindi-ASR-Whisper-Pipeline/artifacts/q1/preprocess/segments/350606_0035.wav,हम् हम्
350606,246483,hi,36,535.86,549.42,13.56,/kaggle/working/Hindi-ASR-Whisper-Pipeline/artifacts/q1/preprocess/segments/350606_0036.wav,हाँ तो पहले से जैसे की इसमें कहा गया है कि पहले के शादी के अनुभव से आइडिया लेना तो पहले से ही जैसे की पहले से शादी के पहले ही हम
350606,246483,hi,37,549.45,562.35,12.9,/kaggle/working/Hindi-ASR-Whisper-Pipeline/artifacts/q1/preprocess/segments/350606_0037.wav,उसकी तैयारी कर रहते हैं कि इतनी तारीक को इतनी तारीक को हम शादी रखेंगे तो वही और
350606,246483,hi,38,562.74,577.71,14.97,/kaggle/working/Hindi-ASR-Whisper-Pipeline/artifacts/q1/preprocess/segments/350606_0038.wav,उसका आइडिया जैसे कि यहां पर यहां पर राज का होगा सब कुछ और यहा पर मेहंदी का होगा यह सब हम तैयारी करके रखते हैं तो अब आप बता सकते हैं
350606,246483,hi,39,578.07,579.78,1.71,/kaggle/working/Hindi-ASR-Whisper-Pipeline/artifacts/q1/preprocess/segments/350606_0039.wav,हैलो
350606,246483,hi,40,594.93,601.77,6.84,/kaggle/working/Hindi-ASR-Whisper-Pipeline/artifacts/q1/preprocess/segments/350606_0040.wav,REDACTED
350606,246483,hi,41,606.03,619.89,13.86,/kaggle/working/Hindi-ASR-Whisper-Pipeline/artifacts/q1/preprocess/segments/350606_0041.wav,हम्मम हम्मम हम्मम हम्मम हा हा
350606,246483,hi,42,619.89,634.41,14.52,/kaggle/working/Hindi-ASR-Whisper-Pipeline/artifacts/q1/preprocess/segments/350606_0042.wav,कोई बात नहीं अब हमारा टॉपिक खत्म होता हूँ आपके साथ बात करके अच्छा लगा हुं
351501,247461,hi,4,63.54,68.34,4.8,/kaggle/working/Hindi-ASR-Whisper-Pipeline/artifacts/q1/preprocess/segments/351501_0004.wav,जी आप थोड़ा अच्छे से बताएंगे हम थोड़ा समझ नहीं पाए बीच में
351501,247461,hi,7,101.01,107.76,6.75,/kaggle/working/Hindi-ASR-Whisper-Pipeline/artifacts/q1/preprocess/segments/351501_0007.wav,जी जी आपने बहुत ही बढ़िया तरीके से बताएं कि शादी का तैयारियां कैसे किया जाता है
351501,247461,hi,8,118.08,130.11,12.03,/kaggle/working/Hindi-ASR-Whisper-Pipeline/artifacts/q1/preprocess/segments/351501_0008.wav,जी शादी के काम बांटना जैसे कि मान लीजिए बड़े भईया पापा या फिर दोस्त वोस्त दुनिया का बहुत कोई रहता है ना तो मान लीजिए कि मेरा दोस्त है उस
351501,247461,hi,9,130.44,144.96,14.52,/kaggle/working/Hindi-ASR-Whisper-Pipeline/artifacts/q1/preprocess/segments/351501_0009.wav,उसको हम बोल दिए कि मेरा कार्ड को बांटना है या फिर मान लिजिए कि मार्केट से सब्जी लाना है या फिर टेंट वाला को बुकिंग करने को बोलना है दोस्त को बोलना है कि मेरे लिए शादी में अच्छा सा
351501,247461,hi,10,145.32,159.51,14.19,/kaggle/working/Hindi-ASR-Whisper-Pipeline/artifacts/q1/preprocess/segments/351501_0010.wav,अच्छा कार वो भी बुकिंग करना है अच्छा सा अच्छा सा क्या बताएंगे बहुत कुछ डीजे सेटअप ये सब वह ये सब भी दोस्त लोगों से ही हम लोग
351501,247461,hi,11,160.26,161.31,1.05,/kaggle/working/Hindi-ASR-Whisper-Pipeline/artifacts/q1/preprocess/segments/351501_0011.wav,काम बांटते हैं
351501,247461,hi,12,170.61,173.1,2.49,/kaggle/working/Hindi-ASR-Whisper-Pipeline/artifacts/q1/preprocess/segments/351501_0012.wav,सजावट के लिए थीम तय करना
351501,247461,hi,13,176.04,190.02,13.98,/kaggle/working/Hindi-ASR-Whisper-Pipeline/artifacts/q1/preprocess/segments/351501_0013.wav,ठीक है यही टॉपिक है ना जैसे की मान लीजिए सजावट के लिए थीम मान लीजिए बहुत किसी को कोई सा डिजाइन पसंद नहीं किसी को मान लीजिए कि
351501,247461,hi,14,190.53,203.52,12.99,/kaggle/working/Hindi-ASR-Whisper-Pipeline/artifacts/q1/preprocess/segments/351501_0014.wav,एंड वाला आ गया यह कपड़ा पसंद नहीं वह नहीं पहले तो थे तीन पसंद करके आप बोल दीजिए यह वाला थे या फिर मान दीजिए कि शादी के क्या डेट ठीक नहीं है या फिर पंडित बोल दिया कि यही वाला डेट फ़िक्स हे
351501,247461,hi,15,203.85,212.25,8.4,/kaggle/working/Hindi-ASR-Whisper-Pipeline/artifacts/q1/preprocess/segments/351501_0015.wav,मतलब दूल्हे का दुल्हा का मन नहीं है कि इस स्टेट में शादी नहीं करना है और बस पंडित बोल दिया मतलब ऐसा थोड़ी न होता है बताइये
351501,247461,hi,16,226.95,241.71,14.76,/kaggle/working/Hindi-ASR-Whisper-Pipeline/artifacts/q1/preprocess/segments/351501_0016.wav,नहीं नही उसमें भी तो पंडित का ही हाथ होता है पंडित जो बोल दे मतलब मान लीजिए क्या बताएंगे मंगनी या फिर क्या बोलता है उसको मतलब दो गो डेढ़ में रहता है मान लीजिए एक गो है एक
351501,247461,hi,17,241.71,256.05,14.34,/kaggle/working/Hindi-ASR-Whisper-Pipeline/artifacts/q1/preprocess/segments/351501_0017.wav,इसमें एक बॉय पच्चीस में ठीक है ना तो अगर दूल्हा को पच्चीस तारीख का डेट अच्छा लगा है और वही पंडित जी बोले कि इक्कीस का डेट ही फिक्स है तो बताइए दूल्हा को अच्छा लगेगा
351501,247461,hi,18,258.33,260.46,2.13,/kaggle/working/Hindi-ASR-Whisper-Pipeline/artifacts/q1/preprocess/segments/351501_0018.wav,जी वही हम समझाना चाहते हैं.
351501,247461,hi,19,270.57,272.7,2.13,/kaggle/working/Hindi-ASR-Whisper-Pipeline/artifacts/q1/preprocess/segments/351501_0019.wav,REDACTED
351501,247461,hi,23,316.08,317.1,1.02,/kaggle/working/Hindi-ASR-Whisper-Pipeline/artifacts/q1/preprocess/segments/351501_0023.wav,खाने पीने गए
351501,247461,hi,24,320.49,325.83,5.34,/kaggle/working/Hindi-ASR-Whisper-Pipeline/artifacts/q1/preprocess/segments/351501_0024.wav,अभी होता है जैसे कि मस्ती और मनोरंजन के लिए प्लान बनाना ठीक ना
351501,247461,hi,25,340.35,354.57,14.22,/kaggle/working/Hindi-ASR-Whisper-Pipeline/artifacts/q1/preprocess/segments/351501_0025.wav,जी जैसे कि मनोरंजन हो गया जैसे कि डांस करने के लिए कोई प्लानिंग हो रहा है या फिर कही घूमने जाने के लिए या फिर कोई अच्छा सा ड्रेस ड्रेस व्रेस
351501,247461,hi,26,354.57,369.36,14.79,/kaggle/working/Hindi-ASR-Whisper-Pipeline/artifacts/q1/preprocess/segments/351501_0026.wav,पहन के किसी को बहुत ख़ुशी आता है न क्या फिर क्या बताए किसी को लड़कियां को अक्सर सजने का बहुत शौकीन लड़कियां बहुत शौकीन रहते हैं सजने के लिए जैसे कि अगर उन लोगों का मैकअप नहीं होगा ना
351501,247461,hi,27,369.63,384.03,14.4,/kaggle/working/Hindi-ASR-Whisper-Pipeline/artifacts/q1/preprocess/segments/351501_0027.wav,तो मान लीजिए उन लोगों को बहुत ही बुरा लगेगा और उन लोगों का मन भी नाराज हो जाएगा हाँ की नहीं तो ये सब भी लड़कियां पहले से ही प्लानिंग बना कर रखते हैं कि भाईया के शादी में ये वो करना है अगर नहीं कराएं घरवाले उनसे.
351501,247461,hi,28,384.09,386.19,2.1,/kaggle/working/Hindi-ASR-Whisper-Pipeline/artifacts/q1/preprocess/segments/351501_0028.wav,तो वो नाराज हो जाएगी
351501,247461,hi,30,404.88,408.69,3.81,/kaggle/working/Hindi-ASR-Whisper-Pipeline/artifacts/q1/preprocess/segments/351501_0030.wav,उसके बाद आता है जैसे कि मान लीजिए शादी के लिए कपड़े चुनना
351501,247461,hi,31,416.88,423.27,6.39,/kaggle/working/Hindi-ASR-Whisper-Pipeline/artifacts/q1/preprocess/segments/351501_0031.wav,हाँ हाँ पहले से ही प्लानिंग बनाएंगे तब न जाएंगे दुकान में कि ये वाला सॉप अच्छा है इसमें अच्छा ड्रेस व्रेस आता है
351501,247461,hi,32,428.1,431.4,3.3,/kaggle/working/Hindi-ASR-Whisper-Pipeline/artifacts/q1/preprocess/segments/351501_0032.wav,हाँ यहां का यहां का दुकानदार अच्छा डिस्काउंट देता है
351501,247461,hi,33,443.88,450.66,6.78,/kaggle/working/Hindi-ASR-Whisper-Pipeline/artifacts/q1/preprocess/segments/351501_0033.wav,रिश्तेदार के सादी सादी की तैयारी करना इसमें इस टोपिक मे आप कुछ ज्ञान देंगे हमको
351501,247461,hi,37,477.03,490.86,13.83,/kaggle/working/Hindi-ASR-Whisper-Pipeline/artifacts/q1/preprocess/segments/351501_0037.wav,वो तो दुल्हन को सजाने या फिर दूल्हा को सजाने के लिए जैसे कि मान लिए रिश्तेदारो की शादी मतलब रिश्तेदारो के साथ शादी की तैयारी करना जैसे की मान लीजिए रिश्तेदार मतलब जैसे कि हो गया
351501,247461,hi,38,491.19,505.86,14.67,/kaggle/working/Hindi-ASR-Whisper-Pipeline/artifacts/q1/preprocess/segments/351501_0038.wav,मामा का लड़का का शादी है वो भी तो रिश्तेदार में ही आया तो ना रिश्तेदारों के साथ उसके घर में जो कुछ भी है पैसे का मेंनटेन करना कपड़े का मेंनटेन करना खाने पीने का मेंनटेन करना
351501,247461,hi,39,506.13,510.93,4.8,/kaggle/working/Hindi-ASR-Whisper-Pipeline/artifacts/q1/preprocess/segments/351501_0039.wav,इसी को रिश्तेदारों के साथ शादी की तैयारी करना
351501,247461,hi,40,512.97,524.73,11.76,/kaggle/working/Hindi-ASR-Whisper-Pipeline/artifacts/q1/preprocess/segments/351501_0040.wav,कहते है ओके उसके बाद हमारा टॉपिक आता है जैसे मान लीजिए पहले पहले के शादी के अनुभवों से आइडिया लेना
351501,247461,hi,41,527.61,531.66,4.05,/kaggle/working/Hindi-ASR-Whisper-Pipeline/artifacts/q1/preprocess/segments/351501_0041.wav,आपके साथ मतलब आपके मतलब आपके आस पड़ोस साथ ऐसा कभी आपके साथ हुआ है
351501,247461,hi,42,543.66,545.13,1.47,/kaggle/working/Hindi-ASR-Whisper-Pipeline/artifacts/q1/preprocess/segments/351501_0042.wav,जी जी
351501,247461,hi,43,577.74,591.48,13.74,/kaggle/working/Hindi-ASR-Whisper-Pipeline/artifacts/q1/preprocess/segments/351501_0043.wav,मान लीजिए ऐसा पहले पहले के शादी के अनुभवों के आइडिया लेना जैसे कि किसी का बहुत मतलब बड़े बुजुर्ग लोग रहते हैं ना उन लोगों से तो मतलब आइडिया लेना पड़ता है कि क्या- क्या करना है
351501,247461,hi,44,592.2,606.51,14.31,/kaggle/working/Hindi-ASR-Whisper-Pipeline/artifacts/q1/preprocess/segments/351501_0044.wav,हल्दी में क्या क्या करना है और शादी के दिन क्या क्या करना है हा कि नहीं पंडित पंडित पंडित भी तो वही वो भी तो मतलब पहले के ही रह होते होंगे उनसे भी आप लोग
351501,247461,hi,45,606.69,610.5,3.81,/kaggle/working/Hindi-ASR-Whisper-Pipeline/artifacts/q1/preprocess/segments/351501_0045.wav,ते होंगे कि कौनकौन समान लगेगा हा कि नहीं
351501,247461,hi,46,613.56,616.44,2.88,/kaggle/working/Hindi-ASR-Whisper-Pipeline/artifacts/q1/preprocess/segments/351501_0046.wav,उसी को आइडिया लेना रहते हैं ठीक है
351501,247461,hi,47,623.13,626.07,2.94,/kaggle/working/Hindi-ASR-Whisper-Pipeline/artifacts/q1/preprocess/segments/351501_0047.wav,आप काट सकते हैं कौन कोई दिक्कत नहीं
351501,247461,hi,48,631.38,633.27,1.89,/kaggle/working/Hindi-ASR-Whisper-Pipeline/artifacts/q1/preprocess/segments/351501_0048.wav,थैंक्यू थैंक्यू सर बहुत बढ़िया
365033,85943,hi,0,0.17,8.57,8.4,/kaggle/working/Hindi-ASR-Whisper-Pipeline/artifacts/q1/preprocess/segments/365033_0000.wav,मुझे भी आईफ़ोन ही पसंद है बाकि फाइव जी फोन आजकल चले हुए हैं उनमें अच्छे सारे फीचर्स हैं.
365033,85943,hi,1,15.83,16.85,1.02,/kaggle/working/Hindi-ASR-Whisper-Pipeline/artifacts/q1/preprocess/segments/365033_0001.wav,हा जी
365033,85943,hi,2,22.16,23.21,1.05,/kaggle/working/Hindi-ASR-Whisper-Pipeline/artifacts/q1/preprocess/segments/365033_0002.wav,हां हां
365033,85943,hi,3,25.88,39.71,13.83,/kaggle/working/Hindi-ASR-Whisper-Pipeline/artifacts/q1/preprocess/segments/365033_0003.wav,फोन में आजकल छोटे छोटे फोन में भी फ़ीचर्स आ गए हैं जैसे हम उनमें कुछ भी देखना चाहें कुछ भी देख सकते हैं हम अपनी पसंदिदा कोई भी चीज खोजना चाहें तो उसमें वो हम सर्च करके पता चल सकता
365033,85943,hi,4,39.71,44.03,4.32,/kaggle/working/Hindi-ASR-Whisper-Pipeline/artifacts/q1/preprocess/segments/365033_0004.wav,लगता है कि हमें यह हमारी जरूरत है आजकल जैसे इंटरनेट चल रहा है
365033,85943,hi,5,46.37,51.17,4.8,/kaggle/working/Hindi-ASR-Whisper-Pipeline/artifacts/q1/preprocess/segments/365033_0005.wav,हांजि
365033,85943,hi,6,61.16,66.71,5.55,/kaggle/working/Hindi-ASR-Whisper-Pipeline/artifacts/q1/preprocess/segments/365033_0006.wav,हा जी बिलकुल बिलकुल ठीक बोल रहे हो आप
365033,85943,hi,7,72.47,78.11,5.64,/kaggle/working/Hindi-ASR-Whisper-Pipeline/artifacts/q1/preprocess/segments/365033_0007.wav,हाँ जी हाँ जी
365033,85943,hi,8,84.68,97.43,12.75,/kaggle/working/Hindi-ASR-Whisper-Pipeline/artifacts/q1/preprocess/segments/365033_0008.wav,नहीं ऑफिस वगैरा जैसे जाते हैं तो लैपटॉप घर भी ले आ सकते हैं लैपटॉप के पर एक ऐसी ऐसी चीज़ है जिसको हम घर पे बैठ के भी यूज़ कर सकते हैं
365033,85943,hi,9,98.33,105.77,7.44,/kaggle/working/Hindi-ASR-Whisper-Pipeline/artifacts/q1/preprocess/segments/365033_0009.wav,ऑफिस वगैरह जाते हैं तब भी एच. पी. का है सबसे मेरे लिए सबसे बेस्ट लैपटॉप है
365033,85943,hi,10,109.34,116.93,7.59,/kaggle/working/Hindi-ASR-Whisper-Pipeline/artifacts/q1/preprocess/segments/365033_0010.wav,वैसे तो डेल भी अच्छा है डेल भी अच्छा है पर एच. पी. का ज़्यादा अच्छा है क्योंकि मैंने
365033,85943,hi,11,120.71,132.11,11.4,/kaggle/working/Hindi-ASR-Whisper-Pipeline/artifacts/q1/preprocess/segments/365033_0011.wav,हा मैंने भी जो है एच.पी का लैपटॉप लिया था अभी पिछले साल मैंने एच .पी का लैपटॉप लिया है वो मुझे चालीस हजार के करीब पड़ा था इंस्टॉलमेंट पे
365033,85943,hi,12,135.47,137.15,1.68,/kaggle/working/Hindi-ASR-Whisper-Pipeline/artifacts/q1/preprocess/segments/365033_0012.wav,हां जी
365033,85943,hi,13,139.37,152.96,13.59,/kaggle/working/Hindi-ASR-Whisper-Pipeline/artifacts/q1/preprocess/segments/365033_0013.wav,अच्छा नहीं लैपटॉप कहीं भी अगर हम दुकान पर लेने जाते हैं तो हमें सब सारे फीचर्स चेक करने चहिए उसके
365033,85943,hi,14,158.21,159.8,1.59,/kaggle/working/Hindi-ASR-Whisper-Pipeline/artifacts/q1/preprocess/segments/365033_0014.wav,बहुत बहुत ज्यादा
365033,85943,hi,15,167.48,168.65,1.17,/kaggle/working/Hindi-ASR-Whisper-Pipeline/artifacts/q1/preprocess/segments/365033_0015.wav,हा जी हां जी
365033,85943,hi,16,172.76,187.64,14.88,/kaggle/working/Hindi-ASR-Whisper-Pipeline/artifacts/q1/preprocess/segments/365033_0016.wav,लैप्टॉप कंप्यूटरस हो गे कंप्यूटर बच्चों को बच्चों के लिए अच्छा है कंप्यूटर में हम कोई भी बच्चों को जैसे गेम वगेरा दिखा सकते हैं अगर इंटरनेट घर पे लगा हो तो
365033,85943,hi,17,198.98,213.35,14.37,/kaggle/working/Hindi-ASR-Whisper-Pipeline/artifacts/q1/preprocess/segments/365033_0017.wav,हम्म व्हाट्सएप है हांजी हांजी हांजी
365033,85943,hi,18,213.35,225.71,12.36,/kaggle/working/Hindi-ASR-Whisper-Pipeline/artifacts/q1/preprocess/segments/365033_0018.wav,हांजी हांजी हांजी वो
365033,85943,hi,19,227.18,239.24,12.06,/kaggle/working/Hindi-ASR-Whisper-Pipeline/artifacts/q1/preprocess/segments/365033_0019.wav,आजकल बहुत चीजे ऐसी चल गई हैं जो हमें मतलब हर चीज में सहायता करती हैं जैसे कुछ भी हमें देखना हो हमें अपने पसंदीदा कोई गाने सुनने हो फिल्म देखनी हो
365033,85943,hi,20,240.05,245.78,5.73,/kaggle/working/Hindi-ASR-Whisper-Pipeline/artifacts/q1/preprocess/segments/365033_0020.wav,तो हम अपने पसंद का कुछ भी सुन सकते हैं आजकल की इन सब चीजों पे
365033,85943,hi,21,248.54,250.76,2.22,/kaggle/working/Hindi-ASR-Whisper-Pipeline/artifacts/q1/preprocess/segments/365033_0021.wav,हांजी
365033,85943,hi,22,254.63,258.59,3.96,/kaggle/working/Hindi-ASR-Whisper-Pipeline/artifacts/q1/preprocess/segments/365033_0022.wav,हाँ जी जी जी हाँ जी
365033,85943,hi,23,261.2,274.1,12.9,/kaggle/working/Hindi-ASR-Whisper-Pipeline/artifacts/q1/preprocess/segments/365033_0023.wav,हां जी हां जी पिटनेस वगैरह हां जी हां जी हां जी
365033,85943,hi,25,282.71,284.0,1.29,/kaggle/working/Hindi-ASR-Whisper-Pipeline/artifacts/q1/preprocess/segments/365033_0025.wav,हां जी हां जी
365033,85943,hi,26,293.75,305.3,11.55,/kaggle/working/Hindi-ASR-Whisper-Pipeline/artifacts/q1/preprocess/segments/365033_0026.wav,इनको हम जैसे फ्री टाइम पे अपना हमारे पास कोई जैसे टाइम बचा हुआ ए तो हम अपना इंटरेटेन्मेंट कर सकते हैं इनको देख के
365033,85943,hi,27,310.19,320.93,10.74,/kaggle/working/Hindi-ASR-Whisper-Pipeline/artifacts/q1/preprocess/segments/365033_0027.wav,हां जी हां जी हां जी ये तो है ही मैप का यूज़ कर लेते होगे हां जी जैसे पता लग जाता होगा
365033,85943,hi,28,321.56,336.47,14.91,/kaggle/working/Hindi-ASR-Whisper-Pipeline/artifacts/q1/preprocess/segments/365033_0028.wav,पता लग जाता होगा जैसे किसी जगह का हमे पता नही है हम उसका सर्च कर सकते है कि हमे ये जगह जाना है ये जगह कितनी दूर होगी कितने किलोमीटर दूर है हमसे की हममे जाने का रास्ता कैसा कैसे मिलेगा हमे नही पता होता
365033,85943,hi,29,338.42,345.62,7.2,/kaggle/working/Hindi-ASR-Whisper-Pipeline/artifacts/q1/preprocess/segments/365033_0029.wav,हां जी बहुत सारी चीजों के लिए जानकारी मिल जाती है हमें इन पर
365033,85943,hi,30,350.3,356.27,5.97,/kaggle/working/Hindi-ASR-Whisper-Pipeline/artifacts/q1/preprocess/segments/365033_0030.wav,हां जी हां जी हो जाता है हां जी
365033,85943,hi,31,358.97,368.0,9.03,/kaggle/working/Hindi-ASR-Whisper-Pipeline/artifacts/q1/preprocess/segments/365033_0031.wav,REDACTED
365033,85943,hi,32,371.24,372.53,1.29,/kaggle/working/Hindi-ASR-Whisper-Pipeline/artifacts/q1/preprocess/segments/365033_0032.wav,हाँ जी हाँ जी
365033,85943,hi,33,375.86,388.28,12.42,/kaggle/working/Hindi-ASR-Whisper-Pipeline/artifacts/q1/preprocess/segments/365033_0033.wav,आजकल तो बहुत सारे फीचर्स ऐसे ही आ चुके हैं जिससे हम का अपने फोन को किसी के फोन के साथ कनेक्ट कर सकते हैं अगर कहीं हम फंस जाते हैं किसी खतरे में पड़ जाते है तो हमारे
365033,85943,hi,34,388.46,399.35,10.89,/kaggle/working/Hindi-ASR-Whisper-Pipeline/artifacts/q1/preprocess/segments/365033_0034.wav,जो हमारा फोन कनेक्ट होगा उनको पता चल सकता है कि ये बन्दा खतरे में पड़ा हुआ है इसकी हेल्प करने चाहिए हांजी हांजी
365033,85943,hi,36,414.92,429.86,14.94,/kaggle/working/Hindi-ASR-Whisper-Pipeline/artifacts/q1/preprocess/segments/365033_0036.wav,REDACTED
365033,85943,hi,37,432.74,447.68,14.94,/kaggle/working/Hindi-ASR-Whisper-Pipeline/artifacts/q1/preprocess/segments/365033_0037.wav,हांजी हम बहुत इन सच चीज़ों से बहुत कुछ सीख सकते हैं बच्चो कों सिखा सकते हैं उनके जो आजकल स्कूलों में ये एक्टिविटी वगैरा करवाते हैं प्रोजेक्ट करवाते हैं तो हम इन पे सर्च करके बच्चों को हम सिक
365033,85943,hi,38,447.8,450.2,2.4,/kaggle/working/Hindi-ASR-Whisper-Pipeline/artifacts/q1/preprocess/segments/365033_0038.wav,करवा सकते हैं वो चीजे
365033,85943,hi,39,457.58,472.4,14.82,/kaggle/working/Hindi-ASR-Whisper-Pipeline/artifacts/q1/preprocess/segments/365033_0039.wav,हान जी हान जी हान जी अच्छा जी आपके साथ बात कर बात करके अच्छा लगा ओके धन्यवाद
365059,65646,hi,0,2.12,16.25,14.13,/kaggle/working/Hindi-ASR-Whisper-Pipeline/artifacts/q1/preprocess/segments/365059_0000.wav,जी तो ह जी जी मैं भी फोन को लेकर फीचर्स को ज्यादा वेल्यू वाली मतलब वेल्यू देता हूं फीचर्स को लेके
365059,65646,hi,1,16.31,28.04,11.73,/kaggle/working/Hindi-ASR-Whisper-Pipeline/artifacts/q1/preprocess/segments/365059_0001.wav,अभी अच्छा फोन होने का मतलब है आपके पास एक पसंदीदा फोन हो आपका जिसमें अच्छे फीचर्स हो कैमरा अच्छा हो उसका बहुत सारी चीजे फोन में एक से बड़े के एक चीजे जानने के लिए
365059,65646,hi,3,35.6,39.38,3.78,/kaggle/working/Hindi-ASR-Whisper-Pipeline/artifacts/q1/preprocess/segments/365059_0003.wav,जी
365059,65646,hi,4,44.93,59.81,14.88,/kaggle/working/Hindi-ASR-Whisper-Pipeline/artifacts/q1/preprocess/segments/365059_0004.wav,हां जी बिल्कुल जैसे की मेरा पसंदीदा फोन था आईफोन मैने बताया है आपको तो मैं आईफोन एक देखने में भी ऐसा लगता है क्लासिक है एकदम और फिर अपनी रि रिचेस्ट जो भी है हमारी जो रिच्नेस है
365059,65646,hi,5,59.84,73.64,13.8,/kaggle/working/Hindi-ASR-Whisper-Pipeline/artifacts/q1/preprocess/segments/365059_0005.wav,सही दिखती है आईफोन से स्टेटस उसका वेलिवर्ड समाजिक स्टेटस जो हमारा जो भी है वो भी आईफोन को लेके एक भावना है मतलब लोगों के दिलों में कि आप आईफोन यूज करोगे तो आप
365059,65646,hi,6,73.79,88.46,14.67,/kaggle/working/Hindi-ASR-Whisper-Pipeline/artifacts/q1/preprocess/segments/365059_0006.wav,अच्छे हो भले आपके पास कुछ ना हो और ऐसा है आईफोन का बोलना वो लेपटॉप में तो मेरे पसंद दिया ऐसा कुछ खास है नहीं लेपटॉप का मैं बहुत कम यूज करता हूं अधिकतम मुझे फोन यूज करना पसंद है
365059,65646,hi,8,95.84,102.26,6.42,/kaggle/working/Hindi-ASR-Whisper-Pipeline/artifacts/q1/preprocess/segments/365059_0008.wav,ह्म्म हु जी अभी तक आपने सबसे अच्छा लैपटॉप कौन से यूज़ करा है
365059,65646,hi,9,105.59,120.35,14.76,/kaggle/working/Hindi-ASR-Whisper-Pipeline/artifacts/q1/preprocess/segments/365059_0009.wav,जी तो मुझे भी एच_पी का भी बेस्ट लगता है वैसे डेल का भी आता है और मैंने जो यूज करा था वो डेल का था वो कुछ मुझे तीस हजार के समथिंग ऐसे कुछ पड़ा था
365059,65646,hi,10,120.53,127.25,6.72,/kaggle/working/Hindi-ASR-Whisper-Pipeline/artifacts/q1/preprocess/segments/365059_0010.wav,मतलब सेकंड हैंड ही उम्म उम्म जी
365059,65646,hi,11,131.15,145.61,14.46,/kaggle/working/Hindi-ASR-Whisper-Pipeline/artifacts/q1/preprocess/segments/365059_0011.wav,जी जी मैंने भी ऐसा ही था मैंने सेकंड हैंड लिया था पर मैंने केश लिया था मुझे लेपटॉप ऐसा पसंद करने के पहले मुझे बहुत देखना पड़ा उसमें क्या फीचर्स है क्या नहीं है
365059,65646,hi,12,145.61,160.37,14.76,/kaggle/working/Hindi-ASR-Whisper-Pipeline/artifacts/q1/preprocess/segments/365059_0012.wav,मैम केसी क्या है प्रोसेसर कैसा है हु जी जी और आजकल सबसे पार्ट्स बदलने वाला फ्रोड बहुत चलता है तो सबसे पहले तो ये चेक करना पड़ता
365059,65646,hi,13,160.79,174.8,14.01,/kaggle/working/Hindi-ASR-Whisper-Pipeline/artifacts/q1/preprocess/segments/365059_0013.wav,जी तो सबसे पहले तो ये चेक करना पड़ेगा कि क्रेडिट हम ले रहे हैं तो सही भी है या नहीं हमारे लिए कहीं आई सी वगैरा जैसे लेपटॉप में बहुत ही ज्यादा हो जाते हैं गर्म हो जाते लेपटॉप तो
365059,65646,hi,14,174.92,178.19,3.27,/kaggle/working/Hindi-ASR-Whisper-Pipeline/artifacts/q1/preprocess/segments/365059_0014.wav,बर्निंग होती है ज्यादा हूं
365059,65646,hi,15,181.82,184.13,2.31,/kaggle/working/Hindi-ASR-Whisper-Pipeline/artifacts/q1/preprocess/segments/365059_0015.wav,हां
365059,65646,hi,16,186.44,197.33,10.89,/kaggle/working/Hindi-ASR-Whisper-Pipeline/artifacts/q1/preprocess/segments/365059_0016.wav,जी बिल्कुल अभी अगला टॉपिक है जरूरी ऐप्स या सहायक उपकरण की खोज तो जैसे हम नये स्मार्टफोन लेते हैं तो हमें सबसे ज़रूरी है वाट्सएप
365059,65646,hi,17,197.51,212.51,15.0,/kaggle/working/Hindi-ASR-Whisper-Pipeline/artifacts/q1/preprocess/segments/365059_0017.wav,वह सारे एप हैं जैसे इंस्टाग्राम है वॉट्सएप है सोशल मीडिया यूट्यूब हैं तो सभी सभी चीजों की हमें खोज करनी पड़ती हैं वह से मिलते जुलते जैसे सहाय उपकरण नहीं जैसे कि हम मान सकते हैं जैसे हम हेडफोन का यूज़ करते हैं अधिक
365059,65646,hi,18,212.54,226.91,14.37,/kaggle/working/Hindi-ASR-Whisper-Pipeline/artifacts/q1/preprocess/segments/365059_0018.wav,ट्रेवलिंग में हम कहीं भी जाते हैं जैसे पैदल चलते वक्त हम जहाँ फोन का यूज़ नहीं कर सकते है वहाँ हम इसे यूज़ कर सकते हैं इन चीजों का तो ये चीजें हमें बोहोत
365059,65646,hi,19,227.06,230.0,2.94,/kaggle/working/Hindi-ASR-Whisper-Pipeline/artifacts/q1/preprocess/segments/365059_0019.wav,बेनिफिट देती है
365059,65646,hi,20,234.08,240.62,6.54,/kaggle/working/Hindi-ASR-Whisper-Pipeline/artifacts/q1/preprocess/segments/365059_0020.wav,जी बिलकुल सही बोला आपने जैसे जी
365059,65646,hi,21,246.29,261.26,14.97,/kaggle/working/Hindi-ASR-Whisper-Pipeline/artifacts/q1/preprocess/segments/365059_0021.wav,जी तो इसमें हमें सभी एप्स बहुत फायदे देते हैं हमें एप्स खोजने पड़ते हैं और प्ले स्टोर पर अच्छे अच्छी सुविधा जनक एप्स है जैसे फिटनेस के भी एप्स आते हैं आजकल तो आप फोन की मदद से वो भी इंस्टॉल कर सकते हो आपके फोन
365059,65646,hi,22,261.74,275.9,14.16,/kaggle/working/Hindi-ASR-Whisper-Pipeline/artifacts/q1/preprocess/segments/365059_0022.wav,और उसके अलावा आपके पास उपकरण हैं जैसे फिटनेस के भी आते हैं जैसे स्मार्ट वॉच आती है तो वो भी आपका फोन से कनेक्ट हो जाती है तो या आप ले लेपटॉप से भी कनेक्ट कर सकते हो आप तो
365059,65646,hi,23,276.14,281.84,5.7,/kaggle/working/Hindi-ASR-Whisper-Pipeline/artifacts/q1/preprocess/segments/365059_0023.wav,बहुत सारी ऐसी चीजें हैं जो आप कर सकते हो स्मार्टफोन और कई अप्स के मदद से
365059,65646,hi,24,285.74,297.17,11.43,/kaggle/working/Hindi-ASR-Whisper-Pipeline/artifacts/q1/preprocess/segments/365059_0024.wav,अब ये हे गेहे बातें के अपने जो गैजेट्स हैं हमारी लाइफ में कैसे इंटरफेयर करते हैं कैसे हम बातचीत कर सकते हैं मतलब इन सब अपनी लाइफ को आसान बना सके
365059,65646,hi,25,303.74,318.23,14.49,/kaggle/working/Hindi-ASR-Whisper-Pipeline/artifacts/q1/preprocess/segments/365059_0025.wav,जी अब मैं कहीं पे जाता हूँ तो मुझे जनरली नई सिटी में इसका ये लोकेशन ढूंढने में बहुत दिक्कते आती है तुम इसकी मदद से मैप का यूज कर दिया मैं जल्दे से जल्दी जी.
365059,65646,hi,26,318.65,326.33,7.68,/kaggle/working/Hindi-ASR-Whisper-Pipeline/artifacts/q1/preprocess/segments/365059_0026.wav,तो मैं हमेशा सोचता हूँ कि जी की हूं
365059,65646,hi,27,332.09,345.26,13.17,/kaggle/working/Hindi-ASR-Whisper-Pipeline/artifacts/q1/preprocess/segments/365059_0027.wav,जी बिल्कुल जी हमें बहुत सारी चीजें नहीं पता होती है बाहर के बारे में जैसे आउट ऑफ सिटी हम जाते हैं कभी भी तो हाँ
365059,65646,hi,28,345.26,359.6,14.34,/kaggle/working/Hindi-ASR-Whisper-Pipeline/artifacts/q1/preprocess/segments/365059_0028.wav,हम इसकी मदद से जानकारी ले सकते है हम इजीली पहुंच भी सकते है वहा पर हमे जाने मे कोई दिक्कत नहीं है हमे उसकी दूरी का अंदाजा हो जाता है कितना क्या खर्चा होगा खर्च का भी अंदाजा एक तरह के हम हम
365059,65646,hi,29,359.6,374.0,14.4,/kaggle/working/Hindi-ASR-Whisper-Pipeline/artifacts/q1/preprocess/segments/365059_0029.wav,गैजेट्स के मदद से लगा सकते है जैसे स्टे के लिए कभी जी देखना हो और हम अपने घरवालो से भी कनेक्ट रह सकते है उसके थ्रू फैमिली से कनेक्ट रह सकते है जी
365059,65646,hi,30,375.23,384.83,9.6,/kaggle/working/Hindi-ASR-Whisper-Pipeline/artifacts/q1/preprocess/segments/365059_0030.wav,तो मेरा तो ऐसा ही मानना है कि गेजेट्स से लाइफ आसान कर सकते हैं हम्म हम्म
365059,65646,hi,31,393.02,405.53,12.51,/kaggle/working/Hindi-ASR-Whisper-Pipeline/artifacts/q1/preprocess/segments/365059_0031.wav,जी जी बिल्कुल महिलाओं के लिए बहुत अच्छी चीज है वुमन सेफ्टी को लेके सभी एक बहुत ही इंपॉर्टेंट टॉपिक हे वुमन सेफ्टी तो है
365059,65646,hi,32,405.86,415.88,10.02,/kaggle/working/Hindi-ASR-Whisper-Pipeline/artifacts/q1/preprocess/segments/365059_0032.wav,इसके जरिये हम फोन के जरिये या लैपटॉप के जरिये जी_पी_एस के माध्यम से कहीं भी किसी भी महिला को ट्रैक कर सकते हैं कि हमारा पर्सन सेफ है कि नहीं
365059,65646,hi,33,416.48,429.65,13.17,/kaggle/working/Hindi-ASR-Whisper-Pipeline/artifacts/q1/preprocess/segments/365059_0033.wav,तो यह एक बहुत इजी चीज है कि हम किसी की भी लोकेशन जान सकते हैं कभी उसको कोई खतरा हो या वो कहीं फंस जाए रात में तो हम उसके माध्यम से जल्दी से जल्दी पता करते हैं ये हमारी लाइफ को बहुत
365059,65646,hi,34,430.37,432.32,1.95,/kaggle/working/Hindi-ASR-Whisper-Pipeline/artifacts/q1/preprocess/segments/365059_0034.wav,इजी स्पेस देता है एक तरीके से
365059,65646,hi,35,434.48,437.69,3.21,/kaggle/working/Hindi-ASR-Whisper-Pipeline/artifacts/q1/preprocess/segments/365059_0035.wav,जी तो
365059,65646,hi,36,439.7,443.12,3.42,/kaggle/working/Hindi-ASR-Whisper-Pipeline/artifacts/q1/preprocess/segments/365059_0036.wav,REDACTED
365059,65646,hi,37,450.23,464.6,14.37,/kaggle/working/Hindi-ASR-Whisper-Pipeline/artifacts/q1/preprocess/segments/365059_0037.wav,जी और वैसे भी आजकल मनोरंजन के लिए गैजेट्स मनोरंजन में गैजेट्स बहुत काम आते है मेरा मानना ऐसा है कि जी जी आपको कोई मूवी देखनी है तो
365059,65646,hi,38,466.13,470.81,4.68,/kaggle/working/Hindi-ASR-Whisper-Pipeline/artifacts/q1/preprocess/segments/365059_0038.wav,अच्छा लगा जी अभी टॉपिक पूरे नहीं हुए पर मेम
366972,217221,hi,0,3.27,16.86,13.59,/kaggle/working/Hindi-ASR-Whisper-Pipeline/artifacts/q1/preprocess/segments/366972_0000.wav,REDACTED
366972,217221,hi,1,18.39,32.64,14.25,/kaggle/working/Hindi-ASR-Whisper-Pipeline/artifacts/q1/preprocess/segments/366972_0001.wav,तो स्नैक्स वगैरह तो जरूर होने चाहिए साथ में स्नैक्स में भी अपनी अपनी चॉइस है हर किसी की कोई चिप्स पसंद करता है कोई कुरकुरे कोई और भी काफी चीज है स्नैक्स में मैगी वगैरह भी है
366972,217221,hi,2,33.57,43.74,10.17,/kaggle/working/Hindi-ASR-Whisper-Pipeline/artifacts/q1/preprocess/segments/366972_0002.wav,जो अच्छी लगे स्नैक्स में वही हम यूज़ कर सकते हैं और भी कुछ हैं जैसे कोल्ड ड्रिन्क्स हैं और सॉफ्ट ड्रिंक्स हैं या
366972,217221,hi,3,45.3,58.41,13.11,/kaggle/working/Hindi-ASR-Whisper-Pipeline/artifacts/q1/preprocess/segments/366972_0003.wav,ड्रिंक्स भी हम ले सकते है लेकिन ड्राइवर को छोड़ के अगर ड्राईवर है साथ में ड्राईवर को ड्रिंक वगैराह नहीं लेनी चाहिए अदरवाइज तो ड्रिंकिंग अगर किसी को पसंद है तो वो वो भी कंज्यूम करता है
366972,217221,hi,4,62.04,64.17,2.13,/kaggle/working/Hindi-ASR-Whisper-Pipeline/artifacts/q1/preprocess/segments/366972_0004.wav,क्या कह रहे हो
366972,217221,hi,5,84.27,87.33,3.06,/kaggle/working/Hindi-ASR-Whisper-Pipeline/artifacts/q1/preprocess/segments/366972_0005.wav,आपकी आवाज जो है बहुत थोड़ी
366972,217221,hi,6,94.95,102.36,7.41,/kaggle/working/Hindi-ASR-Whisper-Pipeline/artifacts/q1/preprocess/segments/366972_0006.wav,आवाज काफ़ी आवाज ब्रेक हो रही है आपकी काफी हाँ फिलहाल ठीक है
366972,217221,hi,8,123.48,124.53,1.05,/kaggle/working/Hindi-ASR-Whisper-Pipeline/artifacts/q1/preprocess/segments/366972_0008.wav,बिल्कुल बिल्कुल
366972,217221,hi,10,133.26,143.07,9.81,/kaggle/working/Hindi-ASR-Whisper-Pipeline/artifacts/q1/preprocess/segments/366972_0010.wav,बिल्कुल बिल्कुल एक्सिडेंट तो वैसे बहुत बढ़ चुके हैं कोशिश तो यही करनी चाहिए इन सब चीज़ों से दूर ही रहा जाए
366972,217221,hi,11,145.17,154.11,8.94,/kaggle/working/Hindi-ASR-Whisper-Pipeline/artifacts/q1/preprocess/segments/366972_0011.wav,बाकी जो साथ वाले हैं वो कुछ भी एज्यूम कर सकते हैं जो ड्राइवर है उसको अवॉइड करना चाहिए इन सब को
366972,217221,hi,12,174.3,180.6,6.3,/kaggle/working/Hindi-ASR-Whisper-Pipeline/artifacts/q1/preprocess/segments/366972_0012.wav,चलान तो गवर्नमेंट का रूल है काम है चलान करने का उसमें तो चलो हम क्या ही करते हैं
366972,217221,hi,13,202.92,206.61,3.69,/kaggle/working/Hindi-ASR-Whisper-Pipeline/artifacts/q1/preprocess/segments/366972_0013.wav,हम्म
366972,217221,hi,14,208.86,209.88,1.02,/kaggle/working/Hindi-ASR-Whisper-Pipeline/artifacts/q1/preprocess/segments/366972_0014.wav,बिल्कुल बिल्कुल
366972,217221,hi,15,215.67,224.28,8.61,/kaggle/working/Hindi-ASR-Whisper-Pipeline/artifacts/q1/preprocess/segments/366972_0015.wav,हा पर फिर भी कभी कभी तो अगर तो सब कोई ठीक हो तो ठीक है नहीं तो कभी कभी तो खुद से चलान कर देते हैं
366972,217221,hi,16,229.35,242.67,13.32,/kaggle/working/Hindi-ASR-Whisper-Pipeline/artifacts/q1/preprocess/segments/366972_0016.wav,हो जाता है जैसे कभी कभी होता है कि मान लो थोड़ी सी आपने बहस की तो जी मिसबिहेविंग का चलान कर दो कुछ अपनी बात रखने की कोशिश की तो भी मिसबिहेविंग का चलान कर दे तो
366972,217221,hi,18,263.01,269.58,6.57,/kaggle/working/Hindi-ASR-Whisper-Pipeline/artifacts/q1/preprocess/segments/366972_0018.wav,बिल्कुल .
366972,217221,hi,19,276.84,290.91,14.07,/kaggle/working/Hindi-ASR-Whisper-Pipeline/artifacts/q1/preprocess/segments/366972_0019.wav,हा मैं काफी बार गया हू जैसे हम जाते हैं आना जाना होता रहता है तो ढाबों पे खाना कुछ जगह पे अच्छा मिलता है काफी अच्छा होता है बट कुछ जगह पर हमें ना कोई फैसिलिटी मिलती है ना वॉशरूम होते है ना
366972,217221,hi,20,291.3,298.38,7.08,/kaggle/working/Hindi-ASR-Whisper-Pipeline/artifacts/q1/preprocess/segments/366972_0020.wav,खाना भी चलो अच्छा नहीं होता है मुझे लगता हैं कभी कभी तो सुबह का खाना शाम तक भी सर्व किया जाता है
366972,217221,hi,23,326.19,340.32,14.13,/kaggle/working/Hindi-ASR-Whisper-Pipeline/artifacts/q1/preprocess/segments/366972_0023.wav,डिपेंड करता है सुचिताशन सुस्वेशन कहीं कहीं अच्छा मिलता है कहीं कहीं अच्छा नहीं भी मिलता है तो कुछ कुछ जगह पर खाना काफी अच्छा होता है कुछ कुछ जगह पर बहुत ख़राब होता है
366972,217221,hi,24,356.61,358.59,1.98,/kaggle/working/Hindi-ASR-Whisper-Pipeline/artifacts/q1/preprocess/segments/366972_0024.wav,बढ़िया बात है क्योंकि
366972,217221,hi,25,371.88,385.23,13.35,/kaggle/working/Hindi-ASR-Whisper-Pipeline/artifacts/q1/preprocess/segments/366972_0025.wav,हां ये सबसे अच्छी बात है उनकी की वो अफॉर्डेबल होता है सेम अगर हम किसी राष्ट्रीय में जाकर खायेंगे तो रेस हम्म हम्म रेस्टोरेंट में खायेंगे तो वहाँ पर वही चीजें हमें हजार पंद्रह सौ पे
366972,217221,hi,27,408.69,423.24,14.55,/kaggle/working/Hindi-ASR-Whisper-Pipeline/artifacts/q1/preprocess/segments/366972_0027.wav,पहाड़ी एरिया में जाने का मजा है वहां पर बंदा फोटो फोटो खींच लेता है अच्छा व्यू जाता है पहाड़ ज़्यादा अच्छा मतलब कि और भी टूरिस्ट प्लेसेज हो सकते हैं जैसे कोई और ऐतिहासिक भी हो सकता है
366972,217221,hi,28,423.24,434.85,11.61,/kaggle/working/Hindi-ASR-Whisper-Pipeline/artifacts/q1/preprocess/segments/366972_0028.wav,हैँ आज कल तो केदारनाथ की यात्रा खुली हुई है अगर किसी को मौका मिले तो उधर रोड ट्रिप पे जरूर जाना चाहिए उसके बाद जो पैदल चढ़ाई होती है उसका अनुभव अगर
366972,217221,hi,30,459.3,463.65,4.35,/kaggle/working/Hindi-ASR-Whisper-Pipeline/artifacts/q1/preprocess/segments/366972_0030.wav,बिल्कुल बिल्कुल
366972,217221,hi,31,466.59,479.67,13.08,/kaggle/working/Hindi-ASR-Whisper-Pipeline/artifacts/q1/preprocess/segments/366972_0031.wav,उम्म ये तो है वैसे एमरजेंसी टूल तो रखने चाहिए क्योंकि गाड़ी अगर है तो कभी भी कुछ ना कुछ प्रॉब्लम हो सकती है ना सही पंक्चर वगैरा भी हो ही जाती है उस
366972,217221,hi,32,479.67,494.13,14.46,/kaggle/working/Hindi-ASR-Whisper-Pipeline/artifacts/q1/preprocess/segments/366972_0032.wav,चीज से भी बचा भी रहता है अगर इमरजेंसी टूल है तो हम वही रस्ते में सही कर सकते हैं उसको किसी मैकेनिक के बिना अदरवाइस अगर मैकेनिक को बुलाएंगे तो तो प्रॉब्लम काफी हो जाएगी और
366972,217221,hi,33,494.13,495.39,1.26,/kaggle/working/Hindi-ASR-Whisper-Pipeline/artifacts/q1/preprocess/segments/366972_0033.wav,दिक्कत भी रहती है
366972,217221,hi,34,517.47,524.31,6.84,/kaggle/working/Hindi-ASR-Whisper-Pipeline/artifacts/q1/preprocess/segments/366972_0034.wav,REDACTED
366972,217221,hi,35,528.75,529.98,1.23,/kaggle/working/Hindi-ASR-Whisper-Pipeline/artifacts/q1/preprocess/segments/366972_0035.wav,बिल्कुल बिल्कुल
367249,175313,hi,0,0.39,1.98,1.59,/kaggle/working/Hindi-ASR-Whisper-Pipeline/artifacts/q1/preprocess/segments/367249_0000.wav,जानकारी देना चाहते हैं
367249,175313,hi,3,55.08,57.84,2.76,/kaggle/working/Hindi-ASR-Whisper-Pipeline/artifacts/q1/preprocess/segments/367249_0003.wav,सबसे पहले तो ड्राइवर को ड्रिंक करना ही नहीं है
367249,175313,hi,4,61.5,76.35,14.85,/kaggle/working/Hindi-ASR-Whisper-Pipeline/artifacts/q1/preprocess/segments/367249_0004.wav,बिल्कुल ड्राइवर जो ओते ऐ उनको ड्रिंक करना ही नहीं चाहिए ड्राइवर जो होते ऐ उनको ड्रिंक ही नई करना चाहिए रोड शेफटी के बारे में आप चल रहे है तो आप ड्राइव कर रहे हैं तो आपको नहीं लेना चाहिए
367249,175313,hi,5,79.5,87.15,7.65,/kaggle/working/Hindi-ASR-Whisper-Pipeline/artifacts/q1/preprocess/segments/367249_0005.wav,प्रथम बातें हैं दूसरी बातें हैं कि आप रोड पे चल रहे हैं तो व वो नियमों को पालन करना चाहिए
367249,175313,hi,7,100.8,102.39,1.59,/kaggle/working/Hindi-ASR-Whisper-Pipeline/artifacts/q1/preprocess/segments/367249_0007.wav,ब्रेक हो रही है अब ठीक है
367249,175313,hi,8,105.12,119.49,14.37,/kaggle/working/Hindi-ASR-Whisper-Pipeline/artifacts/q1/preprocess/segments/367249_0008.wav,हाँ तो मेरे रोड पे तो सबसे पहले तो वही ध्यान देना चाहिए कि जो ड्राइव कर रहे हैं वो शराब न पिए फिर उसकी बाद नियमों का पालन करना रोड पे चलते समय उनकी लाइन को क्रॉस नहीं करना चाहिए
367249,175313,hi,9,119.94,133.95,14.01,/kaggle/working/Hindi-ASR-Whisper-Pipeline/artifacts/q1/preprocess/segments/367249_0009.wav,जो भी सिंग्नल है उसके माध्यम से चलना चाहिए ये तो रोड की नियम हो गए रोड की हु क्योंकि आए दिन आए दिन दुर्घटना होती रहतो हैं रोड पर
367249,175313,hi,10,140.25,141.6,1.35,/kaggle/working/Hindi-ASR-Whisper-Pipeline/artifacts/q1/preprocess/segments/367249_0010.wav,नए रूट
367249,175313,hi,12,151.23,165.42,14.19,/kaggle/working/Hindi-ASR-Whisper-Pipeline/artifacts/q1/preprocess/segments/367249_0012.wav,रोड पे भाई आप बिना नियम से चलेंगे बिना नियम से चलेंगे आप रोड पर तो दूरघटना हो जाएगा उसका जिम्मीदार सरकार होगा तो इसलिए सरकार रोड के बहुत सारे नियम लगा दिये हैं कि आप
367249,175313,hi,13,165.48,173.49,8.01,/kaggle/working/Hindi-ASR-Whisper-Pipeline/artifacts/q1/preprocess/segments/367249_0013.wav,इतने सब जगह में बस जाना है आप दूसरे जगह में नहीं जाएंगे अगर वहां से जाएंगे तो कानूनी के कार्यवाही होगी आपकी वाहन पर ऊपर चलान हो जाएगा
367249,175313,hi,14,175.53,177.18,1.65,/kaggle/working/Hindi-ASR-Whisper-Pipeline/artifacts/q1/preprocess/segments/367249_0014.wav,ये सब चीजें भी हो गई हैं
367249,175313,hi,15,181.53,195.78,14.25,/kaggle/working/Hindi-ASR-Whisper-Pipeline/artifacts/q1/preprocess/segments/367249_0015.wav,नहीं चालान करने ये सब रोड से संबंधित है ना आप रोड पर गलत तरीके से नहीं जा सकते हैं न गलत तरह से वाहन नहीं चला सकते हैं आप रोड पर वाहन पर ट्वीहलर वाहन है तो उसपे तीन लोग नहीं जा सकते बिना हेलमेट के नहीं जा सकते
367249,175313,hi,16,195.81,209.01,13.2,/kaggle/working/Hindi-ASR-Whisper-Pipeline/artifacts/q1/preprocess/segments/367249_0016.wav,फोर व्हीलर है तो उसमें सीट बेल्ट लगाना अनिवार्य है लॉन्ग रूट पे नहीं जा सकते तो लांग साइट से नहीं चल सकते नहीं तो चालान हो जाएगा आप सिग्नल नहीं तोड़ेंगे तोड़ेंगे तो चालान हो जाएगा ये सब कोर्ट के नियम है ना
367249,175313,hi,17,211.8,215.4,3.6,/kaggle/working/Hindi-ASR-Whisper-Pipeline/artifacts/q1/preprocess/segments/367249_0017.wav,बिल्कुल है तो उन सब को ध्यान में रखे रोड पर चला जाता है.
367249,175313,hi,18,227.34,230.43,3.09,/kaggle/working/Hindi-ASR-Whisper-Pipeline/artifacts/q1/preprocess/segments/367249_0018.wav,ऐसा तो नहीं होता है कि नहीं गलत तरीके से चलान हो गया हो
367249,175313,hi,19,238.53,241.35,2.82,/kaggle/working/Hindi-ASR-Whisper-Pipeline/artifacts/q1/preprocess/segments/367249_0019.wav,जी
367249,175313,hi,20,246.39,260.28,13.89,/kaggle/working/Hindi-ASR-Whisper-Pipeline/artifacts/q1/preprocess/segments/367249_0020.wav,जिससे ओ लोग तो अपनी बाते सुनते नहीं हैं वो तो अपनी बातों पे ही बस ध्यान देते है दूसरे की बातें कहा सुनते हैं बस तो ये ही हो गया है कि रोड पे आप चलिए तो थोड़ी सी सावधानी बरते बरत के चले और क्या क्योंकि रोड पे सब
367249,175313,hi,21,260.31,263.46,3.15,/kaggle/working/Hindi-ASR-Whisper-Pipeline/artifacts/q1/preprocess/segments/367249_0021.wav,सबसे पहले तो रोड के नियम कानून जान लेने चाहिए इस
367249,175313,hi,22,270.12,277.08,6.96,/kaggle/working/Hindi-ASR-Whisper-Pipeline/artifacts/q1/preprocess/segments/367249_0022.wav,सड़क सड़क के किनारे जो ढाबा उबा होते हैं होटल वगैरह होते हैं वहाँ पे खाना खाने का अनुभव आपको कुछ है
367249,175313,hi,23,299.85,313.8,13.95,/kaggle/working/Hindi-ASR-Whisper-Pipeline/artifacts/q1/preprocess/segments/367249_0023.wav,सड़क के किनारे जो ढाबा होता है मेरा अनुभव जहां तक है मेरा एक्सपीरियंस है सड़क किनारे जो ढाबा होते हैं वहां पे खाना खाने का एक अलग ही मज़ा होता है कि वहां पे जो भी मिलता है तो
367249,175313,hi,24,313.92,327.93,14.01,/kaggle/working/Hindi-ASR-Whisper-Pipeline/artifacts/q1/preprocess/segments/367249_0024.wav,फ्रेश मिलता है ताजा बनाकर देते और होटल वगैरह में सब कुछ कुछ चीजें पुरानी होती है लेकिन ढाबा वाबा पे सब चीज ताजा मिलती है यहां से एक अच्छे से सिर्फ खुशनुमा पल याद आता है
367249,175313,hi,27,343.56,358.56,15.0,/kaggle/working/Hindi-ASR-Whisper-Pipeline/artifacts/q1/preprocess/segments/367249_0027.wav,नहीं उस ढाबे का तो मजा ही कुछ और होता है भाई हम तो अपनी एक्सपीरियंस बता रहे हैं कि हम कभी भी ट्रेविल करते हैं रोड़ पे जब भी जाते हैं तो ढाबे पे जरूर खाना खाते हैं क्योंकि मुझे बहुत पसंद है ढाबे पे खाना खाना और
367249,175313,hi,28,358.59,372.81,14.22,/kaggle/working/Hindi-ASR-Whisper-Pipeline/artifacts/q1/preprocess/segments/367249_0028.wav,और लोगों भी और लोगों भी एडवाइज देते हैं कि आप लोग ढाबा पे खाना खाये रोड पर वो अच्छे लोग हैं अच्छे बनाते हैं अच्छे खाना देते हैं उनका खाना बहुत स्वादिष्ट होता है और ज्यादा पहली बात तो ज्यादा वो लोग महंगे नहीं होते हैं
367249,175313,hi,29,378.18,382.23,4.05,/kaggle/working/Hindi-ASR-Whisper-Pipeline/artifacts/q1/preprocess/segments/367249_0029.wav,वो लोग महंगे नई वो लोग महंगे नहीं होते हैं
367249,175313,hi,30,390.42,405.42,15.0,/kaggle/working/Hindi-ASR-Whisper-Pipeline/artifacts/q1/preprocess/segments/367249_0030.wav,फिर वहां पे ढाबा था तो आराम से ठहरे से तो भी जगह काफी होते हैं खाली जगह भी होते हैं तो आप फोटो
367249,175313,hi,31,405.66,408.6,2.94,/kaggle/working/Hindi-ASR-Whisper-Pipeline/artifacts/q1/preprocess/segments/367249_0031.wav,चीजें बहुत अच्छी तरीके से हम ले सकते हैं
367249,175313,hi,32,436.26,450.51,14.25,/kaggle/working/Hindi-ASR-Whisper-Pipeline/artifacts/q1/preprocess/segments/367249_0032.wav,हमारा टॉपिक ये भी है कि हमारा टॉपिक यह भी है कि हम रोड पर जब चलते हैं तो कुछ टूल्स लेते हैं ना इमरजेंसी टूल्स रोड पर चलने के लिए इमरजेंसी टूल्स लेते हैं जैसे वाहनों वाहनों में रहते हैं ना
367249,175313,hi,33,450.57,464.46,13.89,/kaggle/working/Hindi-ASR-Whisper-Pipeline/artifacts/q1/preprocess/segments/367249_0033.wav,जैसे जैसे कभी कभी ऐसा होता था कि गाड़ी के टायर पंचर हो गए तो मुझे टायर बदलना है तो टूल्स नहीं लिया रहते तो उसको खोल नहीं पाते हैं इसलिए इमरजेंसी टूल्स भी रखा रहता है जिससे हम
367249,175313,hi,34,464.49,466.8,2.31,/kaggle/working/Hindi-ASR-Whisper-Pipeline/artifacts/q1/preprocess/segments/367249_0034.wav,जिससे टायर्स बदलने में बड़े मदद मिलती है
367249,175313,hi,35,476.46,488.07,11.61,/kaggle/working/Hindi-ASR-Whisper-Pipeline/artifacts/q1/preprocess/segments/367249_0035.wav,REDACTED
367249,175313,hi,36,488.13,501.66,13.53,/kaggle/working/Hindi-ASR-Whisper-Pipeline/artifacts/q1/preprocess/segments/367249_0036.wav,REDACTED
367249,175313,hi,37,501.96,515.04,13.08,/kaggle/working/Hindi-ASR-Whisper-Pipeline/artifacts/q1/preprocess/segments/367249_0037.wav,उसमें कुछ मोज मस्ती भी होती है ना कुछ चीजें होते हैं कि अरे यार इस सिग्नल को पार कर लो कोई कुछ नहीं करेगा तो एक मोज मस्ती के लिए अरे चलो मैं सिग्नल तुम.
367249,175313,hi,38,515.04,521.52,6.48,/kaggle/working/Hindi-ASR-Whisper-Pipeline/artifacts/q1/preprocess/segments/367249_0038.wav,क्या पारवल मैं सिग्नल देखो मेरा क्या कोई कर लेता है तैसे में मोज मस्ती में सब लोग सिग्नल तोड़ देते हैं सिग्नल को
367249,175313,hi,39,524.13,530.7,6.57,/kaggle/working/Hindi-ASR-Whisper-Pipeline/artifacts/q1/preprocess/segments/367249_0039.wav,क्योंकि एक चुनौतियों का प्रकार होता है ना सिग्नल नहीं तोड़ना है उसको तोड़कर क्रास करके चले जाते हैं सब लोग
367249,175313,hi,40,532.71,547.26,14.55,/kaggle/working/Hindi-ASR-Whisper-Pipeline/artifacts/q1/preprocess/segments/367249_0040.wav,होता है न ये सबसे बड़ी चुनौती होती है कि सीनियर को कुछ बोलना नहीं है लेकिन कुछ लोग इंजॉय बस मस्ती मौज मस्ती में कर यार इससे कुछ होता नहीं तो लोग इसको तोड़ देते हैं कोई कुछ नहीं कर पाएगा बाद में उसका फीस उसके सरकारी दण्ड के
367249,175313,hi,41,547.68,551.31,3.63,/kaggle/working/Hindi-ASR-Whisper-Pipeline/artifacts/q1/preprocess/segments/367249_0041.wav,उनके अनुसार देना पड़ता है उनका फीस उस वगैरा सब कुछ
400490,213211,hi,0,1.34,12.44,11.1,/kaggle/working/Hindi-ASR-Whisper-Pipeline/artifacts/q1/preprocess/segments/400490_0000.wav,हां में में बना ब बताती हूं आपको एक मिनट कुछ पल रुकिए थोड़ा
400490,213211,hi,1,14.99,26.27,11.28,/kaggle/working/Hindi-ASR-Whisper-Pipeline/artifacts/q1/preprocess/segments/400490_0001.wav,तो ट्रेन या बस सब छूटते हैं तो काफी परेसानी होती है एक बार मेरी भी ट्रेन पकड़ मुझे भी सुबह ट्रेन पकरनी थी और मैं देर रात तक
400490,213211,hi,2,26.27,40.58,14.31,/kaggle/working/Hindi-ASR-Whisper-Pipeline/artifacts/q1/preprocess/segments/400490_0002.wav,पढ़ाई कर रही थी इस कारण मैं सुबह समय पे नहीं उठ पाई तो जल्दी जल्दी पर त्यार होकर तब भी मैं स्टेशन के लिए गई प्लेटफॉर्म पर पहुंची पर ट्रेन मेरे आखों के सामने से ही चली गई मैं
400490,213211,hi,3,40.7,50.75,10.05,/kaggle/working/Hindi-ASR-Whisper-Pipeline/artifacts/q1/preprocess/segments/400490_0003.wav,एक मिनट बस लेट हो गई थी और ट्रेन चगी गई तो मैं काफी निरास हुई बहुत गुस्सा भी आया अफसोस भी हुआ पर मैं
400490,213211,hi,4,51.74,61.61,9.87,/kaggle/working/Hindi-ASR-Whisper-Pipeline/artifacts/q1/preprocess/segments/400490_0004.wav,फिर सोची कि छोड़ी सी में जल्दी करती तो नहीं होता ऐसा कुछ पर अब क्या ही कस पर जो होना था वो तो हो गया फिर में
400490,213211,hi,5,61.91,72.95,11.04,/kaggle/working/Hindi-ASR-Whisper-Pipeline/artifacts/q1/preprocess/segments/400490_0005.wav,काफी देर तक ट्राफिक में भी फस कर बस स्टैंड भी देर से पहुँच निकलती हूं थी बस छूट जाती थी जिस कारण और मतलब बोहोत
400490,213211,hi,6,72.95,86.84,13.89,/kaggle/working/Hindi-ASR-Whisper-Pipeline/artifacts/q1/preprocess/segments/400490_0006.wav,मुश्किल होती थी इस कारण में कहीं भी समय पर नहीं पहुंच पाती थी कभीकभी बहुत बार मुझे कॉलेज जाना पड़ता था तो अब बस छूट जाती थी मेरी मेरी जिससे काफी मुझे
400490,213211,hi,7,86.9,101.57,14.67,/kaggle/working/Hindi-ASR-Whisper-Pipeline/artifacts/q1/preprocess/segments/400490_0007.wav,तकलीफ होने लगी मैं टा समय पे नहीं पहुँच पाती थी कालेज जिससे मेरी पढ़ाई मेंरी छुट जाती थी और मुझे डाट भी पढ़ती थी अपने शिक्षकों से कि मै लेट से आती हु हमेशा पर
400490,213211,hi,8,101.72,116.66,14.94,/kaggle/working/Hindi-ASR-Whisper-Pipeline/artifacts/q1/preprocess/segments/400490_0008.wav,पर मै मेरी भी नहीं गलती थी क्योंकि क्योंकि बस छुट जाती थी मेरे एक सेकंड एक मिनट या कुछ पल में बस छुट जाती थी या बस लेट हो जाती थी ट्रैफिक की वजह से या कभीकभी
400490,213211,hi,9,116.72,131.18,14.46,/kaggle/working/Hindi-ASR-Whisper-Pipeline/artifacts/q1/preprocess/segments/400490_0009.wav,बस वाले पै आई धीरे धीरे चलाते थे तो अ बस कैसे भी वो छूट जाती थी आपके कभी अनुभव किया है इसका
400490,213211,hi,10,206.39,220.76,14.37,/kaggle/working/Hindi-ASR-Whisper-Pipeline/artifacts/q1/preprocess/segments/400490_0010.wav,हां हुम कभी कभी तो बस इतनी भीड़ हो जाती थी या इतनी लेट हो जाती थी कभी कभी तो दौड़ के जाना पड़ता था मुझे तो
400490,213211,hi,11,220.76,235.61,14.85,/kaggle/working/Hindi-ASR-Whisper-Pipeline/artifacts/q1/preprocess/segments/400490_0011.wav,बहुत बार मैं काफी दौड़ दौड़ के गई कि मुझे आज न छुट जाए मेरी बस या ट्रेन एक बार तो मैं बहुत लेट हो गई थी और मेरी ट्रेन छुटने ही वाली थी बट मैं दो मिनट में बस ह
400490,213211,hi,12,235.76,250.13,14.37,/kaggle/working/Hindi-ASR-Whisper-Pipeline/artifacts/q1/preprocess/segments/400490_0012.wav,चढ़ गयी मै जैसे एक पैर रखा वैसे ट्रेन चलने लगी थोड़ा सा खतरा सा लगा लगा कि मैं एक मुश्किल से निकलने के लिए दूसरे मुश्किल में ना पर जाउ मुझे उस दिन
400490,213211,hi,13,250.16,260.81,10.65,/kaggle/working/Hindi-ASR-Whisper-Pipeline/artifacts/q1/preprocess/segments/400490_0013.wav,लगा कि मुझे ऐसा नहीं करना चाहिए में देर से नहीं अब जल्दी निकलने की कोशिश करूं जिससे मुझे चलती ट्रेन में ना चलना पड़े पड़े कभी भी
400490,213211,hi,14,261.98,266.57,4.59,/kaggle/working/Hindi-ASR-Whisper-Pipeline/artifacts/q1/preprocess/segments/400490_0014.wav,कभी आप ने कभी दौड़ के कभी ट्रेन या बस लेने की कोशिश की है
400490,213211,hi,15,272.69,274.94,2.25,/kaggle/working/Hindi-ASR-Whisper-Pipeline/artifacts/q1/preprocess/segments/400490_0015.wav,आपकी आवाज धीरे आप कस के बोलिए थोड़ा
400490,213211,hi,16,400.19,407.72,7.53,/kaggle/working/Hindi-ASR-Whisper-Pipeline/artifacts/q1/preprocess/segments/400490_0016.wav,हाँ आपने सही कहा हेलो हेलो
400490,213211,hi,17,410.21,411.71,1.5,/kaggle/working/Hindi-ASR-Whisper-Pipeline/artifacts/q1/preprocess/segments/400490_0017.wav,आवाज़ आ रही है आपको मेरी
400490,213211,hi,18,415.7,430.37,14.67,/kaggle/working/Hindi-ASR-Whisper-Pipeline/artifacts/q1/preprocess/segments/400490_0018.wav,हां हां आ रही है हां तो मैंने कहा कि आपने सही कहा बिल्कुल भी बिल्कुल बिल्कुल कभीकभी बस या ट्रेन छूट जाते हैं तो हम लोग घबरा जाते हैं या गुस्सा आ जाता है कि हमें पहले निकलना चाहिए
400490,213211,hi,19,430.49,444.47,13.98,/kaggle/working/Hindi-ASR-Whisper-Pipeline/artifacts/q1/preprocess/segments/400490_0019.wav,तो हमे समय से पहले ही निकलना चहिए हमेशा हमे लेट नहीं करना चहिए देरी नही करनी चहिए जिससे हमारे पास या ट्रेन छूटे कभी कभी तो इस बस या ट्रेन छुटने की वजह से हम लोग बहुत सारे इवेंट्स या
400490,213211,hi,20,444.5,452.09,7.59,/kaggle/working/Hindi-ASR-Whisper-Pipeline/artifacts/q1/preprocess/segments/400490_0020.wav,कुछ बहुत सारे प्रोग्राम जो होते हैं वो मिस कर देते हैं है लेट हो जाते हैं उसमें और बाद में
400490,213211,hi,21,452.12,461.45,9.33,/kaggle/working/Hindi-ASR-Whisper-Pipeline/artifacts/q1/preprocess/segments/400490_0021.wav,बोहोत सुनना पड़ता है जो काम करते हैं जो ऑफिसों में काम करते हैं उन्हें अपने बॉस से सुनना पड़ता है जो कॉलेज में जाते हैं हैं
400490,213211,hi,22,461.45,474.98,13.53,/kaggle/working/Hindi-ASR-Whisper-Pipeline/artifacts/q1/preprocess/segments/400490_0022.wav,उनको अपने शिक्षक से सुनना पड़ता है और बहुत लोगों की तो इग्जाम भी रहती है तो उनकी एग्जाम में भी देरी होती हैं जिस वजह से उन्हें एग्जाम देने से मना कर दिया जाता हैं नहीं दे पाते हैं वो एग्जाम तो परेशानी होती है
400490,213211,hi,23,475.1,484.52,9.42,/kaggle/working/Hindi-ASR-Whisper-Pipeline/artifacts/q1/preprocess/segments/400490_0023.wav,तो इससे आपको खुद ही करना पड़ेगा जो आप खुद अपने समय पे निकलेंगे तो खुद पर नहीं होगी ये सब परेशानियां हां
400490,213211,hi,24,485.27,499.91,14.64,/kaggle/working/Hindi-ASR-Whisper-Pipeline/artifacts/q1/preprocess/segments/400490_0024.wav,हाँ जब ट्रेन यार बस छूट जाये तो आपको घबराना नहीं चाहिए बल्कि शांत दिमाग के दूसरा रास्ता निकालना चाहिए जिससे आप टाइम पे समय पर चले जाए और समय पर अपना काम पूरा करें करे ना कि आप
400490,213211,hi,25,499.91,514.61,14.7,/kaggle/working/Hindi-ASR-Whisper-Pipeline/artifacts/q1/preprocess/segments/400490_0025.wav,घबरा के के चिल्लाना या गुस्सा करना चाहिए क्योंकि उससे कुछ नहीं होने वाला आप सांति से अगर दुसरा रास्ता ढूंढेंगे तो मतलब कुछ कर पाएंगे वरना कुछ नहीं कर पा सकते हैं
400490,213211,hi,26,515.27,530.15,14.88,/kaggle/working/Hindi-ASR-Whisper-Pipeline/artifacts/q1/preprocess/segments/400490_0026.wav,है समय पर नहीं पहुंचेंगे हा आपने सही कहा हां तो आप लोग आप अगर घबरा जाएंगे या आप गुस्सा करेंगे तो आप दूसरी रास्ते को ढूंढने की जगह इसमें अपना समय बरबाद करेंगे
400490,213211,hi,27,530.18,544.91,14.73,/kaggle/working/Hindi-ASR-Whisper-Pipeline/artifacts/q1/preprocess/segments/400490_0027.wav,करेंगे ना कि आप सोचेंगे कि हम लोग दूसरा रास्ता ढूंढते हैं यह चला गया तो दूसरा तो आजकल तो बस या ट्रेन के लिए का बहुत सुविधाय मौजूद है आज को ओनलाइन हम लोग बुक कर सकते हैं
400490,213211,hi,28,545.24,558.56,13.32,/kaggle/working/Hindi-ASR-Whisper-Pipeline/artifacts/q1/preprocess/segments/400490_0028.wav,ऑटो को या ऑटो ले ले सकते हैं आज के मेट्रो की सुविधाएं हैं बोहोत सारी सुविधाएं हैं तो हम लोग जा सकते हैं पर ऐसे घबरा के कि ट्रेन या बस छूट जाएं तो मैं नहीं जा पाऊंगी गुस्सा करूँगी
400490,213211,hi,29,558.92,572.36,13.44,/kaggle/working/Hindi-ASR-Whisper-Pipeline/artifacts/q1/preprocess/segments/400490_0029.wav,एक ऐसा तो कुछ नहीं है सता हम लोगों को पहले शांत होके सोचना पड़ता है कि कैसे क्या सकते है एसे में हां आपने सही कहा हां हम बाहर निकले हैं तो हमें ये सोच के बाहर निकालना
400490,213211,hi,30,572.66,587.21,14.55,/kaggle/working/Hindi-ASR-Whisper-Pipeline/artifacts/q1/preprocess/segments/400490_0030.wav,REDACTED
400490,213211,hi,31,587.3,602.15,14.85,/kaggle/working/Hindi-ASR-Whisper-Pipeline/artifacts/q1/preprocess/segments/400490_0031.wav,REDACTED
400490,213211,hi,32,602.69,617.24,14.55,/kaggle/working/Hindi-ASR-Whisper-Pipeline/artifacts/q1/preprocess/segments/400490_0032.wav,REDACTED
400490,213211,hi,33,742.61,756.53,13.92,/kaggle/working/Hindi-ASR-Whisper-Pipeline/artifacts/q1/preprocess/segments/400490_0033.wav,हम्म हम्म हाँ मैंने समझा आपक कोई भी ऐसा कुछ इन्सी ऐसा है हुआ है अनुभव जब आप ट्रेन या बस छूट जाए आपको ले देरी हो रही हो कही जाने में या आपको बहुत मुश्किल हुई
400490,213211,hi,35,765.2,779.18,13.98,/kaggle/working/Hindi-ASR-Whisper-Pipeline/artifacts/q1/preprocess/segments/400490_0035.wav,हेलो हेलो आपको मेरी आवाज आ रही है हेलो हेलो
400490,213211,hi,37,783.2,784.28,1.08,/kaggle/working/Hindi-ASR-Whisper-Pipeline/artifacts/q1/preprocess/segments/400490_0037.wav,आ रही है अब आवाज
400490,213211,hi,38,786.32,801.17,14.85,/kaggle/working/Hindi-ASR-Whisper-Pipeline/artifacts/q1/preprocess/segments/400490_0038.wav,तो मैने पूछ रही थी आपके कोई अनुभव है जब आपने ट्रेन या गाड़ी या बस छूट रही गई हो आपको कहीं जाने में देरी हो रही हो बहुत तब तो आपने
400490,213211,hi,39,801.23,803.03,1.8,/kaggle/working/Hindi-ASR-Whisper-Pipeline/artifacts/q1/preprocess/segments/400490_0039.wav,उसका कैसे सामना किया है
400490,213211,hi,40,807.05,821.81,14.76,/kaggle/working/Hindi-ASR-Whisper-Pipeline/artifacts/q1/preprocess/segments/400490_0040.wav,REDACTED
400490,213211,hi,41,821.9,828.23,6.33,/kaggle/working/Hindi-ASR-Whisper-Pipeline/artifacts/q1/preprocess/segments/400490_0041.wav,REDACTED
400490,213211,hi,42,866.81,875.0,8.19,/kaggle/working/Hindi-ASR-Whisper-Pipeline/artifacts/q1/preprocess/segments/400490_0042.wav,हा मे सुन रही हु आपके बाते अच्छी बात है ह आप अब हा मै बताती हू कभी कभी हमलोग ना
400490,213211,hi,43,875.0,887.93,12.93,/kaggle/working/Hindi-ASR-Whisper-Pipeline/artifacts/q1/preprocess/segments/400490_0043.wav,ट्रेन या बस छुटती है तो बहोत भीड़ हो जाती है स्टेशनों में तो हमें ध्यान से भी चलना चाहिए ये ध्यान से सुख सुविधा के अनुसार ही ट्रेन या बस लेनी चाहिए जल्दबाजी में गलत ट्रेन
400490,213211,hi,44,887.93,902.48,14.55,/kaggle/working/Hindi-ASR-Whisper-Pipeline/artifacts/q1/preprocess/segments/400490_0044.wav,या नही लेनी चाहिए अगर छूट जाए तो कभी कभी होता है जब हम लोग छूट जाता हैं ट्रेन या हमलोग घबरा जाते हैं या हमलोग सोचना बंद कर देते है तो हम लोग गलत बस या गलत ट्रेन ले लेते हैं उससे और देरी हो जाती है तो
400490,213211,hi,45,902.93,913.4,10.47,/kaggle/working/Hindi-ASR-Whisper-Pipeline/artifacts/q1/preprocess/segments/400490_0045.wav,ये सब नहीं करना चाहिए एक बार मैंने खुद गलत ट्रेन ले ली थी जब मेरी मेरी ट्रेन छूट गई तो और मैं कहीं और जाके कै कै उतरी
400490,213211,hi,46,913.43,925.49,12.06,/kaggle/working/Hindi-ASR-Whisper-Pipeline/artifacts/q1/preprocess/segments/400490_0046.wav,पिर मैं घरवालों को अपने फोन किया कि मेरे देरी होगी क्योंकि मैं गलत ट्रेन ले ली थी वो भी घबरा गए थे पर वो बाद में मैंने फोन करके समझा दी कि मैं
400490,213211,hi,47,925.64,939.71,14.07,/kaggle/working/Hindi-ASR-Whisper-Pipeline/artifacts/q1/preprocess/segments/400490_0047.wav,दूसरे ट्रेन भी ली हु मैं जल्दी आउंगी घर क्यो कि मेरे से गलती से मैने ग़लत ट्रेन ले ली इस वजह से मे देरी हो गयी गई पर हमे अपनी सुविधाओ
400490,213211,hi,48,939.95,954.56,14.61,/kaggle/working/Hindi-ASR-Whisper-Pipeline/artifacts/q1/preprocess/segments/400490_0048.wav,देखना चाहिए हमे गलत नहीं लेना चाहिए इतने मन को शांत रखना चाहिए और हर मुश्किल का सामना करना चाहिए और सर
400490,213211,hi,49,954.86,969.41,14.55,/kaggle/working/Hindi-ASR-Whisper-Pipeline/artifacts/q1/preprocess/segments/400490_0049.wav,ना कि उससे घबराना चाहिए हमें उसको समधान ढूंढना चाहिए पहले तो तो काफी बार मैंने बस नहीं मिलती है तो मैं मेट्रो ले लेती हूँ कि नहीं मिली तो छोड़ो मेट्रो भी किस्से चलूँगी पर उसका
400490,213211,hi,50,969.44,983.54,14.1,/kaggle/working/Hindi-ASR-Whisper-Pipeline/artifacts/q1/preprocess/segments/400490_0050.wav,मेट्रो से काफी देरी होती है तो मैं घर पे पहले ही बता देती हूं की मेरी बस छूट गई या मैं मेट्रो से आ रही हूं तो लेट देरी होगी मेरे को आने में नि मे जिससे उन्हें पत उन्हें चिंता नहीं होगी ओर वो
400490,213211,hi,51,983.6,994.13,10.53,/kaggle/working/Hindi-ASR-Whisper-Pipeline/artifacts/q1/preprocess/segments/400490_0051.wav,हमें बता कभीकभी बताते भी है कि ऐसा करोगी तो जल्दी आ पाओगी या कुछ जल्दी हो पाएगा तुम जल्दी पहुंच पाओगी हां पहोच हुह
400490,213211,hi,52,1048.04,1060.58,12.54,/kaggle/working/Hindi-ASR-Whisper-Pipeline/artifacts/q1/preprocess/segments/400490_0052.wav,ह्म्म सही कहा आपने हमे समय से अगर हम हर चीज़ कर देंगे तो हमें कोई दिक्कत का सामना करना नहीं पड़ेगा कभी भी तो हम कोसी हमें कोशिश करना चाहिए कि हम
400490,213211,hi,53,1060.58,1075.01,14.43,/kaggle/working/Hindi-ASR-Whisper-Pipeline/artifacts/q1/preprocess/segments/400490_0053.wav,जल्दी से जल्दी ज जितना जल्दी हो सके कि कि हम पहुंच जाएं अपनी जगह पर जहाँ पे हमें जाना है ये हम ये नहीं बोल रहे कि आप को एकदम जल्दी पहुंच जाना चाहिए व
400490,213211,hi,54,1075.01,1088.12,13.11,/kaggle/working/Hindi-ASR-Whisper-Pipeline/artifacts/q1/preprocess/segments/400490_0054.wav,ई बस मिल गे पर थोड़ी तो जल्दी हम लोग निकल ही सकते है की हमारी बस या ट्रेन ना छूटे हमें परेशानीयों का सामना ना करें और हम
400490,213211,hi,55,1088.21,1103.03,14.82,/kaggle/working/Hindi-ASR-Whisper-Pipeline/artifacts/q1/preprocess/segments/400490_0055.wav,कोई भी अपने इवेंट्स या प्रोग्राम में जल्दी पहुंच पर टाइम समय पर पहुंच जाए ना की देर से पहुंचे और वहां पर जाकर सुने सब की बातें या कभी ये जो नहीं होगा कि हमें तकलीफ होगी
400490,213211,hi,56,1103.06,1115.3,12.24,/kaggle/working/Hindi-ASR-Whisper-Pipeline/artifacts/q1/preprocess/segments/400490_0056.wav,मुश्किल होगी या गिर जाएंगे कही कही गर्मी में आज कल तो बहुत दिक्कत होती है और करना ही पड़ेगा तो हमारा समय यही समाप्त होता है
400490,213211,hi,57,1118.96,1123.28,4.32,/kaggle/working/Hindi-ASR-Whisper-Pipeline/artifacts/q1/preprocess/segments/400490_0057.wav,हां धन्यवाद आप अपना ध्यान रखिए आप बहुत ध्यान रखिए
444282,138962,hi,0,2.07,12.36,10.29,/kaggle/working/Hindi-ASR-Whisper-Pipeline/artifacts/q1/preprocess/segments/444282_0000.wav,नहीं जैसे हमारी मौसी आगरा रहती है तो फिर न हम वहीं गए थे तो फिर ऐसा होता है ना कई कोई घूमने की जगह होती है तो घुमाने ले जाते हैं
444282,138962,hi,1,14.94,26.7,11.76,/kaggle/working/Hindi-ASR-Whisper-Pipeline/artifacts/q1/preprocess/segments/444282_0001.wav,हाँ तो ऐसे ही मैं उनके साथ गई थीं तो मतलब मुझे लगा कि बहुत ज्यादा खास होगा मतलब इतना भी खास नहीं था आप गए हैं ताज महल
444282,138962,hi,2,28.08,30.3,2.22,/kaggle/working/Hindi-ASR-Whisper-Pipeline/artifacts/q1/preprocess/segments/444282_0002.wav,आप कुछ बताइए अलग
444282,138962,hi,3,38.61,53.49,14.88,/kaggle/working/Hindi-ASR-Whisper-Pipeline/artifacts/q1/preprocess/segments/444282_0003.wav,हा हम्म मैं ज़ब गई थी तो मतलब ऐसा लगा मेरेको लगा बहुत एकदम व्हाइट होगा और उधर की क्या नाम है एंट्री फीस बहुत है
444282,138962,hi,4,54.15,66.54,12.39,/kaggle/working/Hindi-ASR-Whisper-Pipeline/artifacts/q1/preprocess/segments/444282_0004.wav,अगर इतना महंगा कर रखा है ढाई सौ रुपए के है के ऊपर जो कब्र वाला जगह होता है वहा पे ढाई सौ रूपए लगेंगे वहा जाने के
444282,138962,hi,5,70.77,76.17,5.4,/kaggle/working/Hindi-ASR-Whisper-Pipeline/artifacts/q1/preprocess/segments/444282_0005.wav,आपकी आवाज ब्रेक हो रही है
444282,138962,hi,6,80.25,81.57,1.32,/kaggle/working/Hindi-ASR-Whisper-Pipeline/artifacts/q1/preprocess/segments/444282_0006.wav,हम्म हम्म
444282,138962,hi,7,84.45,95.7,11.25,/kaggle/working/Hindi-ASR-Whisper-Pipeline/artifacts/q1/preprocess/segments/444282_0007.wav,अच्छा मिन मे तो आप बता रहे हैं कि आप पहाड़ी इलाका पे गए हुए हैं तो आपने पहले से प्लेनिंग की होगी ना तब भी तो गए होंगे आप है ना
444282,138962,hi,8,101.4,115.47,14.07,/kaggle/working/Hindi-ASR-Whisper-Pipeline/artifacts/q1/preprocess/segments/444282_0008.wav,मै तो कभी नहीं गई मतलब मंदिर आप गए हैं
444282,138962,hi,9,116.49,129.42,12.93,/kaggle/working/Hindi-ASR-Whisper-Pipeline/artifacts/q1/preprocess/segments/444282_0009.wav,अच्छा तो बताइए आप कुछ बताइए न टाइम चला जाएगा आज फ़िर हमारा उसमें हैं ना
444282,138962,hi,10,130.92,145.26,14.34,/kaggle/working/Hindi-ASR-Whisper-Pipeline/artifacts/q1/preprocess/segments/444282_0010.wav,बताइए मेरे पास अगर टॉपिक मतलब कुछ होता ऐसा कहानी तो मैं बताती आपको पर आप अगर आपके पास है तो बताइए मैं सुन लूंगी
444282,138962,hi,11,145.95,160.53,14.58,/kaggle/working/Hindi-ASR-Whisper-Pipeline/artifacts/q1/preprocess/segments/444282_0011.wav,कि मैं कहीं मतलब मैं कहीं नहीं हां मैं एक बार अक्षरधाम मंदिर गई थी उससे तो फोन अलाउड ही नहीं है बिल्कुल भी
444282,138962,hi,12,186.93,201.69,14.76,/kaggle/working/Hindi-ASR-Whisper-Pipeline/artifacts/q1/preprocess/segments/444282_0012.wav,हूँ लगा तो नहीं हाँ ऐसा ही कुछ सर सर
444282,138962,hi,13,201.84,215.55,13.71,/kaggle/working/Hindi-ASR-Whisper-Pipeline/artifacts/q1/preprocess/segments/444282_0013.wav,बस वही अक्षरधाम मंदिर गई हूं और कोई मंदिर नहीं गई मैं वो मतलब वो भी हम घूमने के तरीके से ही गए थे ऐसा कोई मतलब पूजने के लिए नहीं गए थे पूजा के लिए वो भी हम घूमने के लिए ही गए थे
444282,138962,hi,14,228.87,237.87,9.0,/kaggle/working/Hindi-ASR-Whisper-Pipeline/artifacts/q1/preprocess/segments/444282_0014.wav,अच्छा तो जैसे उसमें ये भी है कि खाने पीने का कुछ आपका अनुभव रहा हो बताईए अगर आप गए हैं तो आपने क्या वहाँ पे कैसे खाया
444282,138962,hi,16,254.73,259.62,4.89,/kaggle/working/Hindi-ASR-Whisper-Pipeline/artifacts/q1/preprocess/segments/444282_0016.wav,REDACTED
444282,138962,hi,17,261.96,274.53,12.57,/kaggle/working/Hindi-ASR-Whisper-Pipeline/artifacts/q1/preprocess/segments/444282_0017.wav,हा वह लगता है कि हम अलग जैसे यात्रा तो अलग कैसे बता दूं लेकिन जैसे हम वहां ताजमहल जा रहे थे
444282,138962,hi,18,276.78,287.04,10.26,/kaggle/working/Hindi-ASR-Whisper-Pipeline/artifacts/q1/preprocess/segments/444282_0018.wav,तो लो उससे थोड़ा दूर हमारा घर है आगरा में ही हैं पर उससे दूर हैं तो कम से कम डेढ़ दो तीन घंटे लग जाते हैं ठीक है तो
444282,138962,hi,19,287.1,300.54,13.44,/kaggle/working/Hindi-ASR-Whisper-Pipeline/artifacts/q1/preprocess/segments/444282_0019.wav,उस उस यात्रा एक मतलब तो उस जर्नी से समझ लीजिए वो छोटी सी उसमें हमने खाने पीने के बहुत अलग भग किए है जैसे कि क्योंकि देखो हम दो भाई बहन थे और दो मेरे
444282,138962,hi,20,300.66,312.93,12.27,/kaggle/working/Hindi-ASR-Whisper-Pipeline/artifacts/q1/preprocess/segments/444282_0020.wav,कजन और थे तो हम चार बच्चे हे ना तो फिर क्या हुआ कि हम लोग को ना वो लोग इतना माजी दिला रहे थे जैसे कि कि
444282,138962,hi,21,313.35,325.14,11.79,/kaggle/working/Hindi-ASR-Whisper-Pipeline/artifacts/q1/preprocess/segments/444282_0021.wav,आप लोग इतना मज़े से अब इतना हंसी मजाक कर रहे हैं फिर कोई कहता लग हमको कहते के चलो दीदी कुछ खाते हैं तो फिर हम लोग बहुत खाया हैं
444282,138962,hi,22,325.41,339.06,13.65,/kaggle/working/Hindi-ASR-Whisper-Pipeline/artifacts/q1/preprocess/segments/444282_0022.wav,पहले खाते पीते जी गए ठीक हैं तो हमने सबसे पहले स्टैंम मुझे ना वैसे लो वो साउथ इंडियन खाना बहुत पसंद है दोसा वगैरा तो उसने बोला चलो दीदी हम साथ
444282,138962,hi,23,339.06,353.58,14.52,/kaggle/working/Hindi-ASR-Whisper-Pipeline/artifacts/q1/preprocess/segments/444282_0023.wav,टाराय करते पे ही ढाबे का तो मैने ट्राई किया तो मुझ को बहुत टेस्टी लगा था वो मतलब बहुत ज्यादा टेस्टी तो हां और फिर वहीं से अ हम ने डोसा खाया था
444282,138962,hi,24,353.79,367.35,13.56,/kaggle/working/Hindi-ASR-Whisper-Pipeline/artifacts/q1/preprocess/segments/444282_0024.wav,वही वाला मेरा एक वही अनुभव रहा है कि वाला साउथ इंडियन पसंद है तो डोसा खाया और फिर आगे हम लोग चलते गए हर एक हर दस पंद्रह मिनट के बाद हम लोग कोई ना कोई खाने की चीज़ दिख जाती तो हम रुकवा देते गाड़ी
444282,138962,hi,25,368.88,373.17,4.29,/kaggle/working/Hindi-ASR-Whisper-Pipeline/artifacts/q1/preprocess/segments/444282_0025.wav,तो आप बताइए कुछ ऐसा
444282,138962,hi,26,385.83,391.29,5.46,/kaggle/working/Hindi-ASR-Whisper-Pipeline/artifacts/q1/preprocess/segments/444282_0026.wav,हमम
444282,138962,hi,27,393.66,396.09,2.43,/kaggle/working/Hindi-ASR-Whisper-Pipeline/artifacts/q1/preprocess/segments/444282_0027.wav,आवाज नहीं आ रही सर आपकी
444282,138962,hi,28,398.88,402.54,3.66,/kaggle/working/Hindi-ASR-Whisper-Pipeline/artifacts/q1/preprocess/segments/444282_0028.wav,नहीं आपकी आवाज़ ब्रेक हो रही है बहुत
444282,138962,hi,29,411.99,425.94,13.95,/kaggle/working/Hindi-ASR-Whisper-Pipeline/artifacts/q1/preprocess/segments/444282_0029.wav,नहीं सर आपकी आवाज नहीं आ रही है ह हेलो मेरी आवाज आ रही है आपको लेकिन आपकी आवाज आ रही है लगा ऐसे अटक सी रही है गिटार से बज रहे हैं
444282,138962,hi,30,431.34,440.04,8.7,/kaggle/working/Hindi-ASR-Whisper-Pipeline/artifacts/q1/preprocess/segments/444282_0030.wav,जी हां मैं पंखे के सामने बैठी हूं ना इसलिए पर आपकी फिर भी नहीं आ रही है
444282,138962,hi,31,442.71,451.5,8.79,/kaggle/working/Hindi-ASR-Whisper-Pipeline/artifacts/q1/preprocess/segments/444282_0031.wav,लेकिन मेरी आज तो हा अब थोड़ी सी ठीक आ रही है लग पता नहीं तब थोड़ी अटक ही गई थी
444282,138962,hi,32,453.54,455.85,2.31,/kaggle/working/Hindi-ASR-Whisper-Pipeline/artifacts/q1/preprocess/segments/444282_0032.wav,ये
444282,138962,hi,33,458.31,468.27,9.96,/kaggle/working/Hindi-ASR-Whisper-Pipeline/artifacts/q1/preprocess/segments/444282_0033.wav,अब ठीक है हाँ तो
444282,138962,hi,34,469.08,481.92,12.84,/kaggle/working/Hindi-ASR-Whisper-Pipeline/artifacts/q1/preprocess/segments/444282_0034.wav,यह भी लिखा है कि सस्ते रुकने के विकल्पो पर बात करना तो आप जैसे बट कहीं गए होंगे तो फिर आपने कही स्टे किया होगा क्योंकि जी हम तो गए थे तो हमने तो अपने वाला मतलब मौसी के घरी रुक गए है ना
444282,138962,hi,35,483.0,494.13,11.13,/kaggle/working/Hindi-ASR-Whisper-Pipeline/artifacts/q1/preprocess/segments/444282_0035.wav,तो हमको क्या सस्ता और क्या महंगा उससे कोई वो नहीं लेकिन आप गए घूमने तो आपको ये देखना होगा ना कि आप कहां रुके होंगे आप बताइए.
444282,138962,hi,36,496.14,498.24,2.1,/kaggle/working/Hindi-ASR-Whisper-Pipeline/artifacts/q1/preprocess/segments/444282_0036.wav,REDACTED
444282,138962,hi,37,501.12,503.16,2.04,/kaggle/working/Hindi-ASR-Whisper-Pipeline/artifacts/q1/preprocess/segments/444282_0037.wav,सर आपकी आवाज कट रही है
444282,138962,hi,38,506.79,518.79,12.0,/kaggle/working/Hindi-ASR-Whisper-Pipeline/artifacts/q1/preprocess/segments/444282_0038.wav,धर्मशाला क्या होता है बताती हूं मैं हेलो हां अब आ रही है मैं पूछ रही हूं धर्मशाला क्या होता है
444282,138962,hi,40,537.09,540.63,3.54,/kaggle/working/Hindi-ASR-Whisper-Pipeline/artifacts/q1/preprocess/segments/444282_0040.wav,हुं अच्छा
444282,138962,hi,42,553.26,557.55,4.29,/kaggle/working/Hindi-ASR-Whisper-Pipeline/artifacts/q1/preprocess/segments/444282_0042.wav,अच्छा
444282,138962,hi,43,560.88,568.95,8.07,/kaggle/working/Hindi-ASR-Whisper-Pipeline/artifacts/q1/preprocess/segments/444282_0043.wav,REDACTED
444282,138962,hi,44,575.94,584.76,8.82,/kaggle/working/Hindi-ASR-Whisper-Pipeline/artifacts/q1/preprocess/segments/444282_0044.wav,मैं तो मतलब कभी ऐसी जगह पे नहीं रुकी हूं मैं तो जहां जैसे कहीं घूमने गए हैं तो ज्यादातर हमारे रिश्तेदार ही इधर उधर रहते हैं
444282,138962,hi,45,587.28,591.78,4.5,/kaggle/working/Hindi-ASR-Whisper-Pipeline/artifacts/q1/preprocess/segments/444282_0045.wav,मगर ऐसा कोई एक्सपीरियंस ही नहीं रहा की रुकने की जगह देखना
444282,138962,hi,47,603.36,605.04,1.68,/kaggle/working/Hindi-ASR-Whisper-Pipeline/artifacts/q1/preprocess/segments/444282_0047.wav,हां बतइए
444282,138962,hi,49,615.36,617.76,2.4,/kaggle/working/Hindi-ASR-Whisper-Pipeline/artifacts/q1/preprocess/segments/444282_0049.wav,बताइए आप मतलब आ बताइए
444282,138962,hi,51,646.62,647.97,1.35,/kaggle/working/Hindi-ASR-Whisper-Pipeline/artifacts/q1/preprocess/segments/444282_0051.wav,जी
444282,138962,hi,53,663.93,668.88,4.95,/kaggle/working/Hindi-ASR-Whisper-Pipeline/artifacts/q1/preprocess/segments/444282_0053.wav,हूं तो आप जंग फ्रूट्स ज्यादा खाते हैं या मतलब कि नार्मल खाते हैं
444282,138962,hi,55,681.09,686.73,5.64,/kaggle/working/Hindi-ASR-Whisper-Pipeline/artifacts/q1/preprocess/segments/444282_0055.wav,चलिए हमारी यात हो चुकी है हमें तेरह मिनट हो गए आपसे बात करके अच्छा लगा मुझको
475356,255697,hi,0,2.33,6.29,3.96,/kaggle/working/Hindi-ASR-Whisper-Pipeline/artifacts/q1/preprocess/segments/475356_0000.wav,आवाज आ रही है बोलिए हा बोलिए.
475356,255697,hi,1,12.89,17.99,5.1,/kaggle/working/Hindi-ASR-Whisper-Pipeline/artifacts/q1/preprocess/segments/475356_0001.wav,मेरी तो बस दो बार थी पहले जॉब की और एक बार स्कूल मे बस
475356,255697,hi,3,31.04,35.69,4.65,/kaggle/working/Hindi-ASR-Whisper-Pipeline/artifacts/q1/preprocess/segments/475356_0003.wav,हां दिन में भी कहीं आती है बट हो जाते हैं कंप्रोमाइज
475356,255697,hi,4,51.17,54.56,3.39,/kaggle/working/Hindi-ASR-Whisper-Pipeline/artifacts/q1/preprocess/segments/475356_0004.wav,हांजी
475356,255697,hi,5,62.09,70.34,8.25,/kaggle/working/Hindi-ASR-Whisper-Pipeline/artifacts/q1/preprocess/segments/475356_0005.wav,नहीं आते रहते हैं कोई ना कोई तो बहुत सीन होती है
475356,255697,hi,6,73.28,75.53,2.25,/kaggle/working/Hindi-ASR-Whisper-Pipeline/artifacts/q1/preprocess/segments/475356_0006.wav,हु टस्क
475356,255697,hi,7,79.16,83.33,4.17,/kaggle/working/Hindi-ASR-Whisper-Pipeline/artifacts/q1/preprocess/segments/475356_0007.wav,REDACTED
475356,255697,hi,8,87.47,90.23,2.76,/kaggle/working/Hindi-ASR-Whisper-Pipeline/artifacts/q1/preprocess/segments/475356_0008.wav,REDACTED
475356,255697,hi,9,93.92,106.19,12.27,/kaggle/working/Hindi-ASR-Whisper-Pipeline/artifacts/q1/preprocess/segments/475356_0009.wav,जैसे कि कोई नया काम करने जाओ वहाँ भी घबराहट होती है मुझे थोड़ा दिक्कत आती है
475356,255697,hi,10,108.14,122.42,14.28,/kaggle/working/Hindi-ASR-Whisper-Pipeline/artifacts/q1/preprocess/segments/475356_0010.wav,ह्म्म ह्म्म इंटरव्यू मैं जाकर आप रहते है तब टैंशन होती है कि वहा का खाना टेस्ट करना एनवायरमेंट एडजस्ट करना लोगो से रहने के लिए एडजस्ट करना
475356,255697,hi,11,141.35,150.35,9.0,/kaggle/working/Hindi-ASR-Whisper-Pipeline/artifacts/q1/preprocess/segments/475356_0011.wav,डर को भगा कर सामना हो सकता है वैसे तो नहीं साहस रखके ही सामना हो सकता है डर को भगा कर
475356,255697,hi,12,160.19,161.54,1.35,/kaggle/working/Hindi-ASR-Whisper-Pipeline/artifacts/q1/preprocess/segments/475356_0012.wav,हुं
475356,255697,hi,13,164.78,166.58,1.8,/kaggle/working/Hindi-ASR-Whisper-Pipeline/artifacts/q1/preprocess/segments/475356_0013.wav,REDACTED
475356,255697,hi,14,169.91,172.1,2.19,/kaggle/working/Hindi-ASR-Whisper-Pipeline/artifacts/q1/preprocess/segments/475356_0014.wav,जैसि कि मैं
475356,255697,hi,15,179.87,182.96,3.09,/kaggle/working/Hindi-ASR-Whisper-Pipeline/artifacts/q1/preprocess/segments/475356_0015.wav,हाँ वो था
475356,255697,hi,16,187.52,191.93,4.41,/kaggle/working/Hindi-ASR-Whisper-Pipeline/artifacts/q1/preprocess/segments/475356_0016.wav,एस एस टी नापसंद था और मैथ्स और सिंगिंग पसंद था
475356,255697,hi,17,195.95,197.03,1.08,/kaggle/working/Hindi-ASR-Whisper-Pipeline/artifacts/q1/preprocess/segments/475356_0017.wav,मैथ और साइंस
475356,255697,hi,18,202.88,210.77,7.89,/kaggle/working/Hindi-ASR-Whisper-Pipeline/artifacts/q1/preprocess/segments/475356_0018.wav,हां जी ह
475356,255697,hi,19,213.11,216.89,3.78,/kaggle/working/Hindi-ASR-Whisper-Pipeline/artifacts/q1/preprocess/segments/475356_0019.wav,फ्रेंड की साथ
475356,255697,hi,20,222.35,226.16,3.81,/kaggle/working/Hindi-ASR-Whisper-Pipeline/artifacts/q1/preprocess/segments/475356_0020.wav,नहीं सरकर नहीं चहिए
475356,255697,hi,21,228.23,229.49,1.26,/kaggle/working/Hindi-ASR-Whisper-Pipeline/artifacts/q1/preprocess/segments/475356_0021.wav,जी जी
475356,255697,hi,22,235.07,237.44,2.37,/kaggle/working/Hindi-ASR-Whisper-Pipeline/artifacts/q1/preprocess/segments/475356_0022.wav,मिल जाता था आपके पास भी
475356,255697,hi,23,244.76,248.36,3.6,/kaggle/working/Hindi-ASR-Whisper-Pipeline/artifacts/q1/preprocess/segments/475356_0023.wav,जी
475356,255697,hi,24,256.55,261.05,4.5,/kaggle/working/Hindi-ASR-Whisper-Pipeline/artifacts/q1/preprocess/segments/475356_0024.wav,नहीं सर मैं तो जोब ही कर री हूँ फिलहाल उसके साथ साथ स्टडी
475356,255697,hi,25,264.41,269.84,5.43,/kaggle/working/Hindi-ASR-Whisper-Pipeline/artifacts/q1/preprocess/segments/475356_0025.wav,हां जी
475356,255697,hi,26,272.87,277.58,4.71,/kaggle/working/Hindi-ASR-Whisper-Pipeline/artifacts/q1/preprocess/segments/475356_0026.wav,हां जी
475356,255697,hi,27,279.8,294.02,14.22,/kaggle/working/Hindi-ASR-Whisper-Pipeline/artifacts/q1/preprocess/segments/475356_0027.wav,जैसे पहले दिन जो मैं बहुत खला गया था पता नहीं कि वा फिर उसके बाद काम पता नहीं कैसे अगर कुछ गलत हो गया तो वो क्या करेगी
475356,255697,hi,28,294.02,297.89,3.87,/kaggle/working/Hindi-ASR-Whisper-Pipeline/artifacts/q1/preprocess/segments/475356_0028.wav,पता नही अवार्यमेंट कैसा होगा लोग से घुल मिल जाएगी नही है
475356,255697,hi,30,322.55,328.22,5.67,/kaggle/working/Hindi-ASR-Whisper-Pipeline/artifacts/q1/preprocess/segments/475356_0030.wav,आप बताइए आपके जीवन में क्या समस्याएं आई हैं
475356,255697,hi,32,346.16,353.96,7.8,/kaggle/working/Hindi-ASR-Whisper-Pipeline/artifacts/q1/preprocess/segments/475356_0032.wav,हम्म आप बताइए मुझे हमने क्या
475356,255697,hi,33,359.84,365.45,5.61,/kaggle/working/Hindi-ASR-Whisper-Pipeline/artifacts/q1/preprocess/segments/475356_0033.wav,मैंने कहा सर आप बताइए क्या चुनौतियां आई हैं आपके जीवन में
475356,255697,hi,34,371.15,376.67,5.52,/kaggle/working/Hindi-ASR-Whisper-Pipeline/artifacts/q1/preprocess/segments/475356_0034.wav,REDACTED
475356,255697,hi,35,378.8,381.47,2.67,/kaggle/working/Hindi-ASR-Whisper-Pipeline/artifacts/q1/preprocess/segments/475356_0035.wav,छी छी छी
475356,255697,hi,36,383.9,386.63,2.73,/kaggle/working/Hindi-ASR-Whisper-Pipeline/artifacts/q1/preprocess/segments/475356_0036.wav,हा वो तो होती ही है
475356,255697,hi,37,402.74,407.78,5.04,/kaggle/working/Hindi-ASR-Whisper-Pipeline/artifacts/q1/preprocess/segments/475356_0037.wav,कई कई होते हैं सुबह इतना बोल लेते हैं तो इसलिए जॉब पर जाकर बोले
475392,70384,hi,0,5.36,12.38,7.02,/kaggle/working/Hindi-ASR-Whisper-Pipeline/artifacts/q1/preprocess/segments/475392_0000.wav,हाँ आवाज आ रही है आ रही है जीवन की सबसे ब जीवन की सबसे बड़ी चुनौतियां है इस पे आपका क्या कहना है
475392,70384,hi,1,21.95,24.86,2.91,/kaggle/working/Hindi-ASR-Whisper-Pipeline/artifacts/q1/preprocess/segments/475392_0001.wav,अच्छा दो ही चुनौतियाँ आई
475392,70384,hi,2,28.46,31.67,3.21,/kaggle/working/Hindi-ASR-Whisper-Pipeline/artifacts/q1/preprocess/segments/475392_0002.wav,अच्छा बाकि हर दिन सब कुछ सही चलता है
475392,70384,hi,3,37.88,52.79,14.91,/kaggle/working/Hindi-ASR-Whisper-Pipeline/artifacts/q1/preprocess/segments/475392_0003.wav,देखिए जीवन मैं चुनौतियां तो हर पग पर आती है मैम और हर दिन चुनौतीया आती है जीवन मे चुनौती कोई छोटी बड़ी नहीं होती है कभीकभी थोड़ी बड़ी आती हैं चुनौती जो याद रह जाती है बाकी छोटी चुनौती तो हर दिन होती है
475392,70384,hi,4,55.37,63.68,8.31,/kaggle/working/Hindi-ASR-Whisper-Pipeline/artifacts/q1/preprocess/segments/475392_0004.wav,ह्म्म तो ऐसी कोई चुनौती जो आपको आई हो और उसका सामना किया हो ऐसा कुछ याद है आपको
475392,70384,hi,5,72.71,78.41,5.7,/kaggle/working/Hindi-ASR-Whisper-Pipeline/artifacts/q1/preprocess/segments/475392_0005.wav,अच्छा बहुत से आती है क्या कोई एक आद याद है आपको
475392,70384,hi,6,84.98,87.98,3.0,/kaggle/working/Hindi-ASR-Whisper-Pipeline/artifacts/q1/preprocess/segments/475392_0006.wav,याद नहीं है फिर आप कैसे बोल रहे हैं अह देहली आती है
475392,70384,hi,7,90.74,95.03,4.29,/kaggle/working/Hindi-ASR-Whisper-Pipeline/artifacts/q1/preprocess/segments/475392_0007.wav,मैं वही तो बोल रहा हूँ क्याक्या आती है वही तो वही तो शेयर करना होता है मैम
475392,70384,hi,8,100.4,110.6,10.2,/kaggle/working/Hindi-ASR-Whisper-Pipeline/artifacts/q1/preprocess/segments/475392_0008.wav,ह्म्म ह्म्म ह्म्म
475392,70384,hi,9,116.21,119.66,3.45,/kaggle/working/Hindi-ASR-Whisper-Pipeline/artifacts/q1/preprocess/segments/475392_0009.wav,हम्म
475392,70384,hi,10,125.57,127.19,1.62,/kaggle/working/Hindi-ASR-Whisper-Pipeline/artifacts/q1/preprocess/segments/475392_0010.wav,हुह हुह
475392,70384,hi,11,130.07,143.99,13.92,/kaggle/working/Hindi-ASR-Whisper-Pipeline/artifacts/q1/preprocess/segments/475392_0011.wav,तो बस इतनी आई आपके जीवन में हू हू हूं हूं बढ़िया है फिर उ उस उनके सामना कैसे डटे
475392,70384,hi,12,146.84,149.06,2.22,/kaggle/working/Hindi-ASR-Whisper-Pipeline/artifacts/q1/preprocess/segments/475392_0012.wav,हा जी
475392,70384,hi,13,153.08,158.33,5.25,/kaggle/working/Hindi-ASR-Whisper-Pipeline/artifacts/q1/preprocess/segments/475392_0013.wav,अच्छा दर को भगा के हां हां हां ह्म्म ह्म्म
475392,70384,hi,14,160.46,170.39,9.93,/kaggle/working/Hindi-ASR-Whisper-Pipeline/artifacts/q1/preprocess/segments/475392_0014.wav,इस्कुल में नहीं आई कभी इस्कुल में नहीं आई इस्कुल में हु हु
475392,70384,hi,15,172.82,180.71,7.89,/kaggle/working/Hindi-ASR-Whisper-Pipeline/artifacts/q1/preprocess/segments/475392_0015.wav,स्कूल में आती होगी आपके कोई ऐसा सब्जेक्ट जो आपको पसंद नहीं और वह पढ़ना पढ़ता था तो वह सबसे बड़ी चुनौती तो है
475392,70384,hi,16,183.14,189.02,5.88,/kaggle/working/Hindi-ASR-Whisper-Pipeline/artifacts/q1/preprocess/segments/475392_0016.wav,कोई सब्जेक्ट आपका पसंदीदा सब्जेक्ट कौन सा था और ना पसंद कौन सा था बताईए
475392,70384,hi,17,191.51,196.85,5.34,/kaggle/working/Hindi-ASR-Whisper-Pipeline/artifacts/q1/preprocess/segments/475392_0017.wav,एस एस टी ना पसंद था और पसंद
475392,70384,hi,18,199.4,213.14,13.74,/kaggle/working/Hindi-ASR-Whisper-Pipeline/artifacts/q1/preprocess/segments/475392_0018.wav,मेथ और साइंस अच्छा हां तो एस एस टी का जो पीरियड लग रहा होगा आगे तब आपको तो निंद आ जाती होगी यह तो उस टाइम अच्छा उस टाइम क्या करते थे आप
475392,70384,hi,19,219.29,224.09,4.8,/kaggle/working/Hindi-ASR-Whisper-Pipeline/artifacts/q1/preprocess/segments/475392_0019.wav,अच्छा नहीं नहीं क्लास में तो डिस्कसन नहीं कर सकते हैं ना वो डिस्कसन तो मास्टर के जाने के बाद में करता होगे
475392,70384,hi,20,228.32,235.16,6.84,/kaggle/working/Hindi-ASR-Whisper-Pipeline/artifacts/q1/preprocess/segments/475392_0020.wav,अच्छा पैसे पहले पूछ लेते थे हु हु फिर कोई सॉल्यूशन मिलता था के नहीं मिलता
475392,70384,hi,21,240.05,242.09,2.04,/kaggle/working/Hindi-ASR-Whisper-Pipeline/artifacts/q1/preprocess/segments/475392_0021.wav,अच्छा मिल भी जाता था और नहीं भी मिलता था
475392,70384,hi,22,244.49,250.76,6.27,/kaggle/working/Hindi-ASR-Whisper-Pipeline/artifacts/q1/preprocess/segments/475392_0022.wav,हु हु हु बढ़िया है फिर है तो
475392,70384,hi,23,252.8,256.97,4.17,/kaggle/working/Hindi-ASR-Whisper-Pipeline/artifacts/q1/preprocess/segments/475392_0023.wav,उसके बाद में कोलेज वॉलेज गए
475392,70384,hi,24,261.71,274.28,12.57,/kaggle/working/Hindi-ASR-Whisper-Pipeline/artifacts/q1/preprocess/segments/475392_0024.wav,अच्छा तो जॉब में तो हर दिन चुनौतियां आती है जॉब में तो हर दिन चुनौतियां आती है जॉब तो जॉब तो करना अपने आप में एक चुनौती है
475392,70384,hi,25,276.05,280.52,4.47,/kaggle/working/Hindi-ASR-Whisper-Pipeline/artifacts/q1/preprocess/segments/475392_0025.wav,हां जी बताइए ऐसी कोई एक आदि चुनोती
475392,70384,hi,30,308.09,321.2,13.11,/kaggle/working/Hindi-ASR-Whisper-Pipeline/artifacts/q1/preprocess/segments/475392_0030.wav,हूं हूं हूं हूं ठीक है मैंम हां जी
475392,70384,hi,32,326.75,332.87,6.12,/kaggle/working/Hindi-ASR-Whisper-Pipeline/artifacts/q1/preprocess/segments/475392_0032.wav,आप बताइए मैम एक एक एक एक मिनट हां मैडम हां हां
475392,70384,hi,33,336.05,339.8,3.75,/kaggle/working/Hindi-ASR-Whisper-Pipeline/artifacts/q1/preprocess/segments/475392_0033.wav,तो उसमें और कुछ आगे नहीं रहा
475392,70384,hi,34,342.14,343.4,1.26,/kaggle/working/Hindi-ASR-Whisper-Pipeline/artifacts/q1/preprocess/segments/475392_0034.wav,और कुछ आगे नहीं रहा क्या
475392,70384,hi,35,345.77,350.42,4.65,/kaggle/working/Hindi-ASR-Whisper-Pipeline/artifacts/q1/preprocess/segments/475392_0035.wav,अच्छा बस इतना ही था हूँ हूँ हूँ
475392,70384,hi,36,352.52,354.56,2.04,/kaggle/working/Hindi-ASR-Whisper-Pipeline/artifacts/q1/preprocess/segments/475392_0036.wav,हां उसके बाद में सब सही चल रहा है ना
475392,70384,hi,38,362.15,365.33,3.18,/kaggle/working/Hindi-ASR-Whisper-Pipeline/artifacts/q1/preprocess/segments/475392_0038.wav,चलो बढ़िया फिर तो
475392,70384,hi,39,368.09,381.71,13.62,/kaggle/working/Hindi-ASR-Whisper-Pipeline/artifacts/q1/preprocess/segments/475392_0039.wav,तो मेरे तो हर दिन आती है भी मैं तो अपने आप में एक चुनौती हूँ पैदा हुआ उस दिन से लगा कर आज तक आ जी आ घर से बार निकलते एक चुनौती है तो है और क्या है.
475392,70384,hi,40,383.18,397.76,14.58,/kaggle/working/Hindi-ASR-Whisper-Pipeline/artifacts/q1/preprocess/segments/475392_0040.wav,घर के अंदर भी रहती है और अब आपसे बात करने की चुनौती है आप तो कुछ बोली नहीं रहे है हे हे यह भी अपना आपने चुनौती है क्या करें.
489638,25489,hi,0,2.47,14.98,12.51,/kaggle/working/Hindi-ASR-Whisper-Pipeline/artifacts/q1/preprocess/segments/489638_0000.wav,है ना
489638,25489,hi,1,17.02,30.46,13.44,/kaggle/working/Hindi-ASR-Whisper-Pipeline/artifacts/q1/preprocess/segments/489638_0001.wav,हा.और ऐसी चीजे है ना अपना मतलब पूरा जीवन ही बदल देती है जब है ना उनको ओपन कुछ करो और भाई पता चला है कि या उसका अप अपनी वज़ह से किसी का अच्छा हो गया तो फिर अभी आगे भी ईच्छा होती है कि चलो भाई अब हम करना चाहिए अच्छी बात है ये तो
489638,25489,hi,2,32.62,46.66,14.04,/kaggle/working/Hindi-ASR-Whisper-Pipeline/artifacts/q1/preprocess/segments/489638_0002.wav,अब जैसे ये तो अपने पहचान के हो लेकिन हम लोग किसी अनजान व्यक्ति के लिए जैसे मान लेते है आप ही जैसे कही जा जा रहे है और वो अनजान ह अपन उसको नहीं जान रहे लेकिन उसको आवयश्कता है तो उस समय अपने मन में कई विचार आते है उनसे बोलने में की क्या भाई क्या में आपकी मदद कर सकता हू कोई जरूरत तो नहीं है आपको
489638,25489,hi,3,47.92,51.46,3.54,/kaggle/working/Hindi-ASR-Whisper-Pipeline/artifacts/q1/preprocess/segments/489638_0003.wav,ऐसे एक बार बात किया मैंने हां
489638,25489,hi,4,64.24,72.04,7.8,/kaggle/working/Hindi-ASR-Whisper-Pipeline/artifacts/q1/preprocess/segments/489638_0004.wav,हां हां बिल्कुल बिल्कुल बिल्कुल सही बात है
489638,25489,hi,5,82.33,95.53,13.2,/kaggle/working/Hindi-ASR-Whisper-Pipeline/artifacts/q1/preprocess/segments/489638_0005.wav,बिल्कु सही बात है हालाकि किसी से हम्म हाँ किसी की मदद करना है किसी मदद पाना एक ऐसा अहसास होता है जो कहीं ना कि अंतर अंतरिक सांति और खुशी प्रदान करता है
489638,25489,hi,6,97.36,110.14,12.78,/kaggle/working/Hindi-ASR-Whisper-Pipeline/artifacts/q1/preprocess/segments/489638_0006.wav,हां क्योंकि ऐसा मेरे साथ एक बार हुआ है कि मैं जब कॉलेज की दिनों की बात है जब मैं अपने कॉलेज गया हुआ था नया नया था तो भई वहां पे डॉक्यूमेंट्स वगैरह सबमिट होने थे अब वहां पे जैसे कि नया समय था तो बहुत से स्टूडेंट्स आए हुए थे
489638,25489,hi,7,110.56,120.76,10.2,/kaggle/working/Hindi-ASR-Whisper-Pipeline/artifacts/q1/preprocess/segments/489638_0007.wav,अब मुझे वहाँ पर सुबह के गए हुए मेरे को तीन चार घंटे हो गए बट मेरे वहाँ कोई सुन ही नहीं रहा है तो उस परिस्थिती में एक सर आके बोलते हैं कि क्यों बेटा क्यों परेशान हूँ क्या प्रॉब्लम हो गई तब वो सुनते हैं
489638,25489,hi,8,120.82,132.4,11.58,/kaggle/working/Hindi-ASR-Whisper-Pipeline/artifacts/q1/preprocess/segments/489638_0008.wav,तो वो जो बोलते हैं हां ठीक है में करवा देता हूँ फिर वो उस काम को पांच दस मिनिट में करा देते है तो उस समय ऐसा लगता है कि यार की मतलब सच में इंसानियत इंसान होने का यही मतलब है कि किसी अगर कुछ कर सको किसी के लिए तो इससे अच्छा कुछ नही हो सकता
489638,25489,hi,9,146.68,151.15,4.47,/kaggle/working/Hindi-ASR-Whisper-Pipeline/artifacts/q1/preprocess/segments/489638_0009.wav,हूं हूं
489638,25489,hi,10,153.16,164.98,11.82,/kaggle/working/Hindi-ASR-Whisper-Pipeline/artifacts/q1/preprocess/segments/489638_0010.wav,बिल्कुल बिल्कुल और कई बार तो ऐसा भी होता है जो अपन सहयोग करना चाहते हैं जैसे आप बता रहे थे कि छोटे वगैरह थोड़ी बहुत हेल्प तो कोई भी कर देता है लेकिन कई बार ऐसी हेल्प
489638,25489,hi,11,165.16,179.11,13.95,/kaggle/working/Hindi-ASR-Whisper-Pipeline/artifacts/q1/preprocess/segments/489638_0011.wav,बड़ी बड़ी चीजों की समस्या हो जाती है कि भई उनको कुछ ऐसा चाहिए जो अपने अ क्षमता से बाहर हो तो उस उस उस परिस्थिति में फिर कई विचार आते हैं कि यार अपन क्यों नहीं कर पा रहे हैं तो अपन थोड़ा और मेहनत करते हैं तो शायद मैं उसकी हेल्प कर देता है
489638,25489,hi,12,179.2,193.51,14.31,/kaggle/working/Hindi-ASR-Whisper-Pipeline/artifacts/q1/preprocess/segments/489638_0012.wav,एक समय की बात है कि अब जब मैं ट्रेन से एक जगह ट्रेवल कर रहा था तो उस समय पे भाई एक बुजुर्ग परिवार के हमलोग दादा होंगे शायद तो उनका क्या हुआ कि मैं भी बहुत जैसे खड़ा था अब एक सीट मिलती है तो मैं भी बहुत देर से खड़ा हूं
489638,25489,hi,13,194.17,208.06,13.89,/kaggle/working/Hindi-ASR-Whisper-Pipeline/artifacts/q1/preprocess/segments/489638_0013.wav,तो उस समय ऐसा लगा कि मुझे इनको दे देना चाहिए लेकिन उस समय न देके फिर मैं बैठा रहा तो फिर उस समय मुझे ऐसे बहुत बिचार आ रहे थे कि अब मैं ऐसा क्यों कर रहा हूं जो कि मैं तो खड़ा हूं सकता हूं कई बार अपन मजबूर भी हो जाते हैं कि यार अपन अच्छा चाहते हुए भी नहीं कर पाते हैं
489638,25489,hi,14,209.8,221.17,11.37,/kaggle/working/Hindi-ASR-Whisper-Pipeline/artifacts/q1/preprocess/segments/489638_0014.wav,हां तो उसमें उस पारीस्थिति में अपने अंदर घृणात्मक ग्लानि की फीलिंग्स आती है कि नहीं यार अपन को ये ऐसे अच्छा नहीं ये गलत किया अपन को दे देना चाहिए था वो बाद में महसूस होता है तो
489638,25489,hi,15,221.38,234.49,13.11,/kaggle/working/Hindi-ASR-Whisper-Pipeline/artifacts/q1/preprocess/segments/489638_0015.wav,हम्म लेकिन आज के टाइम पे जो लोग हैं ना वो कहीं ना कहीं देखा जाए तो स्वार्थी होते जा रहे हैं
489638,25489,hi,16,241.42,248.5,7.08,/kaggle/working/Hindi-ASR-Whisper-Pipeline/artifacts/q1/preprocess/segments/489638_0016.wav,दूर पर दूर पर हाँ जी
489638,25489,hi,17,250.99,253.84,2.85,/kaggle/working/Hindi-ASR-Whisper-Pipeline/artifacts/q1/preprocess/segments/489638_0017.wav,बिल्कुल बिल्कुल
489638,25489,hi,18,255.91,265.03,9.12,/kaggle/working/Hindi-ASR-Whisper-Pipeline/artifacts/q1/preprocess/segments/489638_0018.wav,हां वो तो है अच्छा हां हां
489638,25489,hi,20,275.2,279.16,3.96,/kaggle/working/Hindi-ASR-Whisper-Pipeline/artifacts/q1/preprocess/segments/489638_0020.wav,जी
489638,25489,hi,21,286.15,299.14,12.99,/kaggle/working/Hindi-ASR-Whisper-Pipeline/artifacts/q1/preprocess/segments/489638_0021.wav,बराबर सही बात है हूं
489638,25489,hi,22,302.56,305.74,3.18,/kaggle/working/Hindi-ASR-Whisper-Pipeline/artifacts/q1/preprocess/segments/489638_0022.wav,सही बात है
489638,25489,hi,23,307.84,314.95,7.11,/kaggle/working/Hindi-ASR-Whisper-Pipeline/artifacts/q1/preprocess/segments/489638_0023.wav,हांहां बराबर वो तो है ही आज के समय में तो जितना देखा जाये उसमे तो बिजनेस ही बना लिया है
489638,25489,hi,24,320.41,334.84,14.43,/kaggle/working/Hindi-ASR-Whisper-Pipeline/artifacts/q1/preprocess/segments/489638_0024.wav,हां मतलब इसमें कई बार है ना जो इसका फायदा उठाते हैं ना तो जो अच्छे लोग होते हैं जिनको सच में जरूरत होती है वो लोग भी फिर उनसे रह वंचित रह जाते हैं जैसे हम्म
489638,25489,hi,25,337.69,340.75,3.06,/kaggle/working/Hindi-ASR-Whisper-Pipeline/artifacts/q1/preprocess/segments/489638_0025.wav,हां लिख हम्म हम्म
489638,25489,hi,26,344.08,357.91,13.83,/kaggle/working/Hindi-ASR-Whisper-Pipeline/artifacts/q1/preprocess/segments/489638_0026.wav,बिल्कुल तो हो भी रहा है और वैसे अपने जितना भी करते हैं कि अपना कोई कोशिश कर रहे लेकिन अपन जो मन होता क्योंकि अपने ऐसे परिवारिक संस्कार रहें कि अपन किसी का मतलब दुखी नहीं देख सकते हैं
489638,25489,hi,27,357.94,368.74,10.8,/kaggle/working/Hindi-ASR-Whisper-Pipeline/artifacts/q1/preprocess/segments/489638_0027.wav,भले ही इतना फ्रॉड चल रहा है लेकिन अपना कहीं ना कहीं अपने मन को कहीं ना कहीं दुखी होता है आखिर में कि यार मैं कर सकता था क्यों नहीं किया इस प्रकार से कई बार अपने आत्मिक लाने का शुरुआत करना ही पड़ता है भली पता है कि सामने वाला गलत है
489638,25489,hi,28,374.65,384.88,10.23,/kaggle/working/Hindi-ASR-Whisper-Pipeline/artifacts/q1/preprocess/segments/489638_0028.wav,वही वही तो उस स्थिति में बड़ी यभी आज के समय में दिक्कत वाली बात होती जा रही है और अपन यस जैसे अपन किसी को.
489638,25489,hi,29,385.51,399.04,13.53,/kaggle/working/Hindi-ASR-Whisper-Pipeline/artifacts/q1/preprocess/segments/489638_0029.wav,हां हां अपन किसी के लिए कुछ करते भी हैं जैसे अब जो अपने मांग के वो लोग खाते हैं उनको दे देते हैं तो फिर पता चलता है कि शाम को वो दारू पी रहे हैं या फिर वो नशा कर रहे हैं हां
489638,25489,hi,30,400.45,412.87,12.42,/kaggle/working/Hindi-ASR-Whisper-Pipeline/artifacts/q1/preprocess/segments/489638_0030.wav,बिल्कुल वो अपना फिर वो हा जी
489638,25489,hi,31,418.15,420.04,1.89,/kaggle/working/Hindi-ASR-Whisper-Pipeline/artifacts/q1/preprocess/segments/489638_0031.wav,सही बात है
489638,25489,hi,32,428.2,430.33,2.13,/kaggle/working/Hindi-ASR-Whisper-Pipeline/artifacts/q1/preprocess/segments/489638_0032.wav,बिल्कुल बिल्कुल
489638,25489,hi,34,435.85,440.08,4.23,/kaggle/working/Hindi-ASR-Whisper-Pipeline/artifacts/q1/preprocess/segments/489638_0034.wav,हां हां सा सही बात है यह तो आए दिन देखने को मिलने लगा है अब
489638,25489,hi,35,445.39,446.77,1.38,/kaggle/working/Hindi-ASR-Whisper-Pipeline/artifacts/q1/preprocess/segments/489638_0035.wav,सही बात है
489638,25489,hi,37,464.41,469.3,4.89,/kaggle/working/Hindi-ASR-Whisper-Pipeline/artifacts/q1/preprocess/segments/489638_0037.wav,हा हा वो भी सही है
489638,25489,hi,38,483.73,489.4,5.67,/kaggle/working/Hindi-ASR-Whisper-Pipeline/artifacts/q1/preprocess/segments/489638_0038.wav,बिल्कुल बिल्कुल हां
489638,25489,hi,39,492.19,494.44,2.25,/kaggle/working/Hindi-ASR-Whisper-Pipeline/artifacts/q1/preprocess/segments/489638_0039.wav,हाँ दिख नेना
489638,25489,hi,40,503.86,514.96,11.1,/kaggle/working/Hindi-ASR-Whisper-Pipeline/artifacts/q1/preprocess/segments/489638_0040.wav,हा हा सही है वैसे मदद की जरूरत नहीं है ना उनको तो कुछ ना कुछ अपना नशा है फिर व्यर्थ में कुछ ना वही चीज करनी है जो कि भई अगर डायरेक्ट् मांगे तो कोई वैसे नहीं देने वाला तो घुमा फिरा के मांगते हैं वो
489638,25489,hi,41,526.21,529.6,3.39,/kaggle/working/Hindi-ASR-Whisper-Pipeline/artifacts/q1/preprocess/segments/489638_0041.wav,हां
489638,25489,hi,42,535.75,538.93,3.18,/kaggle/working/Hindi-ASR-Whisper-Pipeline/artifacts/q1/preprocess/segments/489638_0042.wav,बिल्कुल
489638,25489,hi,43,544.69,559.54,14.85,/kaggle/working/Hindi-ASR-Whisper-Pipeline/artifacts/q1/preprocess/segments/489638_0043.wav,हां हां बिल्कुल होता है ना सबके घर हां वैल खैर आपसे बात कर के बहुत अच्छा लगा
489638,25489,hi,44,559.69,563.65,3.96,/kaggle/working/Hindi-ASR-Whisper-Pipeline/artifacts/q1/preprocess/segments/489638_0044.wav,अ ठीक ठीक है ना धन्यवाद
489675,294893,hi,0,4.33,18.31,13.98,/kaggle/working/Hindi-ASR-Whisper-Pipeline/artifacts/q1/preprocess/segments/489675_0000.wav,ऊहू मुझे बहुत खुशी हुई थी जिस दिन वो हुआ था उस दिन मेरे को बड़ी टेंस उस दिन सब फाइनल उसका फाइनल रिजल्ट आया था तो मेरे को खुशी बहुत हुई थी कि हमने किसी की मदद करी और वो सक्सेस हो गया तो हमको अंदर से खुशी होती हैं
489675,294893,hi,1,19.93,21.52,1.59,/kaggle/working/Hindi-ASR-Whisper-Pipeline/artifacts/q1/preprocess/segments/489675_0001.wav,REDACTED
489675,294893,hi,2,23.53,28.66,5.13,/kaggle/working/Hindi-ASR-Whisper-Pipeline/artifacts/q1/preprocess/segments/489675_0002.wav,हूँ हूँ हूँ
489675,294893,hi,3,31.96,34.0,2.04,/kaggle/working/Hindi-ASR-Whisper-Pipeline/artifacts/q1/preprocess/segments/489675_0003.wav,हूं हूं हूं हूं हूं
489675,294893,hi,4,38.74,42.37,3.63,/kaggle/working/Hindi-ASR-Whisper-Pipeline/artifacts/q1/preprocess/segments/489675_0004.wav,हूह
489675,294893,hi,5,44.38,58.09,13.71,/kaggle/working/Hindi-ASR-Whisper-Pipeline/artifacts/q1/preprocess/segments/489675_0005.wav,हुम हुम हुम हुम जैसे किसी जैसे किसी अनजान आदमी को परेशान देखता है तो आदमी एक बार पूछ लेता है भई आपको क्या परेशानी हो रही है कोई दिक्कत है
489675,294893,hi,6,58.45,70.42,11.97,/kaggle/working/Hindi-ASR-Whisper-Pipeline/artifacts/q1/preprocess/segments/489675_0006.wav,किस चीज की दिक्कत है अगर वो शेयर करता है अपने साथ बहुत से शेयर करते हैं बहुत से बोलते हैं नहीं ठीक है जो भी है जो शेयर किया तो अपन के अपन की अपन अपनी हैसियत के मुताबिक करते हैं उसकी परख
489675,294893,hi,7,71.62,85.9,14.28,/kaggle/working/Hindi-ASR-Whisper-Pipeline/artifacts/q1/preprocess/segments/489675_0007.wav,कि जो अपनी अपनी औकात है जितनी औकात है भैया तेरे को पैसे की जरूरत है यानी पांच 600 रुपए तो कोई भी नॉर्मली का देता है अब उससे ज्यादा चाहिए तो अपनी हैसियत के बाहर चला जाता है हूं हूं
489675,294893,hi,8,86.23,90.79,4.56,/kaggle/working/Hindi-ASR-Whisper-Pipeline/artifacts/q1/preprocess/segments/489675_0008.wav,वो आदमी जी जी बोलिए
489675,294893,hi,9,93.79,98.77,4.98,/kaggle/working/Hindi-ASR-Whisper-Pipeline/artifacts/q1/preprocess/segments/489675_0009.wav,हु हु हु वो तो है
489675,294893,hi,10,103.78,105.67,1.89,/kaggle/working/Hindi-ASR-Whisper-Pipeline/artifacts/q1/preprocess/segments/489675_0010.wav,हु हु
489675,294893,hi,11,108.04,112.18,4.14,/kaggle/working/Hindi-ASR-Whisper-Pipeline/artifacts/q1/preprocess/segments/489675_0011.wav,ओह हो हो
489675,294893,hi,12,115.3,128.53,13.23,/kaggle/working/Hindi-ASR-Whisper-Pipeline/artifacts/q1/preprocess/segments/489675_0012.wav,ह्म्म ह्म्म ह्म्म ह्म्म हम्म
489675,294893,hi,13,131.11,140.74,9.63,/kaggle/working/Hindi-ASR-Whisper-Pipeline/artifacts/q1/preprocess/segments/489675_0013.wav,हूं हूं हूं ये तो है अगर कोई हमारे लिए खड़ा हो तो हमको लगता है कि चलो हमारे पीछे खड़ा है ये मेरी मदद करेगा
489675,294893,hi,14,141.25,153.91,12.66,/kaggle/working/Hindi-ASR-Whisper-Pipeline/artifacts/q1/preprocess/segments/489675_0014.wav,अगर कोई नहीं है तो वहां पे आदमी टूटने भी लगता है कि यार कोई मदद करने को तैयार ही नहीं है हम परेशान हैं सुबह से परेशान हैं बिना खाए पिया आए हैं काम भी नहीं हो रहा है बहुत सी जगे तो बहुत
489675,294893,hi,15,154.36,159.49,5.13,/kaggle/working/Hindi-ASR-Whisper-Pipeline/artifacts/q1/preprocess/segments/489675_0015.wav,प्रकार की समस्याएं खड़ी हो जाती है आदमी के लिए तो
489675,294893,hi,18,175.66,179.89,4.23,/kaggle/working/Hindi-ASR-Whisper-Pipeline/artifacts/q1/preprocess/segments/489675_0018.wav,ह्म्म ह्म्म ह्म्म ह्म्म हम्म ये तो है
489675,294893,hi,22,208.21,211.84,3.63,/kaggle/working/Hindi-ASR-Whisper-Pipeline/artifacts/q1/preprocess/segments/489675_0022.wav,हु होता है बहुत बार होता हैं इस टाइप का
489675,294893,hi,23,219.34,224.29,4.95,/kaggle/working/Hindi-ASR-Whisper-Pipeline/artifacts/q1/preprocess/segments/489675_0023.wav,हूं हूं हूं हूं हूं ये तो रहता है
489675,294893,hi,24,228.64,242.11,13.47,/kaggle/working/Hindi-ASR-Whisper-Pipeline/artifacts/q1/preprocess/segments/489675_0024.wav,हु स्वार्थी तो बहुत हो गया है यानी अपना स्वार्थ पहले देखते फिर दूसरे को बाद में देखेंगे आदमी रो रहा है गिड़गिड़ा रहा है उससे उसको कोई लेना देना नहीं है काहे के लिए गिड़गिड़ा रहा है भाई कोई मजबूर भी होता है आज कि डेट में
489675,294893,hi,25,242.47,256.96,14.49,/kaggle/working/Hindi-ASR-Whisper-Pipeline/artifacts/q1/preprocess/segments/489675_0025.wav,फ्रॉड भी बोहोत होते हैं ना इन चीज मदद के नाम पर फ्रॉड है इस कारण आदमी स्वार्थी होता चला जा रहा है यानि जो जरूरत मंद है ना उसको भी इग्नोर करके चलता है आदमी जानता है कि या साला आज की डेट में फ्रॉडपन ज्यादा है भाई
489675,294893,hi,26,257.02,268.39,11.37,/kaggle/working/Hindi-ASR-Whisper-Pipeline/artifacts/q1/preprocess/segments/489675_0026.wav,कुछ भी किसी भी चीज़ के लिये मदद मांगने लगते हैं लोग एक बार मेरे साथ भी एक बार मेरे साथ भी वाक़्या हुआ था एक महाराष्ट्र के जोड़ा कपल जोड़ी गयी है
489675,294893,hi,27,269.02,281.77,12.75,/kaggle/working/Hindi-ASR-Whisper-Pipeline/artifacts/q1/preprocess/segments/489675_0027.wav,वो मेरे को अपनी अपनी लड़की कहानी सुना रहा है कि मेरी लड़की की शादी यहाँ हुई है उसका पती छोड़ के भाग गया है ऐसा है वैसा है हमारी कुछ मदद कर दीजिए तो मैंने कहा कि ठीके मैं किस प्रकार से आपकी मदद कर सकता हूं
489675,294893,hi,28,282.28,293.11,10.83,/kaggle/working/Hindi-ASR-Whisper-Pipeline/artifacts/q1/preprocess/segments/489675_0028.wav,तो बोलता है कुछ पैसा मैंने कर देखें पैसा नहीं दे सकता आपको खाने पीने की मदद चाहिए तो हम खाने पीने खवा सकते हैं तो बोलता है नहीं हम को पैसा की आवश्यकता है तो मैंने कहा भई मैं पैसा नहीं दे सकता
489675,294893,hi,29,293.2,304.45,11.25,/kaggle/working/Hindi-ASR-Whisper-Pipeline/artifacts/q1/preprocess/segments/489675_0029.wav,अब भाई आप भूख हो बच्चे लिये हो मैं बच्चों को खाना खिला दूँगा आपको खबा दूँगा आपकी लड़की को खबा दूँगा तो बोला नहीं नहीं मेरे को पैसा ही कि आवश्कता है पैसा तो मेरे को लगा कि कुल यह झूठ भी बोल रह है
489675,294893,hi,30,305.26,308.29,3.03,/kaggle/working/Hindi-ASR-Whisper-Pipeline/artifacts/q1/preprocess/segments/489675_0030.wav,क्या है बहुत से लोग इस चीज़ को धंधे की तौर पे भी लिए हुए हैं
489675,294893,hi,31,311.32,323.23,11.91,/kaggle/working/Hindi-ASR-Whisper-Pipeline/artifacts/q1/preprocess/segments/489675_0031.wav,हूँ हूँ हूँ हूँ बिजनेस यानि जरूरतमंद की भी अपन मदद नहीं कर सकते इसमें अपन भी एएए यानि स्वार्थीपना दिखाने लगते हैं कि जान दो यार ये सब फालतू का काम है
489675,294893,hi,32,329.29,344.23,14.94,/kaggle/working/Hindi-ASR-Whisper-Pipeline/artifacts/q1/preprocess/segments/489675_0032.wav,हु हु वो तो है कि अपन का मन पर पहले ही अपना दिमाग नेगेटिव थिंकिंग ले लेगा कि नहीं नहीं यह झूठ बोल रहा है और आजकल वैसे फ्रोड भी इतनी तेजी से बढ़ रहा है कि हर चीज में फ्रोड हो रहा है
489675,294893,hi,33,346.36,353.38,7.02,/kaggle/working/Hindi-ASR-Whisper-Pipeline/artifacts/q1/preprocess/segments/489675_0033.wav,हु ह्म्म जब बिज़नस बनना हा ठीक बस
489675,294893,hi,34,357.16,359.92,2.76,/kaggle/working/Hindi-ASR-Whisper-Pipeline/artifacts/q1/preprocess/segments/489675_0034.wav,हम्म हम्म हा ये तो है
489675,294893,hi,35,369.67,375.61,5.94,/kaggle/working/Hindi-ASR-Whisper-Pipeline/artifacts/q1/preprocess/segments/489675_0035.wav,हां हां एक बार अपने मु से उसके लिए पूछने के लिए कहेगा कि पूछ तो ले क्या मैं इसकी क्या मदद करें अपन
489675,294893,hi,37,381.88,387.4,5.52,/kaggle/working/Hindi-ASR-Whisper-Pipeline/artifacts/q1/preprocess/segments/489675_0037.wav,ह्म्म ह्म्म आदमी भी कंफ्यूज रहता है आदमी भी कन्फ्यूज हो जाता है
489675,294893,hi,38,393.82,407.71,13.89,/kaggle/working/Hindi-ASR-Whisper-Pipeline/artifacts/q1/preprocess/segments/489675_0038.wav,हां हां हां हां ये तो होता है आजकल बहुत से आदमी अपन से पैसा लेकर कोई इंजेक्शन लगा रहा है कोई नसे की गोलिया खा रहा है कोई कुछ कर रहा तो अपन देखते है तो लगता है की साले को इसको काहे के लिए पैसा दिए थे अपन अपना पैसा
489675,294893,hi,39,408.55,420.46,11.91,/kaggle/working/Hindi-ASR-Whisper-Pipeline/artifacts/q1/preprocess/segments/489675_0039.wav,व्यर्थ चला जाता है ना अपना पैसा भी व्यर्थ हुआ बस होगया अपने सुन कर लगता है कि अपन गलत कर दिया इससे अच्छा कही जरूरत और समझ में भी तो नहीं आता ना आज की डेट में कि ज़रूरत मंद है कि नहीं
489675,294893,hi,40,421.39,432.88,11.49,/kaggle/working/Hindi-ASR-Whisper-Pipeline/artifacts/q1/preprocess/segments/489675_0040.wav,हु जैसे ट्रेनों में होता है ट्रेनों में ऐसा ऐसा दिखाएंगे अपन को कि बस इनके जैसा जरूरत यानि इनको बहुत मदद की जरूरत है थोड़ी देर में आप देखेंगे कि साला अपन से अच्छा खा रहे है
489675,294893,hi,41,433.48,447.22,13.74,/kaggle/working/Hindi-ASR-Whisper-Pipeline/artifacts/q1/preprocess/segments/489675_0041.wav,अपन इन लोग को उनकी अपन को लगता है कि हमारी मदद कर दीजिए ह्म्म ह्म्म ह्म्म कभी कभी है सर यानि हम इनसे गरीब हैं ये हम इनको दे दे भाई
489675,294893,hi,42,447.94,460.75,12.81,/kaggle/working/Hindi-ASR-Whisper-Pipeline/artifacts/q1/preprocess/segments/489675_0042.wav,हूं हूं यानि मदद करने के लिए भी आज आदमी को सोचना पड़ता है कि क्या करें मदद करें नहीं करें कर देते हैं तो इसका उपयोग होगा कि दूर उपयोग करेगा ये हर प्रकार की चीजे सोचनी पड़ती
489675,294893,hi,43,460.81,466.84,6.03,/kaggle/working/Hindi-ASR-Whisper-Pipeline/artifacts/q1/preprocess/segments/489675_0043.wav,मैं तो ज़्यादा से ज़्यादा पैसों की मदद नहीं करता खाने पीने की चीजें दिलवा देता हू पैसों से मदद नहीं करता हू
489675,294893,hi,44,469.63,484.18,14.55,/kaggle/working/Hindi-ASR-Whisper-Pipeline/artifacts/q1/preprocess/segments/489675_0044.wav,क्या है कि भाई खाने पीने की चीजें देवा दो अगर खाना होगा खायेगा नहीं जो करना होगा वो करेगा वो और पैसे में ये है कि या तो मदद यानी उसको जरूरत होगी तो अपना काम ही करेगा नहीं फालतू कि चीजों में उपयोग करेगा पैसे का
489675,294893,hi,45,486.1,500.44,14.34,/kaggle/working/Hindi-ASR-Whisper-Pipeline/artifacts/q1/preprocess/segments/489675_0045.wav,हम्म आजकल तो आप देखे होंगे छोटे छोटे बच्चे सिगनल वगेरा में खड़े हो के भीख मांगते हैं अब आदमी हम्म हम्म अब आदमी उनको देख के लगता है कि आज चप्पल नहीं पहने है कपड़े नहीं पहने है पर मदद कर देते हैं
489675,294893,hi,46,500.95,504.25,3.3,/kaggle/working/Hindi-ASR-Whisper-Pipeline/artifacts/q1/preprocess/segments/489675_0046.wav,और वो आप से वो मदद न लेंगे बोलेंगे हमको पैसा ही चाहिए
489675,294893,hi,47,506.8,511.48,4.68,/kaggle/working/Hindi-ASR-Whisper-Pipeline/artifacts/q1/preprocess/segments/489675_0047.wav,हु हु
489675,294893,hi,48,514.69,528.28,13.59,/kaggle/working/Hindi-ASR-Whisper-Pipeline/artifacts/q1/preprocess/segments/489675_0048.wav,हम्म हम हा वो तो हैं हाथ फैला हा हाथ फैलाने को अच्छी चीज मन ली हैं है नहीं बहुत से लोग भी जो किसी की मदद नहीं चाहते वो अपना कुछ न कुछ करते रहेंगे कही पेन बेचे कही कॉपी बेचे कही किताब बेचे
489675,294893,hi,49,529.06,539.32,10.26,/kaggle/working/Hindi-ASR-Whisper-Pipeline/artifacts/q1/preprocess/segments/489675_0049.wav,उन लोगों को अगर अपन इसका पैसा भी दे देते हैं तो अपन को निठलती कि चलो मेहनत कर रहा है दस बीस रूपये अपना एक्स्ट्रा भी चला गया तो अपना मदद के तौर पे चला गया हू
489675,294893,hi,50,539.41,549.97,10.56,/kaggle/working/Hindi-ASR-Whisper-Pipeline/artifacts/q1/preprocess/segments/489675_0050.wav,और बहुत से स्वाभिमानी भी होते हैं कि नहीं भई आप जब खरीदेंगे जीतता पैसा हमारा होता है हम उता ही लेंगे हम उस पे एक्स्ट्रा एक रुपए न लेंगे आप बहुत से स्वाभिमानी भी होते हैं इन चीजों में
489675,294893,hi,51,552.16,557.17,5.01,/kaggle/working/Hindi-ASR-Whisper-Pipeline/artifacts/q1/preprocess/segments/489675_0051.wav,हु बहुत सी हु बोलिए बोलिए
489675,294893,hi,52,559.39,563.95,4.56,/kaggle/working/Hindi-ASR-Whisper-Pipeline/artifacts/q1/preprocess/segments/489675_0052.wav,हमें भी आपसे बात करके बहुत अच्छा लगा धन्यवाद
494019,218779,hi,0,1.63,7.84,6.21,/kaggle/working/Hindi-ASR-Whisper-Pipeline/artifacts/q1/preprocess/segments/494019_0000.wav,नहीं ऐसी तो कोई कहानी नहीं बोल्ड आउटफिट को लेकर जनरली बोल्ड आउटफिट को लेकर तो स्टार्ष ही ट्रोल होते हैं
494019,218779,hi,2,15.31,28.78,13.47,/kaggle/working/Hindi-ASR-Whisper-Pipeline/artifacts/q1/preprocess/segments/494019_0002.wav,जी ऐसी तो कोई कहानी नहीं है बॉल्ड आउटफिट को लेकर के जो मैं शेयर कर सकूँ बाकि ये जनरली बॉल्ड आउटफिटस को लेकर स्टार्स ही ट्रोल होते हैं उर्वी जाफेद हुई और इस तरह के लोग
494019,218779,hi,3,32.74,38.86,6.12,/kaggle/working/Hindi-ASR-Whisper-Pipeline/artifacts/q1/preprocess/segments/494019_0003.wav,गोल्ड आउटफिट्स मेरे हिसाब से नहीं वो पहनना चाहिए पब्लिकली तो एट एट लिस्ट नहीं पहना चाहिए
494019,218779,hi,4,42.43,47.68,5.25,/kaggle/working/Hindi-ASR-Whisper-Pipeline/artifacts/q1/preprocess/segments/494019_0004.wav,आपका क्या विचार है इस ओल्ड ऑफिट्स के बारे में हलो
494019,218779,hi,5,53.56,58.93,5.37,/kaggle/working/Hindi-ASR-Whisper-Pipeline/artifacts/q1/preprocess/segments/494019_0005.wav,नहीं नहीं फुल नेटवर्क में हूँ मैं कोई नेटवर्क इश्यू नहीं है
494019,218779,hi,6,66.1,80.08,13.98,/kaggle/working/Hindi-ASR-Whisper-Pipeline/artifacts/q1/preprocess/segments/494019_0006.wav,जी पब्लिकली नहीं पहनना चाहिए सबके अपने अपने चॉइस होती है पर्सनल पार्टी कर रहे हैं कुछ कर रहे हैं देन ओके बट पब्लिकली नहीं आई थिंक बाकि जैसे जिसकी सोच
494019,218779,hi,7,91.18,104.14,12.96,/kaggle/working/Hindi-ASR-Whisper-Pipeline/artifacts/q1/preprocess/segments/494019_0007.wav,स्योर वाई नोट यस डेफिनेटली ट्राइ किया है बट जो मेरे को सूट करता है वहीं मै ट्राइ करती हूं जो मेरे को सूट करता है जो मैं पब्लिकली वियर कर सकती हूं मैं उसी चीज को ट्राइ करती हूं
494019,218779,hi,8,104.95,107.32,2.37,/kaggle/working/Hindi-ASR-Whisper-Pipeline/artifacts/q1/preprocess/segments/494019_0008.wav,मुझे नहीं पर्सनली नहीं पसंद है
494019,218779,hi,9,121.15,122.35,1.2,/kaggle/working/Hindi-ASR-Whisper-Pipeline/artifacts/q1/preprocess/segments/494019_0009.wav,जी
494019,218779,hi,10,125.8,139.09,13.29,/kaggle/working/Hindi-ASR-Whisper-Pipeline/artifacts/q1/preprocess/segments/494019_0010.wav,मुझे पसंदीदा तो साड़ी है ऑल टाइम फेवरेट मैं साड़ी मैं घर में भी साड़ी बर करना पसंद करती हूँ बहार भी जाती हूँ तो साड़ी हलो मेरा पसंदिदा आउटफिट साड़ी है मुझे
494019,218779,hi,11,139.18,148.18,9.0,/kaggle/working/Hindi-ASR-Whisper-Pipeline/artifacts/q1/preprocess/segments/494019_0011.wav,साडी वेयर करना बहुत पसंद है मैं कई बाहर भी जाती हू तो साडी वेयर करती हू हेलो
494019,218779,hi,12,151.15,165.79,14.64,/kaggle/working/Hindi-ASR-Whisper-Pipeline/artifacts/q1/preprocess/segments/494019_0012.wav,हेलो साड़ी वेयर करना मेरा पसंदीदा आउटफिट है मैं कहीं भी जाती हूं साड़ी वेयर करती हूं मैं फ़ुल नेटवर्क में हूं शायद आपके नेटवर्क का इश्यू होगा
494019,218779,hi,14,174.61,177.1,2.49,/kaggle/working/Hindi-ASR-Whisper-Pipeline/artifacts/q1/preprocess/segments/494019_0014.wav,ह्म्म
494019,218779,hi,16,195.88,207.76,11.88,/kaggle/working/Hindi-ASR-Whisper-Pipeline/artifacts/q1/preprocess/segments/494019_0016.wav,ह्म्म वो ऐसा है जो कभी आउटडेटिंग ही नहीं होता है आप ऑल टाइम वियर कर सकते हैं उसे आजकल तो कुर्ते के साथ एक नया ट्रेंड चला है लोग जीन्स पे पहन लेते हैं
494019,218779,hi,19,231.04,244.84,13.8,/kaggle/working/Hindi-ASR-Whisper-Pipeline/artifacts/q1/preprocess/segments/494019_0019.wav,ऐसे तो किसी की कभी हसी नहीं उड़ाई मगर उर्वी जाफ़िद को देखके हमेशा हसी आती है उसके फैशन ट्रेंड को देखके वो जो ड्रेसेस वियर करती है जो पब्लिकली वियए करके आती है उसे देखके ज़रूर हसी आती ए
494019,218779,hi,20,244.9,252.13,7.23,/kaggle/working/Hindi-ASR-Whisper-Pipeline/artifacts/q1/preprocess/segments/494019_0020.wav,जो उसके ऊपर मीम्स बनते हैं उन्हें देखकर बढ़ी हंसी आती है सबसे ज़्यादा मीम्स बनते हैं फैशन पे उसी को लेकर
494019,218779,hi,21,263.5,264.76,1.26,/kaggle/working/Hindi-ASR-Whisper-Pipeline/artifacts/q1/preprocess/segments/494019_0021.wav,उसकी फैशन को लेकर
494019,218779,hi,22,274.06,277.6,3.54,/kaggle/working/Hindi-ASR-Whisper-Pipeline/artifacts/q1/preprocess/segments/494019_0022.wav,जी
494019,218779,hi,23,284.83,296.29,11.46,/kaggle/working/Hindi-ASR-Whisper-Pipeline/artifacts/q1/preprocess/segments/494019_0023.wav,जी फटी हुई जीन्स अभी एक तो मैंने मॉल में देखा था जो बोरे नहीं होते थे पहले पहले बोरे नहीं चलते थे हेलो जूट के बोरे जिसमें अनाज भरा जाता था पहले
494019,218779,hi,24,298.72,301.24,2.52,/kaggle/working/Hindi-ASR-Whisper-Pipeline/artifacts/q1/preprocess/segments/494019_0024.wav,उसके. कपड़े. मॉल में देखे थे मैंने
494019,218779,hi,25,303.85,309.01,5.16,/kaggle/working/Hindi-ASR-Whisper-Pipeline/artifacts/q1/preprocess/segments/494019_0025.wav,हां मोल में उस टाइप के कपड़े हैंग होना थोड़ा सा अजीब लगता है मगर
494019,218779,hi,26,311.35,317.8,6.45,/kaggle/working/Hindi-ASR-Whisper-Pipeline/artifacts/q1/preprocess/segments/494019_0026.wav,हाँ लोग रील्स के पीछे दीवाने हो वो रील्स फैशन से जोड़ देते है
494019,218779,hi,29,330.52,333.52,3.0,/kaggle/working/Hindi-ASR-Whisper-Pipeline/artifacts/q1/preprocess/segments/494019_0029.wav,हां सही है
494019,218779,hi,31,346.57,359.59,13.02,/kaggle/working/Hindi-ASR-Whisper-Pipeline/artifacts/q1/preprocess/segments/494019_0031.wav,नहीं नहीं ऐसा कुछ नहीं है कि किसी फैशन से नफरत है किसी फैशन से पति का लगाव है आप बताइए आपको यदि कुछ ऐसा हो तो जैसे पर्सनली ऐसा कुछ नहीं है कि इस चीज को मैं बहुत ज्यादा पसंद करती है इस चीज को पसंद नहीं करती
494019,218779,hi,32,360.19,361.63,1.44,/kaggle/working/Hindi-ASR-Whisper-Pipeline/artifacts/q1/preprocess/segments/494019_0032.wav,ऐसा कोई इश्यू नहीं मेरे साथ
494019,218779,hi,33,365.38,367.06,1.68,/kaggle/working/Hindi-ASR-Whisper-Pipeline/artifacts/q1/preprocess/segments/494019_0033.wav,आप बताइए आपको कोई चीज पसंद हो
494019,218779,hi,36,383.47,385.45,1.98,/kaggle/working/Hindi-ASR-Whisper-Pipeline/artifacts/q1/preprocess/segments/494019_0036.wav,ह्म्म सही
494019,218779,hi,37,396.01,409.63,13.62,/kaggle/working/Hindi-ASR-Whisper-Pipeline/artifacts/q1/preprocess/segments/494019_0037.wav,नहीं ऐसा कुछ नहीं किया हाँ साडियों को जरूर मैं नए नए स्टाइल में वेयर करती रहती हूँ जो नए ट्रेंड मुझे इस यूट्यूब पे कुछ ट्यूटोरियल जिखते हैं या कुछ इस होता है तो जब साड़ी पे जरूर प्लानिंग करती हूँ कि यार इसको इस तरह से वेयर किया जा सकता है इस तरह से
494019,218779,hi,38,410.32,412.48,2.16,/kaggle/working/Hindi-ASR-Whisper-Pipeline/artifacts/q1/preprocess/segments/494019_0038.wav,बाकी किसी और चीज के साथ नहीं किया मैंने ऐसा
494019,218779,hi,39,420.94,429.22,8.28,/kaggle/working/Hindi-ASR-Whisper-Pipeline/artifacts/q1/preprocess/segments/494019_0039.wav,आपको कोई से फैशन आईडीएस जो नए आपको लगते हो मेंस में तो वैसे ज़्यादा फैशन होती नहीं है टीशर्ट लोवर
494019,218779,hi,40,440.68,442.6,1.92,/kaggle/working/Hindi-ASR-Whisper-Pipeline/artifacts/q1/preprocess/segments/494019_0040.wav,आपकी आवज बहुत कटके आ रही है मुझे
494019,218779,hi,41,455.65,461.29,5.64,/kaggle/working/Hindi-ASR-Whisper-Pipeline/artifacts/q1/preprocess/segments/494019_0041.wav,ठीक है जी आपसे बात करके अच्छा लगा
494019,218779,hi,42,468.85,483.61,14.76,/kaggle/working/Hindi-ASR-Whisper-Pipeline/artifacts/q1/preprocess/segments/494019_0042.wav,तो डीआईवाई मैं आज कल जनरली क्या चल रहा है जीन्स पे साडी ट्रेंड पे चल रही है लोग सल्वार पे साडिया पहनते हैं कुर्ते के साडिया मैच करते हैं दुपटे की जगह लोग सूट पे साडिया पहनते हैं डीआईवाई में
494019,218779,hi,43,483.88,498.49,14.61,/kaggle/working/Hindi-ASR-Whisper-Pipeline/artifacts/q1/preprocess/segments/494019_0043.wav,सूट पे दुपट्टे के जगहे साडी वेयर करते हैं ऐसी एकले लैगिंग के उपर साडी वेयर करना ये सब डी_आई_वाई है लोगों को पसंद आता है एक बार एक्चुली मैने खुदने भी कुर्ते के साथ साडी वेयर करी थी काफी अच्छा लुक ला आता है
494019,218779,hi,44,499.81,501.88,2.07,/kaggle/working/Hindi-ASR-Whisper-Pipeline/artifacts/q1/preprocess/segments/494019_0044.wav,कभीकभी डी एम आई को फॉलो कोई किया जा सकता है
494019,218779,hi,45,506.17,511.87,5.7,/kaggle/working/Hindi-ASR-Whisper-Pipeline/artifacts/q1/preprocess/segments/494019_0045.wav,जी आपसे बात करकर अच्छा लगा आपका दिन शुभ हो धन्यवाद
494019,218779,hi,46,520.12,529.87,9.75,/kaggle/working/Hindi-ASR-Whisper-Pipeline/artifacts/q1/preprocess/segments/494019_0046.wav,हा अक्सर हम लोग शेयर करते रहते है आपस मे दोस्त के नही ये यह चीज़ अच्छी लगती है हां हम लोग अक्सर शेयर करते रहते बातें इस तरह से कभी खुद ट्राइ करते हैं उसके बाद दोस्तों को शेयर करते हैं
494019,218779,hi,47,533.14,537.16,4.02,/kaggle/working/Hindi-ASR-Whisper-Pipeline/artifacts/q1/preprocess/segments/494019_0047.wav,ह्म्म आपने कभी ऐसा कुछ फैशन ट्रेंड नया ट्राई किया हो अपने दोस्तों से शेयर किया हो
520199,494,hi,10,109.3,110.71,1.41,/kaggle/working/Hindi-ASR-Whisper-Pipeline/artifacts/q1/preprocess/segments/520199_0010.wav,जी बिल्कुल
520199,494,hi,13,133.6,138.25,4.65,/kaggle/working/Hindi-ASR-Whisper-Pipeline/artifacts/q1/preprocess/segments/520199_0013.wav,जी मैम मै वैसे मैं एक बेब सीरीज है इंदौरी
520199,494,hi,14,141.16,155.2,14.04,/kaggle/working/Hindi-ASR-Whisper-Pipeline/artifacts/q1/preprocess/segments/520199_0014.wav,जो देख के मैं इमोशनल हो गया था और मुझे रोना भी आ गया था क्योंकि उसमें जो हीरो होते हैं वो लड़की से प्यार करते हैं ठीक है और जब वो
520199,494,hi,15,155.41,159.16,3.75,/kaggle/working/Hindi-ASR-Whisper-Pipeline/artifacts/q1/preprocess/segments/520199_0015.wav,बाहर जाते हैं कही अपने शहर से दूसरे शहर बैठने जाते हैं
520199,494,hi,16,161.44,174.7,13.26,/kaggle/working/Hindi-ASR-Whisper-Pipeline/artifacts/q1/preprocess/segments/520199_0016.wav,फिर भी वो लड़का इन्हीं से प्यार करता और वो उन्हें कॉलेज में जितनी भी लड़की मिलती वो सबको इंग्नॉर करते जाता है ठीक लेकिन वो लड़का लड़की जो होती है एक्ट्रेस वो उन्हें इंग्नॉर करके वो
520199,494,hi,17,175.27,187.78,12.51,/kaggle/working/Hindi-ASR-Whisper-Pipeline/artifacts/q1/preprocess/segments/520199_0017.wav,उनका किसी और के साथ अफेयर्स चलता रहता है और उन्हें धोखा देती और उस चक्कर में वो लड़के बरबाद हो जाते हैं पूरी तरह से तो ये देख के मुझे काफी रोना आया था कि ऐसा नहीं होना चाहिए और मैं इमोशनल हो गया था
520199,494,hi,18,189.52,197.26,7.74,/kaggle/working/Hindi-ASR-Whisper-Pipeline/artifacts/q1/preprocess/segments/520199_0018.wav,उसके बाद बहुत सारी मूवीस है शिद्दत है कबीर सिंह है इन सबको देख के मुझे इमोशनल हो जाता है मुझे रोना आ जाता है
520199,494,hi,19,203.98,209.62,5.64,/kaggle/working/Hindi-ASR-Whisper-Pipeline/artifacts/q1/preprocess/segments/520199_0019.wav,नहीं नहीं अगला टॉपिक हम पढ़ते हैं यह सोचना की कोई कहां दिल को छु गई
520199,494,hi,20,211.81,214.24,2.43,/kaggle/working/Hindi-ASR-Whisper-Pipeline/artifacts/q1/preprocess/segments/520199_0020.wav,कोई ऐसा कहानी हो जो आपके दिल के छू गय होगें
520199,494,hi,23,251.95,254.11,2.16,/kaggle/working/Hindi-ASR-Whisper-Pipeline/artifacts/q1/preprocess/segments/520199_0023.wav,जी
520199,494,hi,24,259.63,263.56,3.93,/kaggle/working/Hindi-ASR-Whisper-Pipeline/artifacts/q1/preprocess/segments/520199_0024.wav,जी जी
520199,494,hi,27,291.97,295.21,3.24,/kaggle/working/Hindi-ASR-Whisper-Pipeline/artifacts/q1/preprocess/segments/520199_0027.wav,मैं इमोशनल हुआ था अभी हाल में एक एक मूवी आया था ट्वेल्थ फेल
520199,494,hi,28,297.64,311.2,13.56,/kaggle/working/Hindi-ASR-Whisper-Pipeline/artifacts/q1/preprocess/segments/520199_0028.wav,जो मैं वो कहानी मतलब स्टोरी ऐसा था मूवी की जो मुझे देख के इमोशनली मैं इमोशनल हो गया था कि वो जो लड़की उन्हें सपोर्ट करती है उन्हें एक कामयाब आएस जो बनाती है आपीएस
520199,494,hi,29,313.78,325.84,12.06,/kaggle/working/Hindi-ASR-Whisper-Pipeline/artifacts/q1/preprocess/segments/520199_0029.wav,जी तो वो कहानी बहुत ही अच्छा था मूवी और मुझे वो देखके काफी इमोशनल हो गया था तो आज के टाइम में ऐसी मतलब सपोर्टिव फ्रेंड या पार्टनर मिलना मुश्किल है आज के टाइम पे
520199,494,hi,30,328.0,330.4,2.4,/kaggle/working/Hindi-ASR-Whisper-Pipeline/artifacts/q1/preprocess/segments/520199_0030.wav,जी और हमारा नेस्ट टॉपिक है
520199,494,hi,31,333.55,335.5,1.95,/kaggle/working/Hindi-ASR-Whisper-Pipeline/artifacts/q1/preprocess/segments/520199_0031.wav,जी में अब अगला टॉपिक पढ़ेंगे आप
520199,494,hi,32,337.81,339.19,1.38,/kaggle/working/Hindi-ASR-Whisper-Pipeline/artifacts/q1/preprocess/segments/520199_0032.wav,जी
520199,494,hi,33,346.51,347.86,1.35,/kaggle/working/Hindi-ASR-Whisper-Pipeline/artifacts/q1/preprocess/segments/520199_0033.wav,जी मैम पढ़ेंगे फिर से एक बार
520199,494,hi,35,358.6,360.7,2.1,/kaggle/working/Hindi-ASR-Whisper-Pipeline/artifacts/q1/preprocess/segments/520199_0035.wav,आप बताएंगे मुझे कुछ समझ नहीं आया
520199,494,hi,36,367.63,370.93,3.3,/kaggle/working/Hindi-ASR-Whisper-Pipeline/artifacts/q1/preprocess/segments/520199_0036.wav,हा ऐसा होता है कि एक मूवी है कबीर सिंह
520199,494,hi,37,372.94,379.69,6.75,/kaggle/working/Hindi-ASR-Whisper-Pipeline/artifacts/q1/preprocess/segments/520199_0037.wav,जी जिसमें वो होता है कि एक कैक्टर्स होते हैं वो मेडिक्ल कॉलेज में मिलते हैं दोनों
520199,494,hi,38,382.81,396.55,13.74,/kaggle/working/Hindi-ASR-Whisper-Pipeline/artifacts/q1/preprocess/segments/520199_0038.wav,बट जब दोनों के शादी की बात होती है तो लड़की के फैमिली मना करते क्योंकि वो पंजाब अ नहीं मानते वो पंजाबी होते हैं आप भी शायद कबीर सिंह देखे होंगे जी तो फिर उस टाइम पे
520199,494,hi,39,396.61,410.29,13.68,/kaggle/working/Hindi-ASR-Whisper-Pipeline/artifacts/q1/preprocess/segments/520199_0039.wav,दुखद होता है क्योंकि वो इतना प्यार को उनसे शादी नहीं हुआ और लड़की भी इग्नोर कर दी थी लास्ट में जब वो एक्सेप्ट कर लेता लडका या लडकी भी एक्सेप्ट कर लेती है जिस टाइम
520199,494,hi,40,410.86,421.39,10.53,/kaggle/working/Hindi-ASR-Whisper-Pipeline/artifacts/q1/preprocess/segments/520199_0040.wav,वो प्रेगनेंट होती है एक्ट्रेस तो वो एक खुशी का माहौल होता है कि एक मतलब की सही हुआ कि मतलब एक्सेप्ट कर ली वो इस पे आप कुछ कहना चाहेंगे
520199,494,hi,41,435.91,437.17,1.26,/kaggle/working/Hindi-ASR-Whisper-Pipeline/artifacts/q1/preprocess/segments/520199_0041.wav,जी जी जी
522951,309629,hi,0,5.65,8.2,2.55,/kaggle/working/Hindi-ASR-Whisper-Pipeline/artifacts/q1/preprocess/segments/522951_0000.wav,लता मंगेश्वर के गाने सुनना पसंद करते हैं
522951,309629,hi,1,13.09,20.56,7.47,/kaggle/working/Hindi-ASR-Whisper-Pipeline/artifacts/q1/preprocess/segments/522951_0001.wav,हां वो तो नाइन्टीन नाइन्टीस के सॉन्ग हो गए ना मतलब जो पुराने सॉन्ग होते हो वो आपको ज्यादा पसंद है
522951,309629,hi,2,24.94,32.92,7.98,/kaggle/working/Hindi-ASR-Whisper-Pipeline/artifacts/q1/preprocess/segments/522951_0002.wav,बराबर है एस सर वो बारिश के मौसम के अंदर अगर हम बेटे तो हमें पुराने सॉन्ग सुनने में ज्यादा मज़ा आता है ऐसे
522951,309629,hi,4,49.15,52.03,2.88,/kaggle/working/Hindi-ASR-Whisper-Pipeline/artifacts/q1/preprocess/segments/522951_0004.wav,हां वो भी है बराबर है पुराना समान
522951,309629,hi,6,61.84,76.69,14.85,/kaggle/working/Hindi-ASR-Whisper-Pipeline/artifacts/q1/preprocess/segments/522951_0006.wav,हा क्योंकि पुराने सॉंग लोगों को हमारे जो आजू बाजु के लोगों होते है जो हमारा एटमॉस्फियर बना हुआ होता है उसके मुताबिक पुराने सॉन्ग लोगो ने सुने हुए होते है तो लोगों के अगर हम घर में भी बजा रहे हैं क्या हम बाहर मोहल्ले में बैठे हैं कहीं दुस्तों के पास
522951,309629,hi,7,77.2,88.57,11.37,/kaggle/working/Hindi-ASR-Whisper-Pipeline/artifacts/q1/preprocess/segments/522951_0007.wav,और हम बजा रहे तो हमें लोगों को भी सुनना अच्छा लगता है और हमें भी सुनना अच्छा लगता है इसलिए लोग कोई कुछ नहीं बोलता है और और नए सॉन्ग अगर हम शुरु करते और उसको बजाते हैं तो लोग
522951,309629,hi,8,88.93,94.18,5.25,/kaggle/working/Hindi-ASR-Whisper-Pipeline/artifacts/q1/preprocess/segments/522951_0008.wav,कोई लोग बोलते हैं कि क्या बजा रहा है और क्या सुन रहा है पर ऐसा है पर
522951,309629,hi,9,110.71,115.33,4.62,/kaggle/working/Hindi-ASR-Whisper-Pipeline/artifacts/q1/preprocess/segments/522951_0009.wav,हाँ वो तो है पहले पहले के सोंग और अब भी के सोंग में बहुत फर्क होने लगा है
522951,309629,hi,10,119.44,122.35,2.91,/kaggle/working/Hindi-ASR-Whisper-Pipeline/artifacts/q1/preprocess/segments/522951_0010.wav,तो आप इस बारे में कुछ तो दूसरा बताइये मुझे
522951,309629,hi,11,132.43,136.0,3.57,/kaggle/working/Hindi-ASR-Whisper-Pipeline/artifacts/q1/preprocess/segments/522951_0011.wav,हां
522951,309629,hi,12,140.77,153.46,12.69,/kaggle/working/Hindi-ASR-Whisper-Pipeline/artifacts/q1/preprocess/segments/522951_0012.wav,आज तो हमारे पास हमारे पास तो यू ट्यूब पे सब अवेलेबल है तो अगर पोप सुनना है तो हनी सिंह अगर वो शांती वाला म्यूजिक सुनना है तो हम जैसे आपने बताया कि पूराने गाने सुन लेते हैं
522951,309629,hi,13,153.82,158.74,4.92,/kaggle/working/Hindi-ASR-Whisper-Pipeline/artifacts/q1/preprocess/segments/522951_0013.wav,आज हमारे पास तो ऑप्शन अवेलेबल है तो हम जैसा मूड होता है वैसे गाने सुन लेते हैं
522951,309629,hi,14,179.14,181.87,2.73,/kaggle/working/Hindi-ASR-Whisper-Pipeline/artifacts/q1/preprocess/segments/522951_0014.wav,हाँ वो तो है फर्क है
522951,309629,hi,16,221.56,222.91,1.35,/kaggle/working/Hindi-ASR-Whisper-Pipeline/artifacts/q1/preprocess/segments/522951_0016.wav,हां बराबर है
522951,309629,hi,17,224.92,231.73,6.81,/kaggle/working/Hindi-ASR-Whisper-Pipeline/artifacts/q1/preprocess/segments/522951_0017.wav,मतलब आपने प्लेलिस्ट बनाई हुई है फोन में क्या अगर हम कहीं गाड़ी में जा रहे है तो ये सुनेगे और इस तरह से
522951,309629,hi,19,269.44,274.69,5.25,/kaggle/working/Hindi-ASR-Whisper-Pipeline/artifacts/q1/preprocess/segments/522951_0019.wav,अह बराबर है वो भी हो सकता है ह ह बराबर है आप
522951,309629,hi,20,278.53,286.27,7.74,/kaggle/working/Hindi-ASR-Whisper-Pipeline/artifacts/q1/preprocess/segments/522951_0020.wav,हाँ बराबर हैं आपकी बात बस बना कर रखना अच्छा वो रहता है जो जो हमें पसंद है वहीं बच बचता है मतलब टाइम पर
522951,309629,hi,21,289.78,295.69,5.91,/kaggle/working/Hindi-ASR-Whisper-Pipeline/artifacts/q1/preprocess/segments/522951_0021.wav,और आप नए गाने मतलब पूरा नहीं गाने सुनते हमेशा के नए गाने सुनते हैं कभीकभी
522951,309629,hi,22,310.84,317.17,6.33,/kaggle/working/Hindi-ASR-Whisper-Pipeline/artifacts/q1/preprocess/segments/522951_0022.wav,हाँ बराबर है मतलब जैसा मोड़ मूड़ के ऊपर डिपेंड करता है कि हम क्या सुनेंगे
522951,309629,hi,23,326.98,331.99,5.01,/kaggle/working/Hindi-ASR-Whisper-Pipeline/artifacts/q1/preprocess/segments/522951_0023.wav,क्या बोला आपने आवाज नाय नहीं आई.
522951,309629,hi,24,357.34,371.44,14.1,/kaggle/working/Hindi-ASR-Whisper-Pipeline/artifacts/q1/preprocess/segments/522951_0024.wav,हाँ वो बराबर है अलग अलग सब रखते हैं तो हमें तुरंत मिल जाता है मतलब हां बराबर हे तो आप पहले से ही मतलब अह्ह्ह सुनते हैं पुराने गाने के अभी अभी सुनने लगे
522951,309629,hi,25,397.6,406.15,8.55,/kaggle/working/Hindi-ASR-Whisper-Pipeline/artifacts/q1/preprocess/segments/522951_0025.wav,हुंह हुंह कॉमेडी अभी अच्छी नहीं आती है मतलब और पुरानी जो फिल्मे होती है उसमें सब आता था मतलब कोमेडी आती थी गाने भी अच्छे आते थे सब आता था
522951,309629,hi,27,425.56,427.39,1.83,/kaggle/working/Hindi-ASR-Whisper-Pipeline/artifacts/q1/preprocess/segments/522951_0027.wav,हां और
522951,309629,hi,28,432.28,445.87,13.59,/kaggle/working/Hindi-ASR-Whisper-Pipeline/artifacts/q1/preprocess/segments/522951_0028.wav,हाँ वो भी है और पहले का गाना सात आठ मिनट सात आँठ मिनिट का होता था फिर भी हमें सुनने को अच्छा लगता था आज के गाने जो दो मिनिट के तीन मिनट के होते हैं लेकिन अच्छा वो वो मज़ा नहीं आता अंदर सुनने के लिए
522951,309629,hi,30,455.02,456.64,1.62,/kaggle/working/Hindi-ASR-Whisper-Pipeline/artifacts/q1/preprocess/segments/522951_0030.wav,हम्म्म वो भी ट्रोफी के अंदर है
522951,309629,hi,31,466.93,476.02,9.09,/kaggle/working/Hindi-ASR-Whisper-Pipeline/artifacts/q1/preprocess/segments/522951_0031.wav,हा बचपन में वो तो है बचपन में हम लोग को याद नहीं रहता कि कौन सा और इस टाइम थोड़ी न हमारे पास मोबाइल या टीवी में सुना करते थे और जो भी आते थे वो
522951,309629,hi,32,480.34,492.37,12.03,/kaggle/working/Hindi-ASR-Whisper-Pipeline/artifacts/q1/preprocess/segments/522951_0032.wav,ठीक है ठीक है और दूसरा कुछ बताइए आप सपने जो हमारा विषय उस पर दूसरा कुछ
522951,309629,hi,33,496.69,499.33,2.64,/kaggle/working/Hindi-ASR-Whisper-Pipeline/artifacts/q1/preprocess/segments/522951_0033.wav,क्या हुआ
522951,309629,hi,34,502.69,515.14,12.45,/kaggle/working/Hindi-ASR-Whisper-Pipeline/artifacts/q1/preprocess/segments/522951_0034.wav,मैं अब मैं तो अपने मूड के ऊपर सुनता हूं गाने मतलब मैं नए गाने भी सुनता हूं पुराने गाने भी सुनता हूं और जो थोड़े पुराने मतलब 90 के नहीं मतलब
522951,309629,hi,35,515.14,529.57,14.43,/kaggle/working/Hindi-ASR-Whisper-Pipeline/artifacts/q1/preprocess/segments/522951_0035.wav,अभी दस बारा साल पुराने है ऐसे गाने भी सुनता हूं मैं अलग अलग मतलब अलग अलग गाने सुनना पसंद करता हूं कभी एस आरके शाहरुख खान के जो मूवी के गाने होते हैं वही सुनना पसंद कर देता हूं कई बार हनी सिंह के भी गाने सुनता हूं मैं
522951,309629,hi,36,530.53,537.37,6.84,/kaggle/working/Hindi-ASR-Whisper-Pipeline/artifacts/q1/preprocess/segments/522951_0036.wav,वो अलगअलग मतलब सुनता हूँ मैं अपने मूड के ऊपर रहकर ज्यादा पसंद तो मुझे भी पुराने गाने ही है
522951,309629,hi,37,539.44,544.15,4.71,/kaggle/working/Hindi-ASR-Whisper-Pipeline/artifacts/q1/preprocess/segments/522951_0037.wav,नए नए गाने इतने मतलब अच्छे नहीं होता है जो बाराव अभी
523045,197862,hi,0,0.79,4.36,3.57,/kaggle/working/Hindi-ASR-Whisper-Pipeline/artifacts/q1/preprocess/segments/523045_0000.wav,हम सर लता मंगेशकर के गाना सुनना पसंद करते हैं
523045,197862,hi,1,8.92,11.8,2.88,/kaggle/working/Hindi-ASR-Whisper-Pipeline/artifacts/q1/preprocess/segments/523045_0001.wav,हां और कंपनी बाय कुमार सानु
523045,197862,hi,2,18.04,23.59,5.55,/kaggle/working/Hindi-ASR-Whisper-Pipeline/artifacts/q1/preprocess/segments/523045_0002.wav,हां हां. हां तो पुराना ही है हा पुराने ही सॉन्ग बहुत पसंद है
523045,197862,hi,3,26.71,28.33,1.62,/kaggle/working/Hindi-ASR-Whisper-Pipeline/artifacts/q1/preprocess/segments/523045_0003.wav,हम्म प्राणा है कि इस
523045,197862,hi,4,33.64,38.08,4.44,/kaggle/working/Hindi-ASR-Whisper-Pipeline/artifacts/q1/preprocess/segments/523045_0004.wav,हां पुराने सॉन्ग हैं कि सर कि आप कहीं भी कहीं कहीं भी कभी भी बजा सकते हैं ना
523045,197862,hi,5,41.38,47.89,6.51,/kaggle/working/Hindi-ASR-Whisper-Pipeline/artifacts/q1/preprocess/segments/523045_0005.wav,पुराने सॉन्ग को आप कहीं भी कभी भी बजा सकते है उसमें कोई दिक्कत नहीं है लेकिन थोड़ा सोच समझ के बजाना पड़ता है न
523045,197862,hi,6,51.34,61.24,9.9,/kaggle/working/Hindi-ASR-Whisper-Pipeline/artifacts/q1/preprocess/segments/523045_0006.wav,पुराना सॉन्ग आप किसी के सामने कहीं भी बजा सकते है कोई कुछ नहीं कहेगा लेकिन आप ये गाना बजाएगा तो थोड़ा सा कुछ वो कहेंगे नहीं ये ऐसा गाना सुन रहा है ये वैसा गाना सुन रहा है उस में ना फरक होता है ना
523045,197862,hi,7,80.08,82.66,2.58,/kaggle/working/Hindi-ASR-Whisper-Pipeline/artifacts/q1/preprocess/segments/523045_0007.wav,में आपको
523045,197862,hi,8,93.49,104.23,10.74,/kaggle/working/Hindi-ASR-Whisper-Pipeline/artifacts/q1/preprocess/segments/523045_0008.wav,हू वो तो है अब तरह तरह के गाने आने लगे है न पहले था कि केवल हिंदी लोग सब सुनते थे लेकिन आप कुछ सब का अलग अलग अथि है सुनने का तरीका होता है न कुछ
523045,197862,hi,9,104.5,109.6,5.1,/kaggle/working/Hindi-ASR-Whisper-Pipeline/artifacts/q1/preprocess/segments/523045_0009.wav,अब हिंदी में भी है तो थोड़ा सा कुछ आ हट के आने लगा पहले के सॉन्ग में अब के सॉन्ग में बहुत फर्क होने लगा ना
523045,197862,hi,10,122.74,134.89,12.15,/kaggle/working/Hindi-ASR-Whisper-Pipeline/artifacts/q1/preprocess/segments/523045_0010.wav,एक है सर एक पहला टॉपिक हम लोग पसंदीदा शैलियों जैसे पॉप रॉक या क्लासिक सगल म्यूजिक के बारे में बात करना यह रॉक गाना होता है ना सर ये हनी सिंह का गाना जो है
523045,197862,hi,11,136.66,144.67,8.01,/kaggle/working/Hindi-ASR-Whisper-Pipeline/artifacts/q1/preprocess/segments/523045_0011.wav,वो सर गाना भी पसंद आता है जो हनी सिंह का एक और गाना रैप सॉंग रैप सॉंग जिसको बोलते हैं
523045,197862,hi,12,153.73,156.85,3.12,/kaggle/working/Hindi-ASR-Whisper-Pipeline/artifacts/q1/preprocess/segments/523045_0012.wav,REDACTED
523045,197862,hi,13,159.79,173.41,13.62,/kaggle/working/Hindi-ASR-Whisper-Pipeline/artifacts/q1/preprocess/segments/523045_0013.wav,हां सर वो तो है कोई नई बोला पुराना गाना आप कहीं भी बजा सकते हो कोई दिक्कत नहीं किसी का किसी भी माहौल में सब पसंदीदा गाना वही है पुराना वाला म्यूजिक आर्टिस्ट जो है ये
523045,197862,hi,14,173.71,187.06,13.35,/kaggle/working/Hindi-ASR-Whisper-Pipeline/artifacts/q1/preprocess/segments/523045_0014.wav,ये म्यूजिक वही हुआ जो पसंद पहले का थोड़ा सा अलग होता है ना अब का में और पहले में फर्क है ना और सर ये एक नीचे है प्लेलिस्ट और म्यूजिक
523045,197862,hi,15,187.09,201.88,14.79,/kaggle/working/Hindi-ASR-Whisper-Pipeline/artifacts/q1/preprocess/segments/523045_0015.wav,सिफारिशो शेयर करना सर मेरे बोले कि मेरा पहले पहले का गाना है मेरा सर प्ले लिस्ट में यही सब पुराना पुराना वाला ही गाना है अब थोड़ा सा भक्ति गाना है वह भी पुराना ही वाला है और हिंदी गाना मिलेगा और
523045,197862,hi,16,201.91,216.31,14.4,/kaggle/working/Hindi-ASR-Whisper-Pipeline/artifacts/q1/preprocess/segments/523045_0016.wav,भक्ति गाना मिलेगा तो वह भी पुराना ही वाला सब कहा भी कभी भी होता है सुनने का मन जैसे की सफर का गाना हो गया मतलब रास्ता में जा रहे हैं उसका गाना सुन सकते हैं आप बरसात के मौसम में उसका गाना सुन सकते हैं कहीं पे शादीविवाह है उसका गाना बजा सकते है
523045,197862,hi,17,216.7,220.45,3.75,/kaggle/working/Hindi-ASR-Whisper-Pipeline/artifacts/q1/preprocess/segments/523045_0017.wav,थोड़ा सा अलगअलग प्ले लिस्ट में है थोड़ा सा अलगअलग तरीका से किए है
523045,197862,hi,18,223.45,224.98,1.53,/kaggle/working/Hindi-ASR-Whisper-Pipeline/artifacts/q1/preprocess/segments/523045_0018.wav,त
523045,197862,hi,19,227.68,241.72,14.04,/kaggle/working/Hindi-ASR-Whisper-Pipeline/artifacts/q1/preprocess/segments/523045_0019.wav,हां हां वो सब उसका अलगअलग है ना भक्ति के लिए अलग है तो भक्ति में भी है कि थोड़ा सा यह इतना है तो ज्यादा खोजना नहीं पड़ता है सर कि हम यह गांव कहां पर है नहीं तो बजा रहे थे हिंदी गाना और वह
523045,197862,hi,20,241.72,255.04,13.32,/kaggle/working/Hindi-ASR-Whisper-Pipeline/artifacts/q1/preprocess/segments/523045_0020.wav,हिंदी से भक्ति में चले गए भक्ति से थोड़ा पाता चला गया थोड़े सा फिर दूसरा में चले गये जैसे कि सभी प्रकार के गाना सुनते हैं न कि जो गाना पोपुलर हो गया जैसे की हिंदी हो गया नागपुरी हो गया भोजपुरी हो गया तो वो जो
523045,197862,hi,21,255.19,269.11,13.92,/kaggle/working/Hindi-ASR-Whisper-Pipeline/artifacts/q1/preprocess/segments/523045_0021.wav,पॉपुलर हो गया वो डाउनलोड कर देते है तो सब का अलगअलग ना है यह तो सुन रहे थे भक्ति है और आगे फिर यहा पे हिंदी मे और फिर पता चला के दोतीन गाना हिंदी हिंदी बजा तो भोजपुरी मे चला गया तो वो नही ना होगा का कहेगा कि यहा बजा रहता था फिलहाल वहा चला गया
523045,197862,hi,22,270.73,277.75,7.02,/kaggle/working/Hindi-ASR-Whisper-Pipeline/artifacts/q1/preprocess/segments/523045_0022.wav,यह उसके लिए सब करके रखना पड़ता है ना प्ले लिस्ट बनाना पड़ता है उसके लिए थोड़ा सा बना आप दिए थोड़ा
523045,197862,hi,23,280.96,283.69,2.73,/kaggle/working/Hindi-ASR-Whisper-Pipeline/artifacts/q1/preprocess/segments/523045_0023.wav,हम्म हम्म
523045,197862,hi,24,286.93,294.37,7.44,/kaggle/working/Hindi-ASR-Whisper-Pipeline/artifacts/q1/preprocess/segments/523045_0024.wav,यह तो है एक का पास हूं
523045,197862,hi,25,297.1,307.84,10.74,/kaggle/working/Hindi-ASR-Whisper-Pipeline/artifacts/q1/preprocess/segments/523045_0025.wav,नहीं नए गाने सुनते हैं जो जैसे कि ट्रेंड जो कर रहा है जो आया है फिलहाल ना वो सुनके छोड़ देते हैं जिसकी पुराना वाला था जो पसंद आया तो उसको डाउनलोड कर लेंगे नहीं पसंद आया तो छोड़ देंगे
523045,197862,hi,26,312.64,327.52,14.88,/kaggle/working/Hindi-ASR-Whisper-Pipeline/artifacts/q1/preprocess/segments/523045_0026.wav,ऐसा है कि जो पसंद है उसके डाउनलोड कर लेंगे हा मूड के ऊपर डिपेंड करता है और कैसा कहना है बस वो डाउनलोड करके वो प्ले लिस्ट में डाल देंगे ताकि फिर खोजना ना पड़े यह होता है ना
523045,197862,hi,27,328.78,342.01,13.23,/kaggle/working/Hindi-ASR-Whisper-Pipeline/artifacts/q1/preprocess/segments/523045_0027.wav,जैसे कि जैसे की गाना डाउनलोड की है उसके बाद फिर वो पसंद जो गाना आ गया हमको वो फिर प्ले लिस्ट में डाल देता है फिर खोजना हमको न पड़े फिर वो गाना कहां पे आए
523045,197862,hi,28,342.07,357.01,14.94,/kaggle/working/Hindi-ASR-Whisper-Pipeline/artifacts/q1/preprocess/segments/523045_0028.wav,इस फाइल में चला गया जो जो भी आप है उसमें डाल देंगे याद से थोड़ याद करके डाल देंगे या आप यह प्लेलिस्ट में चल जाएगा और उस प्लेलिस्ट में डाल देंगे थोड़ा सा अलग हो लगता सब
523045,197862,hi,29,362.02,376.12,14.1,/kaggle/working/Hindi-ASR-Whisper-Pipeline/artifacts/q1/preprocess/segments/523045_0029.wav,हा यह थोड़ा होता है ना नहीं पहले ही सही सुनते आ रहे हैं तो जिसे कि हम लोग में लगभग
523045,197862,hi,30,376.12,390.01,13.89,/kaggle/working/Hindi-ASR-Whisper-Pipeline/artifacts/q1/preprocess/segments/523045_0030.wav,दो हजार बारह से ग्यारह से लगभग हम लोग सुन रहे थे पुराना गाना अब तो अब न नया नया बहुत सारा का गाना आ गया पहले तो यही अलग ही था पहले का गाना सर अभी सुन सुन सकते हैं जैसे कि पुराना फिल्म पसंद आता था
523045,197862,hi,31,390.13,396.7,6.57,/kaggle/working/Hindi-ASR-Whisper-Pipeline/artifacts/q1/preprocess/segments/523045_0031.wav,आपके फिल्म में ज़्यादा थोड़ा सा गजब होता है पुराना फिल्म में कहानी रहता था अब के फिल्म में थोड़ा सा ज़्यादा कॉमेडी या आने लगा है
523045,197862,hi,32,399.52,403.06,3.54,/kaggle/working/Hindi-ASR-Whisper-Pipeline/artifacts/q1/preprocess/segments/523045_0032.wav,हां
523045,197862,hi,33,406.18,418.6,12.42,/kaggle/working/Hindi-ASR-Whisper-Pipeline/artifacts/q1/preprocess/segments/523045_0033.wav,मतलब पहले की गाना जो भी था एक टोपिक है हम लोग का पसंदीता गानों के पीछे का मतलब को समझना पहले की गाना था उस पहले का गाना था उसका मतलब भी समझ में आ रहा था अब का गाना है कि पता भी नहीं चलता क्या गा रहा है बस
523045,197862,hi,34,419.08,431.92,12.84,/kaggle/working/Hindi-ASR-Whisper-Pipeline/artifacts/q1/preprocess/segments/523045_0034.wav,हां चल दिया दो से तीन बतियाना होता है बात पहले जैसा था न आठ मिनट तीन मिनट सात मिनट दस मिनट तय आता था क्या कहना चाह रहे है उसका भी मुझे सा समझ में आ रहा था पता नहीं चलता है न क्या कह रहा है
523045,197862,hi,35,433.96,442.57,8.61,/kaggle/working/Hindi-ASR-Whisper-Pipeline/artifacts/q1/preprocess/segments/523045_0035.wav,हूं तो वो भी है
523045,197862,hi,36,444.67,456.67,12.0,/kaggle/working/Hindi-ASR-Whisper-Pipeline/artifacts/q1/preprocess/segments/523045_0036.wav,हा ये तो है यह एक है न बचपन की गानों पर विचार करना है
523045,197862,hi,37,457.45,466.51,9.06,/kaggle/working/Hindi-ASR-Whisper-Pipeline/artifacts/q1/preprocess/segments/523045_0037.wav,हा यह तो है तो बचपन में भी जो भी गाना सुने तो वो थोड़ा बहुत है लेकिन मतलब वो उतना याद नहीं है कि बचपन कौन कैसा गाना था बस गाना से गा गाना था
523045,197862,hi,38,476.05,482.89,6.84,/kaggle/working/Hindi-ASR-Whisper-Pipeline/artifacts/q1/preprocess/segments/523045_0038.wav,हां ये तो है
523045,197862,hi,39,486.82,489.28,2.46,/kaggle/working/Hindi-ASR-Whisper-Pipeline/artifacts/q1/preprocess/segments/523045_0039.wav,हम्म
523045,197862,hi,40,491.65,505.3,13.65,/kaggle/working/Hindi-ASR-Whisper-Pipeline/artifacts/q1/preprocess/segments/523045_0040.wav,और कुछ बताइए सर जो बचपन मे आप ज़्यादा गाना सुनते होंगे किस प्रकार का गाना सुनते हैं आप अपना बताइए कि कैसा गाना सुनना पसंद करते हैं
523045,197862,hi,41,517.9,520.42,2.52,/kaggle/working/Hindi-ASR-Whisper-Pipeline/artifacts/q1/preprocess/segments/523045_0041.wav,हां
523045,197862,hi,42,538.87,544.12,5.25,/kaggle/working/Hindi-ASR-Whisper-Pipeline/artifacts/q1/preprocess/segments/523045_0042.wav,हूं हूं.
526266,286851,hi,0,1.69,15.7,14.01,/kaggle/working/Hindi-ASR-Whisper-Pipeline/artifacts/q1/preprocess/segments/526266_0000.wav,हां जी पहले बात करते हैं विवाह की तो इस मुवी में अ मुझे रोना आता है इसी वजह से कि अ हिरोइन जो होती है वो उनका मां बाप दोनों मर चुके होते हैं
526266,286851,hi,1,15.76,28.33,12.57,/kaggle/working/Hindi-ASR-Whisper-Pipeline/artifacts/q1/preprocess/segments/526266_0001.wav,और उनको उनके चाचा चाची ने पालते हैं और फिर उन अ ओ मां के लिए तरसते हैं जब वो उनसे चाची से प्यार आ प्यार पाने के लिए लेकिन उनके चाची ने उनसे प्यार नहीं करते हैं
526266,286851,hi,2,28.45,41.32,12.87,/kaggle/working/Hindi-ASR-Whisper-Pipeline/artifacts/q1/preprocess/segments/526266_0002.wav,उनके छोटे बेटी जो काले रंग की है तो वो उनसे जलती है ठीक है तो फिर जब उनका शादी होने वाला था उनके अ उनके तो शादी
526266,286851,hi,3,41.32,54.43,13.11,/kaggle/working/Hindi-ASR-Whisper-Pipeline/artifacts/q1/preprocess/segments/526266_0003.wav,कल था जो आज के दिन होता है ना जो मंगलकृत्य होता है उसी दिन उनके घर पे आग लग जाती है तो फिर हीरोइन ने उनके बहन को बचाने के लिए भाग के जा
526266,286851,hi,4,54.43,68.98,14.55,/kaggle/working/Hindi-ASR-Whisper-Pipeline/artifacts/q1/preprocess/segments/526266_0004.wav,कहते हैं उनको फिर बचा लेते हैं और फिर आ जब वो दोनों नीचे आते हैं तो उनके ऊपर उनका घर का वो जो लकड़ी का कुछ बना था ना ऊपर तो वो उनके ऊपर गिर जाता है हीरोइन के ऊपर गिर जाता है छोटी बहन को
526266,286851,hi,5,69.01,83.41,14.4,/kaggle/working/Hindi-ASR-Whisper-Pipeline/artifacts/q1/preprocess/segments/526266_0005.wav,कर लेते हैं तो फिर उनका जो बदन है ना वो जल जाता है तो फिर मेडिकल में जाकर उनका चाची जब देखते उनका चाची के आंखों के सामने ये सब हुआ ना जब उनके चाची ने देखा तो अ
526266,286851,hi,6,84.01,98.08,14.07,/kaggle/working/Hindi-ASR-Whisper-Pipeline/artifacts/q1/preprocess/segments/526266_0006.wav,बहुत रियलाइज किये कि मैं कितना लड़की को कितना गलत समझ रही थी उससे प्यार नहीं किया उसका शादी होने वाला था इस सब विदाई होने वाली थी और ये सब क्या घट गया मेरे लिए तो फिर उनके चाचा ने बोलते थे उसके खुब
526266,286851,hi,7,98.14,112.39,14.25,/kaggle/working/Hindi-ASR-Whisper-Pipeline/artifacts/q1/preprocess/segments/526266_0007.wav,खूबसूरत बदन के लेके आप जलते थे लो उनका बदन ही जल गया पूरा चाचा जी बोलते थे उनके चाची को तो ये सीन देखकर मेरे को बहुत रोना आया और फिर ओजो हीरो होता है ना अ ओ उसको
526266,286851,hi,8,112.39,125.41,13.02,/kaggle/working/Hindi-ASR-Whisper-Pipeline/artifacts/q1/preprocess/segments/526266_0008.wav,उम्म.पीछे डाल के कि उनका बदन कितना जल गया है क्या भी हुआ जो भी हो तो उनसे प्यार करते थे न उसको साइड में रख के उनसे शादी कर लिया तो ये देख के बहुत रोना आया मेरे को
526266,286851,hi,9,129.13,132.25,3.12,/kaggle/working/Hindi-ASR-Whisper-Pipeline/artifacts/q1/preprocess/segments/526266_0009.wav,तो फिर आपको कौन सि फिलिम आह लगा बोलिए
526266,286851,hi,12,152.2,153.67,1.47,/kaggle/working/Hindi-ASR-Whisper-Pipeline/artifacts/q1/preprocess/segments/526266_0012.wav,जी
526266,286851,hi,13,158.98,160.84,1.86,/kaggle/working/Hindi-ASR-Whisper-Pipeline/artifacts/q1/preprocess/segments/526266_0013.wav,जी
526266,286851,hi,16,196.66,201.55,4.89,/kaggle/working/Hindi-ASR-Whisper-Pipeline/artifacts/q1/preprocess/segments/526266_0016.wav,अच्छा ठीक है और कुछ बताना है आपको इस बारे में
526266,286851,hi,18,210.58,212.74,2.16,/kaggle/working/Hindi-ASR-Whisper-Pipeline/artifacts/q1/preprocess/segments/526266_0018.wav,जी बताईए
526266,286851,hi,19,216.22,230.14,13.92,/kaggle/working/Hindi-ASR-Whisper-Pipeline/artifacts/q1/preprocess/segments/526266_0019.wav,हां कहानी हां एक विवाह इसी में होता है कि उनके फैमिली में कोई नहीं होते हैं ठीक है उनके पिताजी एक ही होते हैं
526266,286851,hi,20,230.17,245.02,14.85,/kaggle/working/Hindi-ASR-Whisper-Pipeline/artifacts/q1/preprocess/segments/526266_0020.wav,तो तो फिर वो ही कम उम्र में गुजर जाते हैं तो ये दो बहन होते हैं एक छोटा भाई होता है तो उनके बड़े बहन का क्या करते हैं उनका अ मंगनी हो जाता है और फिर क्या होता है उनका पिताजी चले चल बसते हैं
526266,286851,hi,21,245.17,259.84,14.67,/kaggle/working/Hindi-ASR-Whisper-Pipeline/artifacts/q1/preprocess/segments/526266_0021.wav,और फिर वो दोनों भाई बहन को पढ़ाने के लिए शादी ही नहीं करते हैं उनसे लेकिन वो जो अ उनके मंगेतर है ना उनसे बहुत प्यार करते हैं उनको सपोर्ट करते हैं तो फिर उनके बड़े भाई ने बहुत मेहनत किया और म्यूजिक स्कूल खोले
526266,286851,hi,22,260.2,275.08,14.88,/kaggle/working/Hindi-ASR-Whisper-Pipeline/artifacts/q1/preprocess/segments/526266_0022.wav,बच्चे को म्यूजिक सिखाए और आ ऐसे करके बहन और भाई दोनों को पढ़ाई किए और फिर बहन को भी शादी करवाए भाई को भी शादी करवाए उस आ उस समय तक आ वो जो हते है ना उनके मंगेतर उनके वेट कर
526266,286851,hi,23,275.08,288.58,13.5,/kaggle/working/Hindi-ASR-Whisper-Pipeline/artifacts/q1/preprocess/segments/526266_0023.wav,रहे उनको तो फिर उन दोनों छोटे भाई बहन का शादी हो गया फिर इन दोनों का शादी हुआ ठीक है वैसे ही आप कुछ बताइए
526266,286851,hi,24,292.99,301.0,8.01,/kaggle/working/Hindi-ASR-Whisper-Pipeline/artifacts/q1/preprocess/segments/526266_0024.wav,जी.
526266,286851,hi,25,308.74,315.76,7.02,/kaggle/working/Hindi-ASR-Whisper-Pipeline/artifacts/q1/preprocess/segments/526266_0025.wav,जी
526266,286851,hi,27,332.5,344.77,12.27,/kaggle/working/Hindi-ASR-Whisper-Pipeline/artifacts/q1/preprocess/segments/526266_0027.wav,जी जी अम्म दुःखद अंत और खुशहाल अंत की तुलना करें तो इस बारे में आप पहले बताईए
526266,286851,hi,28,348.79,355.45,6.66,/kaggle/working/Hindi-ASR-Whisper-Pipeline/artifacts/q1/preprocess/segments/526266_0028.wav,दुखद अंत और खुशाल अंत दुख और खुशी के बारे में बात करना है फिलींग के
526266,286851,hi,29,357.82,367.75,9.93,/kaggle/working/Hindi-ASR-Whisper-Pipeline/artifacts/q1/preprocess/segments/526266_0029.wav,इन दोनों का कम्पेयर करें आप कौन से सीन में आपको दुख लगा कौन से सीन में खुशी लगा उन दोनों का कंपेयर करें
526266,286851,hi,30,381.07,382.09,1.02,/kaggle/working/Hindi-ASR-Whisper-Pipeline/artifacts/q1/preprocess/segments/526266_0030.wav,जी
526266,286851,hi,32,392.47,394.27,1.8,/kaggle/working/Hindi-ASR-Whisper-Pipeline/artifacts/q1/preprocess/segments/526266_0032.wav,जी जी
526266,286851,hi,34,419.41,434.38,14.97,/kaggle/working/Hindi-ASR-Whisper-Pipeline/artifacts/q1/preprocess/segments/526266_0034.wav,हूं नहीं ये तो मैं कहना चाहूँगी कि उन दोनों का फिर से मिलन हो गया फिर उन दोनों का शादी भी हो गया कुछ गलत फेमी के वजह से अह शाहिद कपूर ने उनसे गुस्स
526266,286851,hi,35,434.38,448.21,13.83,/kaggle/working/Hindi-ASR-Whisper-Pipeline/artifacts/q1/preprocess/segments/526266_0035.wav,इसे ओर फिर ठीक हो गया उनके पेट में पल रहा बच्चा उनका था लेकिन वो सोच रहे थे कि उनका सादी हो चुका है और फिर बच्चा उनका नहीं है
526266,286851,hi,36,450.04,454.63,4.59,/kaggle/working/Hindi-ASR-Whisper-Pipeline/artifacts/q1/preprocess/segments/526266_0036.wav,हां तो जब पता चला फिर दोनों ने खुशी खुशी शादी कर ली एक साथ रुके
526266,286851,hi,37,457.15,458.35,1.2,/kaggle/working/Hindi-ASR-Whisper-Pipeline/artifacts/q1/preprocess/segments/526266_0037.wav,यही है ना आपकी स्टोरी
526266,286851,hi,38,460.72,465.37,4.65,/kaggle/working/Hindi-ASR-Whisper-Pipeline/artifacts/q1/preprocess/segments/526266_0038.wav,ओके और फिर नेक्स्ट टॉपिक के बारे में बात करते हैं
526266,286851,hi,39,469.03,476.02,6.99,/kaggle/working/Hindi-ASR-Whisper-Pipeline/artifacts/q1/preprocess/segments/526266_0039.wav,एक्ट्रेस के एक्ट्रेस के असरदार परफॉर्मेन्स
537776,219813,hi,0,0.06,11.97,11.91,/kaggle/working/Hindi-ASR-Whisper-Pipeline/artifacts/q1/preprocess/segments/537776_0000.wav,लेकिन हमारा को लक्ष नहीं होता लेकिन जब हम ना को लक्ष्य बना लेते हैं तो कोई और दूसरा सपना नई देखते हैं चाहते हैं कि जो हमने लक्ष्य तय किया है उसको हम पूरा करें
537776,219813,hi,2,28.26,35.7,7.44,/kaggle/working/Hindi-ASR-Whisper-Pipeline/artifacts/q1/preprocess/segments/537776_0002.wav,हमारा पहला टॉपिक है बचपन में आपकी कल्पना में भविष्य का मै कैसा दिखता था
537776,219813,hi,3,40.98,55.38,14.4,/kaggle/working/Hindi-ASR-Whisper-Pipeline/artifacts/q1/preprocess/segments/537776_0003.wav,तो बचपन में हम सोचते थे कि भविष्य में जाकर हम बहुत ज्यादा ऐसे कार्य करेंगे जिससे कि लोगों से में प्रोत्साहन मिले लोग हम हमें एक अपना आई डियल आईडल माने
537776,219813,hi,4,55.53,70.2,14.67,/kaggle/working/Hindi-ASR-Whisper-Pipeline/artifacts/q1/preprocess/segments/537776_0004.wav,जैसे कि कभी हम सोक्स सोचते थे हम ऐसे डॉक्टर बनेंगे जो सभी का फ्री में इलाज करेंगे हम एक ऐसे इंजीनियर बनेंगे जो ऐसे सॉफ्टवेयर बनाएंगे ऐसे गैजेट्स बनाएंगे जिनका इस्तेमाल इस्तेमाल
537776,219813,hi,5,70.62,79.23,8.61,/kaggle/working/Hindi-ASR-Whisper-Pipeline/artifacts/q1/preprocess/segments/537776_0005.wav,आम आदमी कर सकें लेकिन जैसे जैसे हम बड़े होते जाते हैं वो सपने एक सपने ही बने रहते हैं
537776,219813,hi,6,84.51,90.15,5.64,/kaggle/working/Hindi-ASR-Whisper-Pipeline/artifacts/q1/preprocess/segments/537776_0006.wav,तो आपको नहीं क्या सोचा था बचपन में कि आप भविष्य में कैसे होंगे
537776,219813,hi,10,138.81,153.6,14.79,/kaggle/working/Hindi-ASR-Whisper-Pipeline/artifacts/q1/preprocess/segments/537776_0010.wav,यही होता है बचपन में तो हम काफी सपने देख लेते हैं लेकिन जब बड़े होते हैं जब उन्हें उन सपनों को पूरा करने का समय आता है तो हमें पता चलता है कि इतने सारे सपने हम एक साथ पूरे नहीं कर सकते हमें कोई एक सपना
537776,219813,hi,11,153.63,163.83,10.2,/kaggle/working/Hindi-ASR-Whisper-Pipeline/artifacts/q1/preprocess/segments/537776_0011.wav,ना चुनना पड़ेगा और उस सपने को पूरे कर. पूरे कर. पूरा करने के लिए हमें उस सपने से रिलेटेड ही हमें कार्य करने पड़ेंगे
537776,219813,hi,12,168.84,177.96,9.12,/kaggle/working/Hindi-ASR-Whisper-Pipeline/artifacts/q1/preprocess/segments/537776_0012.wav,हमारा दूसरा जो सब्जेक्ट है इन दिनों में कौन सा व्यक्तिगत लक्ष्य है जो आपको सुबह ऊर्जा से भर देता है
537776,219813,hi,13,180.6,184.56,3.96,/kaggle/working/Hindi-ASR-Whisper-Pipeline/artifacts/q1/preprocess/segments/537776_0013.wav,तो आप बताना चाहेंगे कोई
537776,219813,hi,14,219.75,231.48,11.73,/kaggle/working/Hindi-ASR-Whisper-Pipeline/artifacts/q1/preprocess/segments/537776_0014.wav,जी वो ही बात है अगर हमारे पास कोई लक्ष्य नहीं होगा तो हम यह सोचेंगे कि थोड़ी देर और सो लेते हैं थोड़ी देर बाद में उठ जाएंगे क्योंकि पूरे दिन करने के लिए कोई काम तो
537776,219813,hi,15,231.72,245.85,14.13,/kaggle/working/Hindi-ASR-Whisper-Pipeline/artifacts/q1/preprocess/segments/537776_0015.wav,है नहीं लेकिन जब हमारे पास कोई लक्ष्य होता है तो हम उसे पूरा करने के लिए जल्दी भी उड़ते हैं और अपने जो उत्साह भी होता है कि हम ये काम करेंगे जैसे किसान का यह एग्जांपल लेत
537776,219813,hi,16,245.85,260.22,14.37,/kaggle/working/Hindi-ASR-Whisper-Pipeline/artifacts/q1/preprocess/segments/537776_0016.wav,लेते हैं अगर किसान किसी फ़सल को बोता है तो उसके पीछे कई मेहनत होती हैं वह सुबह जल्दी उठता है बड़ी उत्साह के साथ अं उठता है और अपनी खेत की साफ सफाई करता है उसमें अलगअलग तरह के
537776,219813,hi,17,260.22,274.83,14.61,/kaggle/working/Hindi-ASR-Whisper-Pipeline/artifacts/q1/preprocess/segments/537776_0017.wav,एक फर्टिलाइजर डालता है उसमें खाद डालता है और ऐसे करके वो जो अपना सपना देखता है कि इस तरह में अपने जो पेदावार होगी वो सबसे ज्यादा करूंगा सबसे अच्छी गुणवता के क
537776,219813,hi,18,274.83,283.29,8.46,/kaggle/working/Hindi-ASR-Whisper-Pipeline/artifacts/q1/preprocess/segments/537776_0018.wav,रोऊंगा तो उस तरीके से अगर हमारे जीवन में कोई सपने होते हैं तभी हमारे जो सुबह है वह बहुत उत्साह के साथ भरी होती है
537776,219813,hi,19,287.04,295.02,7.98,/kaggle/working/Hindi-ASR-Whisper-Pipeline/artifacts/q1/preprocess/segments/537776_0019.wav,अगला है हमारा वर्षों में सफलता की आपकी परिभाषा किस तरह बदल गई है
537776,219813,hi,20,298.11,310.68,12.57,/kaggle/working/Hindi-ASR-Whisper-Pipeline/artifacts/q1/preprocess/segments/537776_0020.wav,तो पहले क्या होता था हम उम्म ऐसे सोचते थे कि कोई भी अगर हमें सफलता प्राप्त करनी है तो उसके लिए हमें मेहनत करनी पड़ेगी लेकिन जैसेजैसे हम बड़े हुए
537776,219813,hi,21,310.8,324.54,13.74,/kaggle/working/Hindi-ASR-Whisper-Pipeline/artifacts/q1/preprocess/segments/537776_0021.wav,हमें पता चला कि हमें मेहनत नहीं करनी मैं स्मार्ट वर्क भी करना यानि एक के लिए जो मेहनत है वह कुछ नहीं कर सकती अगर आपको सही तरीके से आपने मेहनत नहीं की तो वह मेहनत
537776,219813,hi,22,324.6,338.97,14.37,/kaggle/working/Hindi-ASR-Whisper-Pipeline/artifacts/q1/preprocess/segments/537776_0022.wav,काम में तो आएगी लेकिन उतना ज्यादा इफेक्टिव नहीं होगी जैसे कि हम बोर्ड एग्जाम का मान ले तो उसमें क्या होता है कि अगर हम पूरी किताब को बड़ी सीरियसली पढ़ेंगे तो उसमें उतना ज्यादा हम
537776,219813,hi,23,339.0,353.97,14.97,/kaggle/working/Hindi-ASR-Whisper-Pipeline/artifacts/q1/preprocess/segments/537776_0023.wav,परिणाम नहीं ला सकते जितना ज्यादा हम एनलाइज करेंगे कि पिछले प्रशन पत्रों में क्या आया हुआ है तो इस तरह सफलत जो है वो केवल मेहनत से नहीं स्मार्ट वर्क से भी प्राप्त की जा सकती
537776,219813,hi,27,400.32,410.37,10.05,/kaggle/working/Hindi-ASR-Whisper-Pipeline/artifacts/q1/preprocess/segments/537776_0027.wav,अगला है आपके तरफ कौन सी सक्ति पारिवारिक जिम्मेदारी जनून या जिज्ञासा आपको सबसे अधिक प्रेरित करती है
537776,219813,hi,28,414.84,428.97,14.13,/kaggle/working/Hindi-ASR-Whisper-Pipeline/artifacts/q1/preprocess/segments/537776_0028.wav,जैसे हम जब अ छोटे थे तो हमारे ऊपर कोई जिम्मेदारी नहीं थी लेकिन जैसेजैसे हम बड़े हुए युवा हुए तो परिवार के जिम्मेदारियां भी आई जैसे पिता के जो
537776,219813,hi,29,429.15,443.16,14.01,/kaggle/working/Hindi-ASR-Whisper-Pipeline/artifacts/q1/preprocess/segments/537776_0029.wav,पिताजी जो काम करते हैं अगर उनको हम हाथ बटाएंगे हम भी कोई जॉब करेंगे या कोई काम करेंगे तो उनको भी उतना ज्यादा कमाना नहीं पड़ेगा और वो भी एक तरीके से
537776,219813,hi,30,443.16,451.02,7.86,/kaggle/working/Hindi-ASR-Whisper-Pipeline/artifacts/q1/preprocess/segments/537776_0030.wav,उनको हाथ बटा सकेंगे अगर कोई घर में प्रॉब्लम भी होती है तो उसमें हम अपनी जिम्मेदारी निभा पाएंगे
537776,219813,hi,33,497.7,511.83,14.13,/kaggle/working/Hindi-ASR-Whisper-Pipeline/artifacts/q1/preprocess/segments/537776_0033.wav,अगर परिवार मोटिवेट नहीं करेगा तो कोई भी व्यक्ति उतना ज्यादा परिवार नहीं करेगा वह बीच में अपने लक्ष्य को सोच सके है लेकिन एक परिवार होता है जो उसको समय समय पर मोटिवेट करते
537776,219813,hi,34,511.86,518.28,6.42,/kaggle/working/Hindi-ASR-Whisper-Pipeline/artifacts/q1/preprocess/segments/537776_0034.wav,यह उनकी कमियों को बताता है उनके जो छोटेछोटे खुशी के मूवमेंट होते हैं उनको सेलिब्रेट करता हैं
537776,219813,hi,35,521.88,533.52,11.64,/kaggle/working/Hindi-ASR-Whisper-Pipeline/artifacts/q1/preprocess/segments/537776_0035.wav,अगला है अगर आपका कोई एक विशाल सपना कल ही सच हो जाए तो आप कौन सा चुनेंगे और क्यों तो आप बताइए इसके बारे में कुछ
537776,219813,hi,37,559.65,573.72,14.07,/kaggle/working/Hindi-ASR-Whisper-Pipeline/artifacts/q1/preprocess/segments/537776_0037.wav,जी वही है कि हम काफी सपने देखते हैं जैसे कभी सोचते हैं फौजी बनेंगे कभी पायलेट कभी डाक्टर तो वो कोई भी सपना हो जो हमें ज्यादा महत्वपूर्ण लगता है जैसे पहले सोचते थे फौजी बनेंगे देश के रक्षा
537776,219813,hi,38,573.81,582.45,8.64,/kaggle/working/Hindi-ASR-Whisper-Pipeline/artifacts/q1/preprocess/segments/537776_0038.wav,बात करेंगे म जो भी समस्याएं होती है उनको हल करेंगे तो अगर हमारा कोई भी सपना पूर्ण होता है तो हमें बहुत ज्यादा खुशी मिलती है
537776,219813,hi,39,585.24,599.79,14.55,/kaggle/working/Hindi-ASR-Whisper-Pipeline/artifacts/q1/preprocess/segments/537776_0039.wav,मैं भी चाहूंगा अगर कोई अगर मेरा एक ऐसा सपना हो जो कल ही पूरा हो सके तो मैं एक ऐसी कंपनी खड़ी करना चाहूंगा जिसमें ऐसे व्यक्तियों की मदद की जाएगी जो अपने जीवन में तक तो
537776,219813,hi,40,599.79,613.08,13.29,/kaggle/working/Hindi-ASR-Whisper-Pipeline/artifacts/q1/preprocess/segments/537776_0040.wav,यह है कि अब हमारा कोई कुछ नहीं हो सकता है तो उस कंपनी में एक ऐसा काम होगा जो उनको मोटिवेट करेगा कि आप ने कल होने वाले कल को और ज्यादा बेहतर बना सकते हैं
537776,219813,hi,41,617.91,626.82,8.91,/kaggle/working/Hindi-ASR-Whisper-Pipeline/artifacts/q1/preprocess/segments/537776_0041.wav,तो हमारे पॉइंट्स सभी पूरे हो चुके हैं और हमें आप से बात करकर बहुत अच्छा लगा धन्यवाद
537983,106641,hi,1,16.41,24.12,7.71,/kaggle/working/Hindi-ASR-Whisper-Pipeline/artifacts/q1/preprocess/segments/537983_0001.wav,सही कहा आपने सपने तो सभी देखते हैं और बहुत तरीके के देखते हैं पर कुछ ही सपने लक्ष्य बन पाते हैं.
537983,106641,hi,3,35.91,38.91,3.0,/kaggle/working/Hindi-ASR-Whisper-Pipeline/artifacts/q1/preprocess/segments/537983_0003.wav,जी बताईए इस बार
537983,106641,hi,6,90.24,105.0,14.76,/kaggle/working/Hindi-ASR-Whisper-Pipeline/artifacts/q1/preprocess/segments/537983_0006.wav,जी बचपन में तो सबसे पहले कोई भी बच्चा अपने मातापिता को देखता है कि हमें भी बड़े होके उनके जैसा बनना है जैसे वो अपने जीवन में सफल है तो हमें भी उनकी तरह बनना है
537983,106641,hi,7,106.62,120.75,14.13,/kaggle/working/Hindi-ASR-Whisper-Pipeline/artifacts/q1/preprocess/segments/537983_0007.wav,वो जैसे कार्य करते हैं हमें भी वैसे ही अच्छे कार्य करने हैं अच्छी जगह पर पहुँचना है तो बचपन में तो सब यही समझते हैं जैसे जैसे बचपना गुजरता
537983,106641,hi,8,120.75,133.62,12.87,/kaggle/working/Hindi-ASR-Whisper-Pipeline/artifacts/q1/preprocess/segments/537983_0008.wav,क्या है समय बदलता है तो जब अपने आपका सामना होता है आपके भविष्य से तो आपकी जो भी पुरानी योजनाएं हैं वो तो धरी की धरी रह जाती है
537983,106641,hi,12,183.06,197.28,14.22,/kaggle/working/Hindi-ASR-Whisper-Pipeline/artifacts/q1/preprocess/segments/537983_0012.wav,जी इन दिनों तो अ सुबह जो लक्ष्य हर दिन सुबह उठने पर हर दिन एक छोटा सा लक्ष हमें रखना चाहिए हर व्यक्ति को थोड़ा
537983,106641,hi,13,197.34,211.98,14.64,/kaggle/working/Hindi-ASR-Whisper-Pipeline/artifacts/q1/preprocess/segments/537983_0013.wav,आज मुझे उठ करके इस लक्ष को प्रात करना है वैसे ही मैं हर दिन कोई छोटा लक्ष लेकर ही उठता हूँ और उत्साहित हो जाता हूँ कि आज दिन भर में मुझे ये लक्ष पूरा करना है
537983,106641,hi,14,212.43,216.57,4.14,/kaggle/working/Hindi-ASR-Whisper-Pipeline/artifacts/q1/preprocess/segments/537983_0014.wav,और उसी का उत्साह मुझे दिन भर बना रहता है
537983,106641,hi,17,287.22,288.54,1.32,/kaggle/working/Hindi-ASR-Whisper-Pipeline/artifacts/q1/preprocess/segments/537983_0017.wav,जी
537983,106641,hi,18,295.44,297.42,1.98,/kaggle/working/Hindi-ASR-Whisper-Pipeline/artifacts/q1/preprocess/segments/537983_0018.wav,जी बताइए
537983,106641,hi,19,358.29,372.63,14.34,/kaggle/working/Hindi-ASR-Whisper-Pipeline/artifacts/q1/preprocess/segments/537983_0019.wav,सही कहा आपने समय के साथ सफलता को देखने का जो तरीका होता है वो बदल जाता है बचपन में हम तो हमेशा सोचते ही थे कि हमें क्लास में प्रथम आना है वही हमारे लिए सफलता का पर्याय होता था
537983,106641,hi,20,373.23,386.88,13.65,/kaggle/working/Hindi-ASR-Whisper-Pipeline/artifacts/q1/preprocess/segments/537983_0020.wav,पर समय के साथ हम ये सीखते हैं कि सफलता प्रथम आने में नहीं बल्कि सीखने में होती है जो इंसान सीखता चला जाता है वही जाके सफल होता है ना कि वो जो हमेशा
537983,106641,hi,21,387.48,395.73,8.25,/kaggle/working/Hindi-ASR-Whisper-Pipeline/artifacts/q1/preprocess/segments/537983_0021.wav,प्रथम आने पर ध्यान देता है इसलिए प्रथम आने से ज्यादा जरूरी है कि इंसान हमेशा कुछ न कुछ नया सीखता रहे
537983,106641,hi,24,453.21,467.43,14.22,/kaggle/working/Hindi-ASR-Whisper-Pipeline/artifacts/q1/preprocess/segments/537983_0024.wav,जी सही बात परिवार का जो साथ होता है या बल होता है वही सबसे ज़्यादा आपकी मदद करता है आपके लक्ष प्राप्ति में क्योंकि परिवार ही आपको सबसे पहले लक्ष्य
537983,106641,hi,25,467.46,482.43,14.97,/kaggle/working/Hindi-ASR-Whisper-Pipeline/artifacts/q1/preprocess/segments/537983_0025.wav,के प्रति आपको जागरुक करता है आपको प्रेरणा देता है अगर आप लक्ष्य प्राप्ति में कुछ भी कठनाईयों का सामना कर रहे हैं तो उसमें आपका परिवार ही होता है जो आपका साथ देता है और मान लो आप अपने लक्ष्य से
537983,106641,hi,26,482.67,495.57,12.9,/kaggle/working/Hindi-ASR-Whisper-Pipeline/artifacts/q1/preprocess/segments/537983_0026.wav,आप नहीं भी कर पाते हैं तो भी परिवार ही आपको साथ देता है तो पारिवारिक जो रहता है वही आपके लक्ष्य प्राप्ति में एक बहुत बड़ा साथ देता है आपका
537983,106641,hi,29,533.43,546.33,12.9,/kaggle/working/Hindi-ASR-Whisper-Pipeline/artifacts/q1/preprocess/segments/537983_0029.wav,जी अगर ऐसा कोई बचपन का अगर सपना बोले तो अगर मैं बचपन में का सोचूं तो पायलेट बनने का सपना सभी का रहता है बचपन में
537983,106641,hi,30,547.02,548.97,1.95,/kaggle/working/Hindi-ASR-Whisper-Pipeline/artifacts/q1/preprocess/segments/537983_0030.wav,अगर वो सपना पूरा हो जाये तो
537983,106641,hi,31,553.08,556.98,3.9,/kaggle/working/Hindi-ASR-Whisper-Pipeline/artifacts/q1/preprocess/segments/537983_0031.wav,तो मतलब वो दिन मेरे जीवन का सबसे बड़ा दिन होगा
537983,106641,hi,35,612.45,613.56,1.11,/kaggle/working/Hindi-ASR-Whisper-Pipeline/artifacts/q1/preprocess/segments/537983_0035.wav,जी अच्छी बात हैं
537983,106641,hi,36,622.86,626.85,3.99,/kaggle/working/Hindi-ASR-Whisper-Pipeline/artifacts/q1/preprocess/segments/537983_0036.wav,जी जी मुझे धन्यवाद
542785,212729,hi,1,10.78,15.94,5.16,/kaggle/working/Hindi-ASR-Whisper-Pipeline/artifacts/q1/preprocess/segments/542785_0001.wav,हम्म हां जी जी आवाज आ रही है अब
542785,212729,hi,4,47.59,54.31,6.72,/kaggle/working/Hindi-ASR-Whisper-Pipeline/artifacts/q1/preprocess/segments/542785_0004.wav,जी जी जी बताइए आपकी आवाज कट रही कहीं नेटवर्क नहीं है क्या आपकी तरफ शायद
542785,212729,hi,5,59.83,66.49,6.66,/kaggle/working/Hindi-ASR-Whisper-Pipeline/artifacts/q1/preprocess/segments/542785_0005.wav,तो आपका यही विचार है जी बिल्कुल जैसा आपने कहा कि बोल्ड आउटफिट नहीं पहनना चाहिए तो
542785,212729,hi,7,77.98,92.29,14.31,/kaggle/working/Hindi-ASR-Whisper-Pipeline/artifacts/q1/preprocess/segments/542785_0007.wav,जी बिल्कुल जी जी सही कह रहे है आप तो जैसे मान लीजिए आपने बोल्ड आउटफिट्स को मतलब नकार दिये तो जैसे कभी आपने स्टाइल्स नए स्टाइल्स को ट्रॉय किया है यहाँ नए स्टाइल्स में कपड़ा आया है तो उस चीज को कभी आपने ट्रॉय किया है
542785,212729,hi,9,98.83,100.3,1.47,/kaggle/working/Hindi-ASR-Whisper-Pipeline/artifacts/q1/preprocess/segments/542785_0009.wav,जी जी जी
542785,212729,hi,10,105.22,107.11,1.89,/kaggle/working/Hindi-ASR-Whisper-Pipeline/artifacts/q1/preprocess/segments/542785_0010.wav,जी जी बहुत अच्छी बात है
542785,212729,hi,11,109.66,124.0,14.34,/kaggle/working/Hindi-ASR-Whisper-Pipeline/artifacts/q1/preprocess/segments/542785_0011.wav,जी जी जी बिल्कुल सही कह रही है आप तो अगला बिंदु हमारा एक पसंदीदा फैशन ट्रेंड्स पर बात करना तो कोई आपका पसंदीदा फैशन हो जो ट्रेंड
542785,212729,hi,12,124.06,132.88,8.82,/kaggle/working/Hindi-ASR-Whisper-Pipeline/artifacts/q1/preprocess/segments/542785_0012.wav,मतलब उस पर कोई आप अपना विचार रखिए हैलो
542785,212729,hi,13,137.32,142.93,5.61,/kaggle/working/Hindi-ASR-Whisper-Pipeline/artifacts/q1/preprocess/segments/542785_0013.wav,हलो आवाज कट रही है आपकी
542785,212729,hi,15,158.47,161.11,2.64,/kaggle/working/Hindi-ASR-Whisper-Pipeline/artifacts/q1/preprocess/segments/542785_0015.wav,जी जी जी बोलिये आपकी आवाज कट कट के आ रही है
542785,212729,hi,17,167.59,169.54,1.95,/kaggle/working/Hindi-ASR-Whisper-Pipeline/artifacts/q1/preprocess/segments/542785_0017.wav,अच्छा अच्छा साड़ी पहनना आपको पसंद है
542785,212729,hi,18,171.61,183.4,11.79,/kaggle/working/Hindi-ASR-Whisper-Pipeline/artifacts/q1/preprocess/segments/542785_0018.wav,नहीं नहीं मेरी तरफ भी फूल नेटवर्क है ऐसा कोई इशू नहीं तो बिलकुल सही कह रहे हैं तो मेरा पसंदीदा फैशन जो है कुर्ता पाजामा है मैं कुर्ता पाजामा पहनना ज़्यादा पसंद करता हूँ
542785,212729,hi,19,184.45,199.42,14.97,/kaggle/working/Hindi-ASR-Whisper-Pipeline/artifacts/q1/preprocess/segments/542785_0019.wav,इसे कहीं पार्टी में जाना हो या वेडिंग सेरमनी में जाना हो तो मैं कुर्ता पजामा पसंद करता हूं कि हां वह अच्छा भी लगता है थोड़ा सा अपना पुराना फैशन है वो लेकिन अच्छा लगता है मुझे
542785,212729,hi,20,200.02,209.83,9.81,/kaggle/working/Hindi-ASR-Whisper-Pipeline/artifacts/q1/preprocess/segments/542785_0020.wav,वो जी जी जी बिल्कुल जी जी तो अगला बिंदु हमारा एक शर्मनाक फैशन चॉइस पर हंसी मजाक
542785,212729,hi,21,212.62,226.21,13.59,/kaggle/working/Hindi-ASR-Whisper-Pipeline/artifacts/q1/preprocess/segments/542785_0021.wav,जी जी जी सबके अपनेअपने चॉइस है जो जैसा पहनना चाहे तो नेक्स्ट हमारा विंदू है कि शर्मनाक फैशन चॉइस पर हसी मजाक करना तो आपने कभी ऐसा किया है
542785,212729,hi,22,226.42,231.01,4.59,/kaggle/working/Hindi-ASR-Whisper-Pipeline/artifacts/q1/preprocess/segments/542785_0022.wav,कि किसी का फैशन देखकर के आप दो तीन लोग हों हॅंसी मजाक किये हों कि हाॅं कैसा है
542785,212729,hi,24,243.73,246.82,3.09,/kaggle/working/Hindi-ASR-Whisper-Pipeline/artifacts/q1/preprocess/segments/542785_0024.wav,जी जी जी
542785,212729,hi,25,254.62,256.0,1.38,/kaggle/working/Hindi-ASR-Whisper-Pipeline/artifacts/q1/preprocess/segments/542785_0025.wav,हूं जी जी जी
542785,212729,hi,26,258.49,259.51,1.02,/kaggle/working/Hindi-ASR-Whisper-Pipeline/artifacts/q1/preprocess/segments/542785_0026.wav,फेशियल को लेकर
542785,212729,hi,27,263.44,271.99,8.55,/kaggle/working/Hindi-ASR-Whisper-Pipeline/artifacts/q1/preprocess/segments/542785_0027.wav,अच्छा जी ये बात है चलिए बढ़िया है आज का ऐसा समय आगे आपने देखा होगा क्या कह रहे हैं
542785,212729,hi,28,274.66,289.0,14.34,/kaggle/working/Hindi-ASR-Whisper-Pipeline/artifacts/q1/preprocess/segments/542785_0028.wav,आजकल का फैसन ऐसा हो गया आपने देखा होगा फटा पुरा मतलब पहले का जो फटा पुराना कपड़ा होता था लोग आजकल उसको फैसन समझ के पहन रहे हैं आपने देखा होगा हेलो
542785,212729,hi,29,295.42,297.64,2.22,/kaggle/working/Hindi-ASR-Whisper-Pipeline/artifacts/q1/preprocess/segments/542785_0029.wav,जी जी जी जी जी
542785,212729,hi,30,300.13,302.41,2.28,/kaggle/working/Hindi-ASR-Whisper-Pipeline/artifacts/q1/preprocess/segments/542785_0030.wav,जी जी जी
542785,212729,hi,31,307.57,311.53,3.96,/kaggle/working/Hindi-ASR-Whisper-Pipeline/artifacts/q1/preprocess/segments/542785_0031.wav,हां वो इंस्टाग्राम पर काफी ट्रेंडिंग चलता है न लोग जो पेन के मार्केटों में
542785,212729,hi,32,314.92,320.89,5.97,/kaggle/working/Hindi-ASR-Whisper-Pipeline/artifacts/q1/preprocess/segments/542785_0032.wav,हूं सही कह रहे हैं जैसे आजकल जो इंस्टाग्राम वैगैरा आप चलाते होंगे तो आपको पता होगा कि लोग
542785,212729,hi,33,323.41,336.64,13.23,/kaggle/working/Hindi-ASR-Whisper-Pipeline/artifacts/q1/preprocess/segments/542785_0033.wav,जी जी जी तो जिसका ट्रेंड चलता है भाई मॉल में तो उसको जरूर रखते हैं लोग न जिसका मॉल होता है वो तो भाई जरूर रखेगा चीजों तो वो ट्रेंड जिन से हमें प्यार है या जिस
542785,212729,hi,34,336.67,347.11,10.44,/kaggle/working/Hindi-ASR-Whisper-Pipeline/artifacts/q1/preprocess/segments/542785_0034.wav,जिनसे में नफरत नफरत है उन पर चर्चा करना तो ऐसा कोई ट्रेंड जिससे मतलब आपको ज्यादा लगाव हो और ऐसा कोई जिससे आपको नफरत हो तो ऐसा कुछ बताइए आप
542785,212729,hi,36,361.09,373.57,12.48,/kaggle/working/Hindi-ASR-Whisper-Pipeline/artifacts/q1/preprocess/segments/542785_0036.wav,जी जी मुझे तो पसंद तो जैसे मुझे कुर्ता पजामा काफी पसंद है मैं पहनता हूॅं बाकी किसी ऐसी चीज से नफरत तो नहीं है भाई सब का अपना अपना
542785,212729,hi,37,373.84,382.03,8.19,/kaggle/working/Hindi-ASR-Whisper-Pipeline/artifacts/q1/preprocess/segments/542785_0037.wav,नजरिया होता है अपना अपना विचार होता है जिसको जो पहनना पहने भाई मुझे क्यों प्राब्लम होगी किसी के पहनावे से क्या है कोई ऐसा प्राब्लम नहीं है मुझे
542785,212729,hi,38,384.46,395.11,10.65,/kaggle/working/Hindi-ASR-Whisper-Pipeline/artifacts/q1/preprocess/segments/542785_0038.wav,तो अगला हमारा है कि नई फैशन ट्रेंड्स को आजमाने की प्लानिंग करना आपने कभी ऐसा किया है कि यहाँ कोई नया फैशन आ गया है उसकी प्लानिंग आपने किसी के साथ की होगी हाँ मुझे ट्राई करना चाहिए
542785,212729,hi,40,410.47,413.02,2.55,/kaggle/working/Hindi-ASR-Whisper-Pipeline/artifacts/q1/preprocess/segments/542785_0040.wav,जी जी जी जी
542785,212729,hi,41,416.14,426.79,10.65,/kaggle/working/Hindi-ASR-Whisper-Pipeline/artifacts/q1/preprocess/segments/542785_0041.wav,जी बिल्कुल बिल्कुल जो जैसे जो ट्रेन चलता है थोड़ा मैं भी कभी काल मतलब जैसे
542785,212729,hi,42,429.4,444.28,14.88,/kaggle/working/Hindi-ASR-Whisper-Pipeline/artifacts/q1/preprocess/segments/542785_0042.wav,जी मैंने भी की अ कभी कांवड़िए वाली है हां वही मैंने भी इसे कभी काफी बार मतलब जैसे प्रिंटेड टीशर्ट एक बार ज्यादा चला था तो मैंने भी एक बार ट्राइ किया था की हां प्रिंटेड टीशर्ट पहना जाए
542785,212729,hi,43,444.85,447.76,2.91,/kaggle/working/Hindi-ASR-Whisper-Pipeline/artifacts/q1/preprocess/segments/542785_0043.wav,जो तो ऐसा बोहोत कुछ नहीं है
542785,212729,hi,44,450.61,457.84,7.23,/kaggle/working/Hindi-ASR-Whisper-Pipeline/artifacts/q1/preprocess/segments/542785_0044.wav,जी जी जी अगला है सस्टेनेबल या डाई फैशन आईडियाज एक्सप्लोर करना
542785,212729,hi,45,460.09,463.3,3.21,/kaggle/working/Hindi-ASR-Whisper-Pipeline/artifacts/q1/preprocess/segments/542785_0045.wav,तो वही हुआ आपके अनुभव तो बताइए
542785,212729,hi,51,499.96,501.22,1.26,/kaggle/working/Hindi-ASR-Whisper-Pipeline/artifacts/q1/preprocess/segments/542785_0051.wav,हां हां ये
542785,212729,hi,53,509.5,518.05,8.55,/kaggle/working/Hindi-ASR-Whisper-Pipeline/artifacts/q1/preprocess/segments/542785_0053.wav,ह्म्म सही कह रहे हो तो आपने ऐसा कभी किया हो कैसे किस किसी दोस्त को स्टाइल का टिप्स आपने कभी दिया है
542785,212729,hi,54,521.02,523.27,2.25,/kaggle/working/Hindi-ASR-Whisper-Pipeline/artifacts/q1/preprocess/segments/542785_0054.wav,हलो
542785,212729,hi,56,539.11,553.3,14.19,/kaggle/working/Hindi-ASR-Whisper-Pipeline/artifacts/q1/preprocess/segments/542785_0056.wav,चलिए ठीक हैं मैडम आपकी आवाज बड़ी कट कट के आ रही हैं इसलिए आपकी आवाज बड़ी कट कट के आ रही हैं इसलिए थोड़ा सा प्रॉब्लम हुआ तो कोई दिक्कत नहीं टॉपिक हम लोगों ने कवर कर लिया है तो फिर आपका दिन शुभ हो
542785,212729,hi,57,554.02,557.98,3.96,/kaggle/working/Hindi-ASR-Whisper-Pipeline/artifacts/q1/preprocess/segments/542785_0057.wav,धन्यवाद आपको हमसे बात करने के लिए
583334,219021,hi,0,0.48,7.08,6.6,/kaggle/working/Hindi-ASR-Whisper-Pipeline/artifacts/q1/preprocess/segments/583334_0000.wav,नंदन ऐसी तरह के कुछ पत्रिकाएं या कॉमिक्स आती थी इसको पढ़ाता शायद हमें लगता है आपको भी इस बारे में जानकारी होगा
583334,219021,hi,5,53.31,59.7,6.39,/kaggle/working/Hindi-ASR-Whisper-Pipeline/artifacts/q1/preprocess/segments/583334_0005.wav,हां हां यह कॉमिक्स की कहानियां सच में बहुत रोचक होती थी और बच जब हम लोग बच्चे थे छोटे थे तो आह
583334,219021,hi,6,65.46,67.08,1.62,/kaggle/working/Hindi-ASR-Whisper-Pipeline/artifacts/q1/preprocess/segments/583334_0006.wav,हाँ बिल्कुल
583334,219021,hi,8,80.31,93.6,13.29,/kaggle/working/Hindi-ASR-Whisper-Pipeline/artifacts/q1/preprocess/segments/583334_0008.wav,हां हां बिल्कुल वही चीज़ सबसे ज़्यादा रोचक होता था कि वो जो उस उनका जो करैक्टर होता हां जो करैक्टर वो कैरेक्टर को जिस तरह से ग्राफिक
583334,219021,hi,9,93.63,107.7,14.07,/kaggle/working/Hindi-ASR-Whisper-Pipeline/artifacts/q1/preprocess/segments/583334_0009.wav,बना के उसको जिस तरीके से कार्टून में वो चित्र की तरह बना के प्रस्तूत करते थे जो बहुत रोचक लगता था और उसी में वो जैसा आप बता रहे हैं कि वो टेक्स्ट लिख देते थे जो मतलब जो दो पातरों के बीच की जो बारतलाप हो रही है
583334,219021,hi,10,108.12,121.62,13.5,/kaggle/working/Hindi-ASR-Whisper-Pipeline/artifacts/q1/preprocess/segments/583334_0010.wav,उसको वो वहाँ पे ऐसे लिखते थे और तो कहीं न कहीं बिल्कुल वह पढ़ने में रोचक इसलिए लगता था एक होता है कि नॉर्मली हम सिर्फ टेक्स्ट पढ़ रहे है एक होता है कि हम विजुअली फोटोज को देख रहे हैं कि उसमें उन पात्रों को प्रदर्शित किया गया है तो वो
583334,219021,hi,11,121.8,131.55,9.75,/kaggle/working/Hindi-ASR-Whisper-Pipeline/artifacts/q1/preprocess/segments/583334_0011.wav,हां कहीं न कहीं ऐसा लगता है जैसे हम मूवी देख रहे हैं या कुछ अं चल चित्र इस तरह का तो इसलिए भी मुझे लगता है मुझे लगता है कि कॉमिक्स थोड़ा सा हां ज्यादा रोचक लगता था
583334,219021,hi,13,163.65,177.18,13.53,/kaggle/working/Hindi-ASR-Whisper-Pipeline/artifacts/q1/preprocess/segments/583334_0013.wav,हां जैसे अम्म हर महीने अम्म एक नई अंक आती थी ऐसे कॉमिक्स का हर महीना में प्रिंट होता था कुछ कुछ पत्रिकाएं कुछ पत्रिकाएं जो है वो साप्ताहिक ही होता था तो उसका हर नया अंक हर सप्ताह में आता था
583334,219021,hi,14,177.21,191.94,14.73,/kaggle/working/Hindi-ASR-Whisper-Pipeline/artifacts/q1/preprocess/segments/583334_0014.wav,तो हम लोग उसको इकट्ठा करते थे और कई बार ना हम अपने जैसे व्यापार करने में चले गए तो ना उसको आधे दाम में या कुछ पैसे में अपने दोस्तों को बेचते थे कि भई मेरे पास ये कॉमिक्स है इसके दस अंक मैंने रखे हुए हैं
583334,219021,hi,15,192.03,206.67,14.64,/kaggle/working/Hindi-ASR-Whisper-Pipeline/artifacts/q1/preprocess/segments/583334_0015.wav,तुम्हें चाहिए तो मैं मुझे मतलब इतने कुछ ऐसे कम करें लूं भी पैसा है वो बोल देता था तो वो भी सस्ते में लेने के चक्कर में लेता था तो यह कहीं कहीं एक छोटा सा व्यापार होता था उस समय जो हम लोग बचपन में करते थे
583334,219021,hi,16,206.67,220.89,14.22,/kaggle/working/Hindi-ASR-Whisper-Pipeline/artifacts/q1/preprocess/segments/583334_0016.wav,और ढेर सारी अंक को जो इसकी अलगअलग प्रकाशित होता था उन सब को इकट्ठा करके कई बार अलमारियों में रखना एक सॉक जैसा बन गया था कि जो भी नए हर महीने या सप्ता में आ रहे हैं
583334,219021,hi,17,238.47,239.58,1.11,/kaggle/working/Hindi-ASR-Whisper-Pipeline/artifacts/q1/preprocess/segments/583334_0017.wav,हां हां
583334,219021,hi,23,304.59,317.22,12.63,/kaggle/working/Hindi-ASR-Whisper-Pipeline/artifacts/q1/preprocess/segments/583334_0023.wav,हां हम्म इस टॉपिक में तो मैं कई थोड़ा सा आगे बढ़ना चाहूँगा कि इसमें ऐसा हाँ इस हाँ वही
583334,219021,hi,24,317.25,330.3,13.05,/kaggle/working/Hindi-ASR-Whisper-Pipeline/artifacts/q1/preprocess/segments/583334_0024.wav,हाँ जैसे होता है ना कई बार हम लोग कोई मूवी या सीरीज़ देखते हैं तो हमें लगता है कि ये खत्म ही न हो चलता रहे तो ऐसे ही कॉमिक्स भी पढ़ हाँ हाँ हाँ
583334,219021,hi,25,332.58,347.55,14.97,/kaggle/working/Hindi-ASR-Whisper-Pipeline/artifacts/q1/preprocess/segments/583334_0025.wav,हाँ हाँ कई बार तो हमें ऐसा भी लगता था कि ये कहानी खतम ही ना हो पढ़ते रहें क्योंकि कॉमिक्स पढ़के खतम करते थे ना तो लगता था ओह मतलब और होता तो और पढ़ते हैं मतलब क्योंकि रोचक ही इतना होता था तो ऐसे में हम एक ही उपाय होता था अब क्या हो सकता हे कि
583334,219021,hi,26,347.76,355.83,8.07,/kaggle/working/Hindi-ASR-Whisper-Pipeline/artifacts/q1/preprocess/segments/583334_0026.wav,हम इंतजार करें कि अगला अंक कब आएगा और जैसे ही आता था उसको भाग के ले के आए और फिर पढ़ना सुरू किये तो ये बिल्कुल
583334,219021,hi,27,364.92,368.91,3.99,/kaggle/working/Hindi-ASR-Whisper-Pipeline/artifacts/q1/preprocess/segments/583334_0027.wav,बिल्कुल अ आपको कोई ऐसा त
583334,219021,hi,31,419.04,421.92,2.88,/kaggle/working/Hindi-ASR-Whisper-Pipeline/artifacts/q1/preprocess/segments/583334_0031.wav,जी हां जी
583334,219021,hi,32,424.41,438.63,14.22,/kaggle/working/Hindi-ASR-Whisper-Pipeline/artifacts/q1/preprocess/segments/583334_0032.wav,हाँ मैं आगे बताता हूँ आपको जैसे सैचनीक खंडो से सीखना तो कहीं न कहीं ये जो कॉमिक्स होते थे इसमें जो कहानियाँ होती थी वो एक प्रेरक कहानी होता था रोमांचक और जो है वो तो होता ही था
583334,219021,hi,33,438.99,453.69,14.7,/kaggle/working/Hindi-ASR-Whisper-Pipeline/artifacts/q1/preprocess/segments/583334_0033.wav,लेकिन इसके साथ एक प्रेरक होता था वो कहानियों को पढ़ के जब हम खत्म करते थे तो उसमें उस कहानी के माध्यम से उस कहानी को लिखने वाला लेखक अह कुछ सीख देना चाह रहा होता था तो कहीं न कहीं हम एक चीज अह सीखते थे उन प्रेरक अह कहानियों से
583334,219021,hi,34,454.05,460.14,6.09,/kaggle/working/Hindi-ASR-Whisper-Pipeline/artifacts/q1/preprocess/segments/583334_0034.wav,तो वो हमारे लिए कहीं ना कहीं सहचनिक तौर पे भी महतुपूर्ण होता था फाइदेमन्द होता था
583334,219021,hi,35,465.06,479.28,14.22,/kaggle/working/Hindi-ASR-Whisper-Pipeline/artifacts/q1/preprocess/segments/583334_0035.wav,जी आ आगे पसंदीदा पत्रों पर आपका पसंद अच्छा पात्र है हाँ ठीक है ठीक है जैसे आप बता रहे थे अभी पात्र की आप चर्चा भी कर रहे थे
583334,219021,hi,37,490.23,504.63,14.4,/kaggle/working/Hindi-ASR-Whisper-Pipeline/artifacts/q1/preprocess/segments/583334_0037.wav,हां हां बैटमैन बैटमैन के बारे में तो मैंने काफी सुना है इन एग्जेक्ट में कभी ऐसी पत्रिका उनसे जुड़ी पढ़ नहीं पाया हू बट मैंने सुना है काफी और उसका वो जो ग्राफिक होता है वो भी देखा है स्टिकर्स में भी छपा होता था पहले
583334,219021,hi,38,516.54,523.86,7.32,/kaggle/working/Hindi-ASR-Whisper-Pipeline/artifacts/q1/preprocess/segments/583334_0038.wav,अच्छा जैसे जैसे शक्तिमान हमें शक्तिमान ऐसे बचाता था मुसीबतों से वैसा कुछ होता अच्छा
583334,219021,hi,43,582.27,596.55,14.28,/kaggle/working/Hindi-ASR-Whisper-Pipeline/artifacts/q1/preprocess/segments/583334_0043.wav,तो कहीं न कही अगर हम सारांश के रूप में देखें तो हमारा जो पसंदीदा जो कॉमिक्स और पत्रिकाएं होती थी ये हमारे अपने दौर में पढ़ने में बहुत ही मतलब रोचक मज़ा आता था
583334,219021,hi,44,596.61,607.38,10.77,/kaggle/working/Hindi-ASR-Whisper-Pipeline/artifacts/q1/preprocess/segments/583334_0044.wav,और इससे हम लोग बहुत कुछ सीखते थे भाषा सीखते थे कुछ नैतिक मूल्य भी सीखते थे इसके अलावा जो जैसा हम बता रहे थे प्रेरक कहानियां होती थी तो उससे भी हम लोग सीखते थे
583334,219021,hi,45,607.53,621.54,14.01,/kaggle/working/Hindi-ASR-Whisper-Pipeline/artifacts/q1/preprocess/segments/583334_0045.wav,हा मुझे लगता यह की आज कल के दौर में थोड़ा सा यह बच्चे कॉमिक्स वगैरह पढ़ना शायद कम हो गया क्योंकि है मोबाइल वगैरह में आजकल देखने में लग जाते है छोटे बच्चे जो उनमें पढ़ने की आदत कम जो है कहीं ना कहीं
583334,219021,hi,46,621.66,625.08,3.42,/kaggle/working/Hindi-ASR-Whisper-Pipeline/artifacts/q1/preprocess/segments/583334_0046.wav,समाजिक तोर पे और आने वाली पीढ़ी के लिए भी एक समस्या है
583334,219021,hi,48,656.34,659.22,2.88,/kaggle/working/Hindi-ASR-Whisper-Pipeline/artifacts/q1/preprocess/segments/583334_0048.wav,बिल्कुल ये तो बात आप तो बिल्कुल भी
583334,219021,hi,51,686.22,688.8,2.58,/kaggle/working/Hindi-ASR-Whisper-Pipeline/artifacts/q1/preprocess/segments/583334_0051.wav,जी अ् बाकी
583334,219021,hi,52,692.07,702.06,9.99,/kaggle/working/Hindi-ASR-Whisper-Pipeline/artifacts/q1/preprocess/segments/583334_0052.wav,नहीं मैं मतलब हमें लगता है कि हमने इस पर ठीक ठाक जो हमारा टॉपिक था इस पे हमने आपस में बातचीत कर लिया हैं लगभग कवर कर लिया है और हमें
583334,219021,hi,54,712.77,720.72,7.95,/kaggle/working/Hindi-ASR-Whisper-Pipeline/artifacts/q1/preprocess/segments/583334_0054.wav,बहुत अ बहुत बहुत आपका शुक्रिया और मुझे भी आपसे बात करके बहुत अच्छा लगा धन्यवाद जी
583533,171333,hi,1,6.36,19.17,12.81,/kaggle/working/Hindi-ASR-Whisper-Pipeline/artifacts/q1/preprocess/segments/583533_0001.wav,जी जी मतलब इसके बारे में तो मतलब सही बताऊ ना तो टिंकल या टिंटिंग जैसी ही या तो पढ़ा होगा तो याद नहीं आ रहा है है ना लेकिन इस इसकी पत्रिका शायद नहीं पढ़ी है मैंने भी नहीं पढ़ी है मैंने जो
583533,171333,hi,2,19.41,33.0,13.59,/kaggle/working/Hindi-ASR-Whisper-Pipeline/artifacts/q1/preprocess/segments/583533_0002.wav,वही बढ़िया ना जो अपने दैनिक भास्कर में आया करती थी ना वो अ उसमे थोड़ा अच्छी कहानियां हुआ करती थी बेहतर अच्छी मजा आता था उन्हें पढ़ने के लिए कुछ नई नई कहानियां करती थी ज्यादातर मैंने
583533,171333,hi,3,33.69,45.3,11.61,/kaggle/working/Hindi-ASR-Whisper-Pipeline/artifacts/q1/preprocess/segments/583533_0003.wav,जो मार्वल की मार्वल डीसी वगैरह की आती है न जो कॉमिक्स स्पाइडर मैं बैट मेन वगैरह की उनकी मैंने बहुत ज़्यादा पढ़ी है उनके बचपन से मुझे बहुत ज़्यादा सौक था हा
583533,171333,hi,4,46.29,50.46,4.17,/kaggle/working/Hindi-ASR-Whisper-Pipeline/artifacts/q1/preprocess/segments/583533_0004.wav,जी सबसे ज्यादा मैंने वो ही पढ़ी हैं मार्वल डीसी वगैरह की बैटमैन थोड़ा स्पाइडरमैन वगैरह की
583533,171333,hi,5,57.09,69.3,12.21,/kaggle/working/Hindi-ASR-Whisper-Pipeline/artifacts/q1/preprocess/segments/583533_0005.wav,क्योंकि सबसे ज्यादा आकर्षित वो करता था ना अपन को उनमें एक तो इस तरीके से चित्र बने रहते थे और उनके बनाने का तरीका था ना जैसे चित्र बना रहेगा उसके बीच में वो थोड़ा
583533,171333,hi,6,69.6,80.16,10.56,/kaggle/working/Hindi-ASR-Whisper-Pipeline/artifacts/q1/preprocess/segments/583533_0006.wav,इस तरीके से वो थोड़ा कन्फ्यूजन पैदा कर देती थी अपने दिमाग में उसी के अंदर वो नोट बना के लिखती थी है ना छोटेछोटे बॉक्स बनाती थी उसके अंदर लिखा करती थी अब आज के बच्चे क्या जाने है उनकी वैल्यू है न
583533,171333,hi,7,85.98,89.85,3.87,/kaggle/working/Hindi-ASR-Whisper-Pipeline/artifacts/q1/preprocess/segments/583533_0007.wav,रखने का तरीका था कैरेक्टर बनाने का तरीका था हां
583533,171333,hi,9,130.86,142.8,11.94,/kaggle/working/Hindi-ASR-Whisper-Pipeline/artifacts/q1/preprocess/segments/583533_0009.wav,जी बिल्कुल वही है ना और मतलब एक अलग आनुमिक होती थी यहां से लगता था कि जैसे हम कोई पिक्चर वगैरह देख रहे हैं फिल्म वगैरह देख रहे हैं उसी के अंदर घुस जाती थी बिल्कुल ना इमैजिन करने लगती थी कि अच्छे एक नई दुनिया है
583533,171333,hi,10,145.59,155.88,10.29,/kaggle/working/Hindi-ASR-Whisper-Pipeline/artifacts/q1/preprocess/segments/583533_0010.wav,हाँ यह इसका मेन आह हीरो है थोड़ा बिलेन है इसका बिल्डार है ऐसी कुछ है दोस्तों के साथ अंक इकट्ठा करना और व्यापार करना
583533,171333,hi,11,157.32,161.49,4.17,/kaggle/working/Hindi-ASR-Whisper-Pipeline/artifacts/q1/preprocess/segments/583533_0011.wav,अंक इकट्ठा करना व्यापार करना तो इसके बारे में तो जैसे थोड़ा आप बताना चाहें
583533,171333,hi,12,168.03,171.96,3.93,/kaggle/working/Hindi-ASR-Whisper-Pipeline/artifacts/q1/preprocess/segments/583533_0012.wav,हाँ हाँ हाँ आती थी आती थी हम्म
583533,171333,hi,13,180.33,185.31,4.98,/kaggle/working/Hindi-ASR-Whisper-Pipeline/artifacts/q1/preprocess/segments/583533_0013.wav,हां आधे दाम में ज्यादा हो जाती थी वहां
583533,171333,hi,14,201.27,205.08,3.81,/kaggle/working/Hindi-ASR-Whisper-Pipeline/artifacts/q1/preprocess/segments/583533_0014.wav,जी बिल्कुल
583533,171333,hi,15,215.82,230.04,14.22,/kaggle/working/Hindi-ASR-Whisper-Pipeline/artifacts/q1/preprocess/segments/583533_0015.wav,जी हां जी बिल्कुल हां जी अह मजेदार कॉमिक्स स्ट्रिफ्स फर हसी उड़ाना अह मजदार कॉमिक में तो यही है जैसे एक अह एक मैंने कॉमिक पढ़ी थी उसमें
583533,171333,hi,16,230.58,245.28,14.7,/kaggle/working/Hindi-ASR-Whisper-Pipeline/artifacts/q1/preprocess/segments/583533_0016.wav,एक वो होता था सेठ हुआ करता था गांव का उसकी बहुत ज्यादा कंजूस सेठ हुआ करता था तो उसकी अ कुछ सायद उसके यहां से कोई कर्जा ले जाता है तो उसकी यहां वह जाता है नहीं
583533,171333,hi,17,245.73,259.56,13.83,/kaggle/working/Hindi-ASR-Whisper-Pipeline/artifacts/q1/preprocess/segments/583533_0017.wav,बिजली का उसके यहां पे कोई किरायेदार रहते थे तो वो बिजली का बिल लेने के लिए जाया करता था तो उसमें वो एक एक चीज देखा करता था उसमें कि कोई बत्ती तो नहीं जला रहा बल्ब अगर किसी ने जला दिया तो तुरंत वो बल्ब बंद कर देगा
583533,171333,hi,18,260.07,275.07,15.0,/kaggle/working/Hindi-ASR-Whisper-Pipeline/artifacts/q1/preprocess/segments/583533_0018.wav,मोटा खड़ूस करके उसका केरेक्टर था उसमें मतलब उसकी फोटो भी बनी रहती चित्र भी बना रहता था उसमें उसमें मतलब कई सारे फनी मतलब किस्से थे जो मुझे अभी याद नही आ रहे हैं लेकिन ये ही है की मतलब जैसे मेरे बचपन के जो दोस्त हुआ करते थे तो
583533,171333,hi,19,275.28,284.52,9.24,/kaggle/working/Hindi-ASR-Whisper-Pipeline/artifacts/q1/preprocess/segments/583533_0019.wav,उनके साथ जैसे जो पढ़ना पसंद करते थे तो उनके साथ मैं बाते करता रहता था कि अरे यार यार ये तो बहुत अच्छी कहानी है इसमें तो बहुत ज्यादा मज़ा आ रहा है फनी कहानी है मतलब
583533,171333,hi,20,286.74,300.09,13.35,/kaggle/working/Hindi-ASR-Whisper-Pipeline/artifacts/q1/preprocess/segments/583533_0020.wav,इसलिए हमको हँसी भी उड़ाता था मैं उस कैरेक्टर पैसे उड़ाता था कि मोटा कितना बेईमान है यह सेट कितना बेईमान है साला मतलब कुछ भी कुछ भी करता है इसमें पैसे लेता है उससे यहाँ मेरा अनुभव थोड़ा इसमें ऐसा रहा
583533,171333,hi,21,300.78,302.16,1.38,/kaggle/working/Hindi-ASR-Whisper-Pipeline/artifacts/q1/preprocess/segments/583533_0021.wav,आप अपना बताना चाहे तो
583533,171333,hi,22,308.19,313.89,5.7,/kaggle/working/Hindi-ASR-Whisper-Pipeline/artifacts/q1/preprocess/segments/583533_0022.wav,जी जी जी बिल्कुल बिल्कुल आगे बढ़ते हैं अगला अंक इंतजार करता जी इसका तो बेसब्री से इंतजार रहता था
583533,171333,hi,23,318.84,332.16,13.32,/kaggle/working/Hindi-ASR-Whisper-Pipeline/artifacts/q1/preprocess/segments/583533_0023.wav,जी जी अगर कोई अपना जी क्योंकि उसमें क्या है ना अपना दिल से लग जाता है अगर कहानी अच्छी लग गई अपने दिल को छू गई तो फिर ऐसा लगता है कि इसका अगला एपिसोड देखना है अपन को तुरंत ना
583533,171333,hi,25,340.59,342.93,2.34,/kaggle/working/Hindi-ASR-Whisper-Pipeline/artifacts/q1/preprocess/segments/583533_0025.wav,और हाँ
583533,171333,hi,26,348.99,362.46,13.47,/kaggle/working/Hindi-ASR-Whisper-Pipeline/artifacts/q1/preprocess/segments/583533_0026.wav,जी जी जी जी जी जी बिल्कुल मतलब वह अगर अंक लाने की खुशी ही मतलब एसी थी कि आज का मतलब अगर कोई आईफ़ोन वगैरा भी ले ले ना वह खुशी उसको नहीं होगी जो अब वो अंक प्राप्त होने की होती थी खुशी
583533,171333,hi,27,364.17,377.01,12.84,/kaggle/working/Hindi-ASR-Whisper-Pipeline/artifacts/q1/preprocess/segments/583533_0027.wav,जी सुपर हीरो की कहानी का निवेशन करना अब ये सुपर हीरो की कहानी हमने बताया ना जैसे मैं मारवल और डीसी का हमेशा से फैन रहा हूं बच्चों पर नहीं से अभी भी उनकी ऐसा है अभी तो फिर में वगैरह लेकर कॉमिक्स की बारे में बात करें तो
583533,171333,hi,28,378.75,392.91,14.16,/kaggle/working/Hindi-ASR-Whisper-Pipeline/artifacts/q1/preprocess/segments/583533_0028.wav,कॉमिक्स में बहुत ज्यादा पढ़ा करता था जैसे बैटमैन हो गया मेरा फेवरेट मतलब पसंदीदा किरदार मेरा बैटमैन है मेरा ज्यादातर बैटमैन की हो गई सुपरमैन की हो गई थोड़ा मार्वेल मे आयरनमैन आयरनमैन वगैरह है ना इन सब की कॉमिक्स वगैरह थोड़ा
583533,171333,hi,29,394.53,407.64,13.11,/kaggle/working/Hindi-ASR-Whisper-Pipeline/artifacts/q1/preprocess/segments/583533_0029.wav,बहुत ज्यादा मेरे दिल को छू जाती थी कि मतलब अलग ही दुनिया दुनिया बनाते थे न ये लोग जिनकी अभी फिल्में भी आ रही है हां अलग ही दुनिया का माहौल बनाया है तो उसमें बिल्कुल ऐसा लगता था कि मतलब मैं घुस जाता था कि
583533,171333,hi,30,407.97,413.43,5.46,/kaggle/working/Hindi-ASR-Whisper-Pipeline/artifacts/q1/preprocess/segments/583533_0030.wav,इमेज़न करने लगता था कि ये दुनिया है और रियल दुनिया होगी जिसमें सुपर हीरो बचाता है
583533,171333,hi,31,418.47,420.96,2.49,/kaggle/working/Hindi-ASR-Whisper-Pipeline/artifacts/q1/preprocess/segments/583533_0031.wav,जी इसमें आप अपना थोड़ा प्रविचार प्रकट करे
583533,171333,hi,32,427.65,430.44,2.79,/kaggle/working/Hindi-ASR-Whisper-Pipeline/artifacts/q1/preprocess/segments/583533_0032.wav,जी
583533,171333,hi,33,437.16,445.89,8.73,/kaggle/working/Hindi-ASR-Whisper-Pipeline/artifacts/q1/preprocess/segments/583533_0033.wav,REDACTED
583533,171333,hi,34,459.72,460.83,1.11,/kaggle/working/Hindi-ASR-Whisper-Pipeline/artifacts/q1/preprocess/segments/583533_0034.wav,जी बिल्कुल
583533,171333,hi,35,465.54,470.85,5.31,/kaggle/working/Hindi-ASR-Whisper-Pipeline/artifacts/q1/preprocess/segments/583533_0035.wav,REDACTED
583533,171333,hi,37,477.75,490.05,12.3,/kaggle/working/Hindi-ASR-Whisper-Pipeline/artifacts/q1/preprocess/segments/583533_0037.wav,जी मेरा पसंदीदा पात्र वही है ना जैसे बैटमैन मेरा मैं ऐसा है कि बेट टाइम पसंदीदा पात्र मेरा था और हमेशा अभी भी मतलब बैटमैन है मेरा पसंदीदा जी
583533,171333,hi,38,503.7,516.21,12.51,/kaggle/working/Hindi-ASR-Whisper-Pipeline/artifacts/q1/preprocess/segments/583533_0038.wav,तो वही है ना कि जिसे गौतम शहर उसमें जागर गौतम शहर का जिगर हुआ करता है कि गौतम सहर है कोई रक्षक है जो लोगों को बजाता है मदद करता है आधी रात को निकलता है
583533,171333,hi,39,518.22,531.48,13.26,/kaggle/working/Hindi-ASR-Whisper-Pipeline/artifacts/q1/preprocess/segments/583533_0039.wav,हां जी जी बिल्कुल वैसे ही शक्तिमान में तो उसके अंदर शक्तियां हुआ करती थी लेकिन बैटमैन एक ऐसा करेक्टर है किरदार है जो जिसमें मतलब ना तो कोई शक्तियां है जैसे नॉर्मल इंसान जैसे आप और मैं है ना
583533,171333,hi,40,532.14,545.91,13.77,/kaggle/working/Hindi-ASR-Whisper-Pipeline/artifacts/q1/preprocess/segments/583533_0040.wav,जैसे कोई जैसे आप और मैं बिल्कुल नॉर्मल इंसान है अभी साधना ना कुछ शक्तियां है और ना कुछ वैसे ब्लैक कलर का कोई काला सूट पहन के मास्क लगाके बिल्कुल बैटमैन की तरह हो रखा है और खुदकी शक्तियां मतलब जितना शक्तियां इस्तेमाल करता है
583533,171333,hi,41,546.12,560.82,14.7,/kaggle/working/Hindi-ASR-Whisper-Pipeline/artifacts/q1/preprocess/segments/583533_0041.wav,उसको चाहे कितनी भी चोट लग जाए लेकिन चोट के बावजूद भी वो वो प्रतिदिन जिम करेगा वर्कआउट करेगा ताकि और शक्तिया उसको मतलब अंदर से वो शक्तिशाली रहे दिन रात को निकलता रात को निकलता था वो मतलब बचाने के लिए किसी ना किसी की जैसे किसी को देख लिया तो मुसीबत में
583533,171333,hi,42,561.24,574.26,13.02,/kaggle/working/Hindi-ASR-Whisper-Pipeline/artifacts/q1/preprocess/segments/583533_0042.wav,तो उसकी तुरंत हेल्प करेगा जैसे कि कोई चोर वोर दिख जाए उसको तो उसकी मार बीट करेगा अभी तो उसकी हाँ बहुत सारी फिल्में आ रहे है न बैटमैन की मतलब पहुंच बर्दी का मजा ही कोई अलग होता था उसकी बैटमैन की
583533,171333,hi,43,574.5,582.0,7.5,/kaggle/working/Hindi-ASR-Whisper-Pipeline/artifacts/q1/preprocess/segments/583533_0043.wav,अलग ही दुनिया में चला जाता है मतलब मैं ऐसा लगता था कि गौसम सहर में मतलब चला गया हूं मैं ही बैटमैन हूँ ऐसा लगता था मुझे जी
583533,171333,hi,45,617.43,619.44,2.01,/kaggle/working/Hindi-ASR-Whisper-Pipeline/artifacts/q1/preprocess/segments/583533_0045.wav,जी बिल्कुल बिल्कुल
583533,171333,hi,46,622.35,632.97,10.62,/kaggle/working/Hindi-ASR-Whisper-Pipeline/artifacts/q1/preprocess/segments/583533_0046.wav,उससे आग और उड़ता था न की अपन को पढ़ने की चाह बढ़ती थीं हिंदी पढ़ने की कुच चाह जैसे कोई अगर इंग्लिस में कॉमर्स तारी तो इंग्लिस भी पढ़ रे है हिंदी भी पढ़ रे हैं
583533,171333,hi,47,633.45,646.62,13.17,/kaggle/working/Hindi-ASR-Whisper-Pipeline/artifacts/q1/preprocess/segments/583533_0047.wav,उससे अपना पढ़ने की चाह बढ़ती थी अब जो आज कल के बच्चे हैं उनमे पढ़ने की चाह खत्म होती जा रही है क्योंकि उनको सब पता है यूट्यूब पर मिली जाना है उनको तो ये सोचते हैं कि जब ए जब कुछ सब हम ऑनलाइन देख रहेंगे तो पढ़ना किस बात का
583533,171333,hi,48,647.13,657.06,9.93,/kaggle/working/Hindi-ASR-Whisper-Pipeline/artifacts/q1/preprocess/segments/583533_0048.wav,लेकिन जो पढ़ने में वो मज़ा आता था आजकल के बच्चों को इसलिए तो चश्मा लग रहा है कम उम्र में क्योंकि थोड़ा सा वो रोया तो उसके मम्मीपापा ने उसको फोन दे दिया लेकिन अगर. हां
583533,171333,hi,49,658.11,669.51,11.4,/kaggle/working/Hindi-ASR-Whisper-Pipeline/artifacts/q1/preprocess/segments/583533_0049.wav,जैसे कि अपन रोया करते थे तो सबसे अच्छा घरवालों का अपना साथ यह रहा कि घरवालों ने क्या किया कि उनको पटा था उस टाइम पर अपनी कॉमिक्स हीं चलती थी ज़्यादा फोन वगैरह तो उन्हें ज़्यादा नहीं आया थी स्मार्टफोन जब आपने छोटे बचपन मे थे बचपने में हैं ना
583533,171333,hi,50,671.49,683.61,12.12,/kaggle/working/Hindi-ASR-Whisper-Pipeline/artifacts/q1/preprocess/segments/583533_0050.wav,उस टाइम पर कीपैड वगैरह चलते थे फॉन तो फिर धीरे धीरे फिर हां तो इसलिए तो अपना मतलब बचपन मतलब अपन कह सकते हैं गर्व से थी अपना बचपन मतलब बहुत अच्छा व्यतीत हुआ है हे ना
583533,171333,hi,51,685.83,689.61,3.78,/kaggle/working/Hindi-ASR-Whisper-Pipeline/artifacts/q1/preprocess/segments/583533_0051.wav,जी तो अपने कहा लगभग जी और कुछ अगर बताना चाहें आप
583533,171333,hi,52,696.15,706.56,10.41,/kaggle/working/Hindi-ASR-Whisper-Pipeline/artifacts/q1/preprocess/segments/583533_0052.wav,जी बिल्कुल जी मुझे आपसे बात करके लगभग लगभग बहुत अच्छा लगा है बिल्कुल मतलब सुकुन मिला है क्योंकि मेरे ही जैसा एहसास का मिल जाता है कोई बन्दा
583533,171333,hi,53,708.18,711.45,3.27,/kaggle/working/Hindi-ASR-Whisper-Pipeline/artifacts/q1/preprocess/segments/583533_0053.wav,तो मुझे दिल से बहुत ज्यादा सुकुन मिलता है वास्तव में बहुत ज्यादा सुकून
583533,171333,hi,54,716.43,717.99,1.56,/kaggle/working/Hindi-ASR-Whisper-Pipeline/artifacts/q1/preprocess/segments/583533_0054.wav,हिरन हुआ अब कोई बात नहीं
583552,331421,hi,0,0.06,14.52,14.46,/kaggle/working/Hindi-ASR-Whisper-Pipeline/artifacts/q1/preprocess/segments/583552_0000.wav,की जब खर्चा नहीं उठा पाते हैं तो फिर वो पशु हो जाते है और जब तक वह खर्चा उठा रहे होते है वह पालतू पशु रहते मतलब जब तक हमें उनसे फायदा मिल रहा तब क्या होता है वह पालतू पशु है साथ में बात करे जो कुत्ते होते हैं
583552,331421,hi,1,14.58,24.63,10.05,/kaggle/working/Hindi-ASR-Whisper-Pipeline/artifacts/q1/preprocess/segments/583552_0001.wav,बिल्लियाँ होती हैं यह भी एक पालतू पशु के जानवर के रूप में आती है जिससे हम बहुत ही ज्यादा मतलब अट्रैक्ट होते हैं प्यार करते हैं क्योंकि अक्सर कई घरों में भी देखने को मिलता है
583552,331421,hi,2,24.78,39.12,14.34,/kaggle/working/Hindi-ASR-Whisper-Pipeline/artifacts/q1/preprocess/segments/583552_0002.wav,कुत्ते वगैरह बिल्ली वगैरह पालने का बहुत शौक होता है ठीक है बड़े प्यारे भी लगते हैं ये इसमें कोई कहने की बात है नहीं यह मेरा मानना था पालतू जानवर और पशु पे राइट और अगर हम बात करें कि आप किस जानवर के स्वभाव या गुणों की सब
583552,331421,hi,3,39.18,53.91,14.73,/kaggle/working/Hindi-ASR-Whisper-Pipeline/artifacts/q1/preprocess/segments/583552_0003.wav,ज्यादा प्रशंसा करते हैं और क्यों तो भाई अगर मैं बात करते हैं यार जो गाय होती है न गाय उसके जो बच्चे होते हैं बछड़े और बछड़ी तो भाई उनका जो प्यारा सा मतलब जो जब वो छोटे होते हैं तो उनका जो लुक होता है न भाई बहुत अट्रैक्टिव
583552,331421,hi,4,53.91,68.4,14.49,/kaggle/working/Hindi-ASR-Whisper-Pipeline/artifacts/q1/preprocess/segments/583552_0004.wav,अब बहुत प्रभावित करता है एक तरीके से एक बच्चा होता है उसका जो लुक होता है बहुत प्रभावित करता है ना वो चीज यह चीज मुझे बहुत अच्छी लगती है वाकई अगर अगले टॉपिक बे बात करु तो किसी जानवर से जुड़ी कोई यादगार मुलाकात साझा कीजिए
583552,331421,hi,5,68.7,83.46,14.76,/kaggle/working/Hindi-ASR-Whisper-Pipeline/artifacts/q1/preprocess/segments/583552_0005.wav,आज भी आपको मुस्कुरा देती है या सोच में डाल देती है मेरे भाई अगर मैं बात करूँ तो ऐसा सीन अभी तो मुझे कुछ खास याद आ नहीं रहा लेकिन मैं जहां तक सोच पा रहा हूँ मेरे गाओ में एक गाय थी ठीक है
583552,331421,hi,6,83.76,98.22,14.46,/kaggle/working/Hindi-ASR-Whisper-Pipeline/artifacts/q1/preprocess/segments/583552_0006.wav,वहाँ पे क्या था रोज उसको रोटी देना था हाँ रोज उसको चारा वगैरह देना था दैन क्या हुआ कि वहाँ से फिर हमें एजुक हमारी पढ़ाई के लिए दूसरे सहर में आना था तो भाई वो जो उससे बिछड़ने का जो पल था ना बई
583552,331421,hi,7,98.76,112.92,14.16,/kaggle/working/Hindi-ASR-Whisper-Pipeline/artifacts/q1/preprocess/segments/583552_0007.wav,कि अब उसको ना रोटी दे पाऊंगा ना डेली देख पाऊंगा ना उसके साथ खेल पाऊंगा फिर वो चीज बहुत हर्ट करी तो भाई ये चीज मुझे बहुत सोच में डालती है आखिर क्यों आया मैं लेकिन नहीं आता तो फिर हमारे करियर पे सवाल आता
583552,331421,hi,8,113.4,127.26,13.86,/kaggle/working/Hindi-ASR-Whisper-Pipeline/artifacts/q1/preprocess/segments/583552_0008.wav,ठीक है ये चीज है बाकि बात करें आप अपने आसपास के सड़क पर रहने वाले जानवरों से किस तरह जुड़ाव महसूस करते हैं अभी सामान्यतः जैसा मैंने बताया शहरों के सड़कों पे जानवर पशु घूमते हैं
583552,331421,hi,9,127.74,141.39,13.65,/kaggle/working/Hindi-ASR-Whisper-Pipeline/artifacts/q1/preprocess/segments/583552_0009.wav,कभी कभी क्या होता है हम किसी पशु पे दया आ जाती है पशु हमारे घर पे आती है गेट पे आ जाता है तो क्या करते हैं खाली कभी भेजते नहीं हैं हमेशा रोटी रोटी नहीं है तो कुछ भी सब्जी वगैरा उनको खिला देते है
583552,331421,hi,10,141.66,155.16,13.5,/kaggle/working/Hindi-ASR-Whisper-Pipeline/artifacts/q1/preprocess/segments/583552_0010.wav,ताकि ऐसा ना हो कि भाई हमारे गेट पे कोई आया और खाली हाथ चला गया या खाली पेट चला गया ऐसा हमें अंदर से फील होता था भाई कुछ ना कुछ तो इसके लिए करें राइट तो ये चीज होती थी बाकि अगर बात
583552,331421,hi,11,155.16,169.74,14.58,/kaggle/working/Hindi-ASR-Whisper-Pipeline/artifacts/q1/preprocess/segments/583552_0011.wav,अगले टॉपिक की अगर व्यवहारिकता कोई बाधा ना हो तो आप किस जानवर को अपने जीवन का हिस्सा बनाना चाहेंगे और उसमें ऐसा क्या है जो आपको उसके ओर खींचता है भाई जैसा कि मैंने बताया मुझे गाय के बच्चे
583552,331421,hi,12,169.77,183.15,13.38,/kaggle/working/Hindi-ASR-Whisper-Pipeline/artifacts/q1/preprocess/segments/583552_0012.wav,मुझे बहुत अच्छा लगता है ये क्यूट से दिखते हैं भाई मैं उनको ही रखना चाहूंगा उनको ही हिस्सा बनाना चाहूंगा और बाकि उनमें ऐसा क्या है कि जो खींचता है उनका क्यूटनेस ही है भाई जो खींचता है उनके हरकतें उनका खेलना
583552,331421,hi,13,183.39,194.7,11.31,/kaggle/working/Hindi-ASR-Whisper-Pipeline/artifacts/q1/preprocess/segments/583552_0013.wav,इस प्रकार से मुझे बहुत अच्छा लगता है तो मेरा यही मानना है इस टॉपिक में कि भाई पालतू जानवर और पशु के बीच में क्या चीज है बाकि मेरा यहां पर समाप्त होता है आप अपना कंटिन्यू कर सकते हैं
583552,331421,hi,15,202.89,205.08,2.19,/kaggle/working/Hindi-ASR-Whisper-Pipeline/artifacts/q1/preprocess/segments/583552_0015.wav,बिल्कुल भाई आ आ रही है आपकी आवाज़
583552,331421,hi,16,338.28,349.86,11.58,/kaggle/working/Hindi-ASR-Whisper-Pipeline/artifacts/q1/preprocess/segments/583552_0016.wav,बाकि भाई यह आपने एक चीज सही कही कि यार आ अ किसी भी आअअ पशु हो उसको भूके पेट तो नहीं जाना चाहिए क्योंकि यार अगर वो सड़क पर लावारिस गूम रहे ना तो सड़क पे
583552,331421,hi,17,349.92,364.62,14.7,/kaggle/working/Hindi-ASR-Whisper-Pipeline/artifacts/q1/preprocess/segments/583552_0017.wav,कचरे के अलावा कागज पन्नी के अलावा उनको कुछ नहीं मिलता है ठीक है बाकि अगर हर एक घर से या कहीं न कहीं अगर एक मौहल्ला भी कम से कम अपने घर से एक एक या आधी आधी रोटी किसी पशु को खिलाता है न मेरे भाई तो वो मतलब
583552,331421,hi,18,364.74,378.87,14.13,/kaggle/working/Hindi-ASR-Whisper-Pipeline/artifacts/q1/preprocess/segments/583552_0018.wav,उसकी जो भूख होती है सुधा होती है अगर शांत होती है ना तो उसके अंदर से ब्लेसिंग्स निकलती है दुआएं निकलती है ठीक है तो वो बहुत फलतीफूलती है ऐसा मेरा मानना है बाकी आज के टाइम पे आज के आधुनिक भारत में
583552,331421,hi,19,378.9,393.63,14.73,/kaggle/working/Hindi-ASR-Whisper-Pipeline/artifacts/q1/preprocess/segments/583552_0019.wav,जो हम देखते हैं कि गुरू वगैहर है जो आजकल के महान आचार्य वग़ैरह हैं वो भी कही न कही जानवरों से अधिकतर कहूं मैं गायों से ज़्यादा जुड़े होते हैं तब ही तो हमारे जो भारत देश में है बड़ी से बड़ी संख्या में
583552,331421,hi,20,393.84,405.6,11.76,/kaggle/working/Hindi-ASR-Whisper-Pipeline/artifacts/q1/preprocess/segments/583552_0020.wav,गौसालाए खुली हुई है अलगअलग पशु के लिए अलगअलग एक तरीके से एजेंसी चल रही है है ना संस्थाने चल रही है यह हमें देखने को मिला करता है
583552,331421,hi,22,432.21,445.53,13.32,/kaggle/working/Hindi-ASR-Whisper-Pipeline/artifacts/q1/preprocess/segments/583552_0022.wav,जी बिल्कुल भाई ये भी आपने बिल्कुल सच बोला क्योंकि हमें पता यार अगर कहीं पे काम फिफ्टी परसेंट पॉजिटिव हो रहा है तो जाहिर सी बात है वहाँ नेगेटिव जरूर होगी अगर कहीं पे काम नेगेटिव हो रहा है तो वहाँ पॉजिटिव भी जरूर होगा
583552,331421,hi,23,463.17,465.0,1.83,/kaggle/working/Hindi-ASR-Whisper-Pipeline/artifacts/q1/preprocess/segments/583552_0023.wav,नहीं भाई ये तो आप सही कह रहे हो
583552,331421,hi,24,475.71,476.82,1.11,/kaggle/working/Hindi-ASR-Whisper-Pipeline/artifacts/q1/preprocess/segments/583552_0024.wav,हूं बिल्कुल
583552,331421,hi,25,484.68,489.0,4.32,/kaggle/working/Hindi-ASR-Whisper-Pipeline/artifacts/q1/preprocess/segments/583552_0025.wav,बिल्कुल भाई और किसी देश में नहीं हो रहा
583552,331421,hi,26,502.68,517.14,14.46,/kaggle/working/Hindi-ASR-Whisper-Pipeline/artifacts/q1/preprocess/segments/583552_0026.wav,हमारा भारत देश कभी अह पशुओं की जो है एक तरीके से हम कह सकते हैं पशुओं को आदर सम्मान दिया करता था सतयुग के टाईम पे द्वापर युग के टाईम पे और आज
583552,331421,hi,27,517.14,520.08,2.94,/kaggle/working/Hindi-ASR-Whisper-Pipeline/artifacts/q1/preprocess/segments/583552_0027.wav,कलयुग का समय है जब कोई पूछता नहीं है
583552,331421,hi,28,535.86,550.83,14.97,/kaggle/working/Hindi-ASR-Whisper-Pipeline/artifacts/q1/preprocess/segments/583552_0028.wav,और नहीं तो क्या अब पता नहीं कब ऐसा समय आएगा जब लोगों का नजरिया बदलेगा सोच बदलेगा सरकारें बदलेगी सोच बदलेगी तब जाकर कि जो भारत देश है वही पुराना वाला फिर से आदर्श सम्मानित देश बनेगा अभी क्या है कि
583552,331421,hi,29,550.86,565.65,14.79,/kaggle/working/Hindi-ASR-Whisper-Pipeline/artifacts/q1/preprocess/segments/583552_0029.wav,कहने को सिर्फ अगर हम देखें तो भारत देश एक अच्छा भारत देश बनाया जा रहा है क्योंकि आजकल की जो सरकार है ये सारा चीज ऐसा मतलब अपने फायदे के चक्कर में बना दे रही है भले ही किसी का फायदा हो या ना हो सरकारों का फायदा हो रहा है
583552,331421,hi,30,565.65,575.07,9.42,/kaggle/working/Hindi-ASR-Whisper-Pipeline/artifacts/q1/preprocess/segments/583552_0030.wav,सिर्फ और सिर्फ और आजकल के जो इंटरनेट वगैरा मीडिया वगैरा जो इंफ्लुएंसर्स वगैरा है ये भी उनका ही फेवर करते हैं जो उनको ज़्यादा से ज़्यादा पैसा फेक्ता है
583552,331421,hi,31,591.3,605.97,14.67,/kaggle/working/Hindi-ASR-Whisper-Pipeline/artifacts/q1/preprocess/segments/583552_0031.wav,REDACTED
583552,331421,hi,32,606.15,615.78,9.63,/kaggle/working/Hindi-ASR-Whisper-Pipeline/artifacts/q1/preprocess/segments/583552_0032.wav,या तो भाई बीच में कोई बिचोलिया होगा जो घोटाला कर रहा है या तो मेन सरकार के तरफ से ही पैसा कमा रहा है लेकिन दिखाया इतना जा रहा है कि भाई पैसा बहुत ज़्यादा आ रहा है
583552,331421,hi,33,625.29,627.99,2.7,/kaggle/working/Hindi-ASR-Whisper-Pipeline/artifacts/q1/preprocess/segments/583552_0033.wav,बिल्कुल भाई कर भी क्या सकता है
583552,331421,hi,34,659.76,670.08,10.32,/kaggle/working/Hindi-ASR-Whisper-Pipeline/artifacts/q1/preprocess/segments/583552_0034.wav,जी बिल्कुल भाई अब अ इस ची अगर स्थिति को हमें सुधारना हैं तो कुछ नहीं बस हमारे सोच मानसिकता और नजरया नजरिया बदलने की जरूरत हैं
583552,331421,hi,35,678.9,679.95,1.05,/kaggle/working/Hindi-ASR-Whisper-Pipeline/artifacts/q1/preprocess/segments/583552_0035.wav,बिल्कुल भाई
583552,331421,hi,36,685.23,698.91,13.68,/kaggle/working/Hindi-ASR-Whisper-Pipeline/artifacts/q1/preprocess/segments/583552_0036.wav,अब यहां पर सीन ऐसा होता है कि अगर हम समझ लेते हैं कि भाई हम जो कार्य कर रहे हैं ये हमारे समाज के हित में है.
583552,331421,hi,37,699.03,713.07,14.04,/kaggle/working/Hindi-ASR-Whisper-Pipeline/artifacts/q1/preprocess/segments/583552_0037.wav,किसी को क्षति नहीं पहुंच रही है वो चीज बढ़िया हो जाती है लेकिन अगर हम अपने ही फायदे के लिए कुछ भी नहीं देख रहे हैं कि सिर्फ हमारा फायदा हो रहा है जानवर जाए भाड में हम प्लास्टिक वगैरा खुद कागज वगैरा जो होते हैं है ना
583552,331421,hi,38,713.25,727.95,14.7,/kaggle/working/Hindi-ASR-Whisper-Pipeline/artifacts/q1/preprocess/segments/583552_0038.wav,आ डिस्पोजल वगैरा सडकों पे कई बार फेक आया करते हैं चना मूंगफली खा रहे है तो अखबार को पॉलिथीन को फेक दिया करते हैं राइट तो ये सब जब जब तक हम खुद से आगे होकर कि ये सारी चीज़े सही नहीं करने चलेंगे
583552,331421,hi,39,728.01,731.82,3.81,/kaggle/working/Hindi-ASR-Whisper-Pipeline/artifacts/q1/preprocess/segments/583552_0039.wav,हम दूसरों को कुछ नहीं कह सकते क्योंकि सुरुआत हमेशा खुद से होती है
583552,331421,hi,40,736.08,741.51,5.43,/kaggle/working/Hindi-ASR-Whisper-Pipeline/artifacts/q1/preprocess/segments/583552_0040.wav,हां ना तो भाई ये सिंपल सी बात है तो खुद से शुरुआत करते है एक अच्छा नया राष्ट्र बनाने को
583552,331421,hi,41,744.0,748.17,4.17,/kaggle/working/Hindi-ASR-Whisper-Pipeline/artifacts/q1/preprocess/segments/583552_0041.wav,बाकी भाई आपसे बात करके बहुत अच्छा लगा धन्यवाद भाई
583991,256866,hi,0,0.18,14.97,14.79,/kaggle/working/Hindi-ASR-Whisper-Pipeline/artifacts/q1/preprocess/segments/583991_0000.wav,हां वैसे तो मैं भी स्टूडेंट ही हूँ हांजी तो हांजी तो लेकिन अभी मैं अपने करियर के ऊपर ही काफी हद तक वो
583991,256866,hi,1,14.97,25.32,10.35,/kaggle/working/Hindi-ASR-Whisper-Pipeline/artifacts/q1/preprocess/segments/583991_0001.wav,फोकस कर रही हूँ क्योंकि मेरा आखरी साल है पढ़ाई का तो उसके बाद मैं ज़्यादातर कोशिश कर रही हूँ कि मेरी कही पे अच्छी जोब लग जाए
583991,256866,hi,2,28.17,39.27,11.1,/kaggle/working/Hindi-ASR-Whisper-Pipeline/artifacts/q1/preprocess/segments/583991_0002.wav,वैसे मैं मैथ्स की तैयारी कर रही हूँ तो मुझे आगे उसी फील्ड में टीचर बनना है टीचर या प्रोफेसर बनना है तो आगे मैं उसी चीजों को लेकर मैं देख रहीं हूँ
583991,256866,hi,3,41.4,56.07,14.67,/kaggle/working/Hindi-ASR-Whisper-Pipeline/artifacts/q1/preprocess/segments/583991_0003.wav,हाँजी आप आप किस टाइप का करियर कर रहे हैं ओ ओके अच्छा तो
583991,256866,hi,4,56.58,71.43,14.85,/kaggle/working/Hindi-ASR-Whisper-Pipeline/artifacts/q1/preprocess/segments/583991_0004.wav,टॉपिक यही है कि प्रारंभिक अनुभव आपने कब ऐसा सोचा कि आपको मेडिकल लाइन में जाना है
583991,256866,hi,5,71.67,86.34,14.67,/kaggle/working/Hindi-ASR-Whisper-Pipeline/artifacts/q1/preprocess/segments/583991_0005.wav,REDACTED
583991,256866,hi,6,86.49,100.2,13.71,/kaggle/working/Hindi-ASR-Whisper-Pipeline/artifacts/q1/preprocess/segments/583991_0006.wav,हां जी नहीं बहुत बढ़िया में भी पहले जब छोटी थी तो मैं अपने दोस्तों को कई बार कुछ
583991,256866,hi,7,100.2,114.39,14.19,/kaggle/working/Hindi-ASR-Whisper-Pipeline/artifacts/q1/preprocess/segments/583991_0007.wav,चीज़े समझते थी उनको काफी अच्छे से समझ आती थी तो मेरी टीचर भी हम सवाक्षी देते थे तू आज भी टीचिंग मैं जा सकती है तू बोहोत अच्छे से समझाती है तो मेरा वहाँ से लैक टीचिंग को लैक व इन्टरेस्ट बड़ा
583991,256866,hi,8,114.39,129.33,14.94,/kaggle/working/Hindi-ASR-Whisper-Pipeline/artifacts/q1/preprocess/segments/583991_0008.wav,कि मैं टीचिंग लाइन ज्वाइन कर सकती हूं तो अगला पॉइंट है आपके वर्तमान कार्य में ऐसा कौन सा पहलू है जो आपको सबसे अधिक उर्जा देता है अ
583991,256866,hi,9,129.63,144.27,14.64,/kaggle/working/Hindi-ASR-Whisper-Pipeline/artifacts/q1/preprocess/segments/583991_0009.wav,अ आपके वर्तमान कार्य में ऐसा कौन सा पहलू है जो आपको सबसे अधिक ऊर्जा देता है
583991,256866,hi,10,144.33,158.64,14.31,/kaggle/working/Hindi-ASR-Whisper-Pipeline/artifacts/q1/preprocess/segments/583991_0010.wav,REDACTED
583991,256866,hi,11,159.24,174.12,14.88,/kaggle/working/Hindi-ASR-Whisper-Pipeline/artifacts/q1/preprocess/segments/583991_0011.wav,हांजी
583991,256866,hi,12,174.12,189.09,14.97,/kaggle/working/Hindi-ASR-Whisper-Pipeline/artifacts/q1/preprocess/segments/583991_0012.wav,REDACTED
583991,256866,hi,13,189.24,193.95,4.71,/kaggle/working/Hindi-ASR-Whisper-Pipeline/artifacts/q1/preprocess/segments/583991_0013.wav,हुं बढ़िया
583991,256866,hi,14,199.32,213.03,13.71,/kaggle/working/Hindi-ASR-Whisper-Pipeline/artifacts/q1/preprocess/segments/583991_0014.wav,आ ऐसे तो अगर टीचिंग की बात करु तो अगर मैं किसी बच्चे को समझाओं और उसको समझ में आ रहा हो और एक पॉजिटिव रेस्पॉन्स उसकी तरफ से मिल रहा हो कि हा मुझे समझ में आ रहा है आप अच्छा समझाते हो
583991,256866,hi,15,213.42,226.02,12.6,/kaggle/working/Hindi-ASR-Whisper-Pipeline/artifacts/q1/preprocess/segments/583991_0015.wav,तो वो चीज मुझे बहुत खुश करती है मुझे उर्जा प्रदान करती है कि मैं ज्यादा से ज्यादा अच्छा काम कर सकूं और मेरा भी ऐसा मन है कि अगर मैं लाइफ में बहुत ज्यादा अच्छे सक्सेसफुल मैं बन सकूं
583991,256866,hi,16,226.56,240.48,13.92,/kaggle/working/Hindi-ASR-Whisper-Pipeline/artifacts/q1/preprocess/segments/583991_0016.wav,तो मैं जितना हो सके अ जो बच्चे टयूशन अफोर्ड नहीं कर पाते हैं कम पैसे होते हैं जिनके पास तो उनको सस्ते में या फ्री में भी पढ़ा सकूं तो क्योंकि मैंने मेरे टाइम में भी मैंने
583991,256866,hi,17,240.63,255.09,14.46,/kaggle/working/Hindi-ASR-Whisper-Pipeline/artifacts/q1/preprocess/segments/583991_0017.wav,कई बार कई ऐसी ट्यूशन की हैं मेरे टीचर भी काफ़ी अच्छे थे जिन्होंने मुझे बहुत कम फीस में पढ़ाया है तो मैं उनसे बहुत इंस्पायर होती हूँ कि मैं भी अपने जीवन में उनकी तरह करना चाहूंगी कुछ वो जिस मुझे काफ़ी ऊर्जा देती है
583991,256866,hi,18,286.2,287.94,1.74,/kaggle/working/Hindi-ASR-Whisper-Pipeline/artifacts/q1/preprocess/segments/583991_0018.wav,REDACTED
583991,256866,hi,19,292.5,297.69,5.19,/kaggle/working/Hindi-ASR-Whisper-Pipeline/artifacts/q1/preprocess/segments/583991_0019.wav,हां जी अह
583991,256866,hi,20,306.27,318.72,12.45,/kaggle/working/Hindi-ASR-Whisper-Pipeline/artifacts/q1/preprocess/segments/583991_0020.wav,हाँ थोड़ा थोड़ा तो अलग अलग हुआ क्योंकि उह शुरु शुरु में मेरा डांसर बनने का मन था वो बहुत छोटी थी उस टाइम
583991,256866,hi,21,319.23,332.01,12.78,/kaggle/working/Hindi-ASR-Whisper-Pipeline/artifacts/q1/preprocess/segments/583991_0021.wav,फिर मैंने मेरे रिलेटिव्स में मेरे रिश्तेदारी में एक अ दो मेरे भाईया का सी ए क्लियर हुआ रिश्तेदारी में ही तो उनको देखके मुझे इंस्पिरेशन मिली कि मुझे सी ए करना है.
583991,256866,hi,22,332.64,347.1,14.46,/kaggle/working/Hindi-ASR-Whisper-Pipeline/artifacts/q1/preprocess/segments/583991_0022.wav,फिर धीरे धीरे आगे फिर टेक्नोलॉजी का जमाना आने लग गया कंप्यूटर्स वाले चीजें आईं तो फिर मेरा इंट्रेस्ट कंप्यूटर की तरफ भी जाने लगा कि मुझे कंप्यूटर से रिलेटेड कुछ करना है क्योंकि ज्यादातर जॉब्स कंप्यूटर रिलेटेड फील्ड में ही मिल रही थी
583991,256866,hi,23,347.91,361.65,13.74,/kaggle/working/Hindi-ASR-Whisper-Pipeline/artifacts/q1/preprocess/segments/583991_0023.wav,तो एक तरफ मन उधर भी जाता था कि मैं कोई कंप्यूटर कि ही लाइन में जाऊ क्योंकि वहां पर जॉब्स है आज के टाइम में तो जब मैंने मेरी बेचलरस की थी आह बेचलरस की थी तो उस टाइम मैंने मेरा सब्जेक्ट मेरे को मैथ्स
583991,256866,hi,24,361.71,376.05,14.34,/kaggle/working/Hindi-ASR-Whisper-Pipeline/artifacts/q1/preprocess/segments/583991_0024.wav,सब्जेक्ट में आगे बढ़ना था तो मैथ का सब्जेक्ट और साथ में कंप्यूटर मैने दोनों ले के चला कि मैं देखती हु तीन साल के अंदर में मेरा किस्में ज्यादा इंटरेस्ट बन पाता है जिसमें ज्यादा इंटरेस्ट बनेगा फिर आगे जा के मै फिर उसी को अपना करियर बनाऊं
583991,256866,hi,25,376.41,390.99,14.58,/kaggle/working/Hindi-ASR-Whisper-Pipeline/artifacts/q1/preprocess/segments/583991_0025.wav,तो बहुत टाइम लगा ऐसे नहीं है कि एकदम से मैने बिल्कुल स्टार्टिंग से ही सोच रखा था कि टीचर बनूंगी मैने ऑलमोस्ट मैक्सिमम मैने हर फील्ड को थोड़ा थोड़ा पढ़ा है ताकि मुझे समझ में आया कि मेरा इंटरेस्ट किसमें है
583991,256866,hi,28,440.67,442.35,1.68,/kaggle/working/Hindi-ASR-Whisper-Pipeline/artifacts/q1/preprocess/segments/583991_0028.wav,हां जी
583991,256866,hi,29,447.6,452.61,5.01,/kaggle/working/Hindi-ASR-Whisper-Pipeline/artifacts/q1/preprocess/segments/583991_0029.wav,हाँ जी हाँ जी
583991,256866,hi,30,479.31,481.77,2.46,/kaggle/working/Hindi-ASR-Whisper-Pipeline/artifacts/q1/preprocess/segments/583991_0030.wav,हां वो तो है ही
583991,256866,hi,33,555.9,570.84,14.94,/kaggle/working/Hindi-ASR-Whisper-Pipeline/artifacts/q1/preprocess/segments/583991_0033.wav,फिलहाल तो मैं नोकरी का उतना देखती नहीं हूँ लेकिन फिर भी मैं ऑनलाइन कुछ कुछ पार्ट टाइम जॉब का मैं देखती हूँ तो फिलहाल पार्ट टाइम जॉब के अकॉर्डिंग तो पहले मैं ये जेक करती हूँ कि कितना टाइम मुझे देना पड़ेगा
583991,256866,hi,34,571.23,581.4,10.17,/kaggle/working/Hindi-ASR-Whisper-Pipeline/artifacts/q1/preprocess/segments/583991_0034.wav,क्योंकि मैं बहुत ज़्यादा टाइम नहीं दे सकती गिनती के चार या पांच घंटे ही मैं दिन के निकाल सकती और उसे ज्यादा मैं नहीं निकाल सकती फिलहाल काम के लिए तो मेरी अभी पढ़ाई भी अभी चल ही रही है
583991,256866,hi,35,583.29,596.4,13.11,/kaggle/working/Hindi-ASR-Whisper-Pipeline/artifacts/q1/preprocess/segments/583991_0035.wav,हां तो मैं वो चीज सबसे पहले देखती हूँ कि हां भाई मैं कितना टाइम उसमे दे मुझे देना पङेगा कि बहुत ज्यादा टाइम दे मै नहीं दे सकती और दूसरा फिर मैं हां मतलब पैसे ही देखती हूँ कि
583991,256866,hi,36,597.06,607.44,10.38,/kaggle/working/Hindi-ASR-Whisper-Pipeline/artifacts/q1/preprocess/segments/583991_0036.wav,उस काम के हिसाब से मेरे को पैसे कितने मिल रहे हैं मतलब पार्ट टाइम के हिसाब से मैं बहुत ज्यादा भी एक्सपेक्ट नहीं कर सकती लेकिन कम से कम इतना हो कि मेरे मेरी खर्चे के लिए निकल जाए
583991,256866,hi,37,610.68,625.53,14.85,/kaggle/working/Hindi-ASR-Whisper-Pipeline/artifacts/q1/preprocess/segments/583991_0037.wav,हां और फिलहाल के टाइम पार्ट टाइम इसलिए भी देखती हूं कि ताकि मेरे को कुछ एक्सपीरियंस हो जाए टीचिंग का क्योंकि ज़्यादातर चीजें ऐसे ऑनलाइन शिफ्ट हो रही है तो आगे जाके ऑनलाइन टीचिंग का बहुत स्कोप है
583991,256866,hi,38,626.04,641.04,15.0,/kaggle/working/Hindi-ASR-Whisper-Pipeline/artifacts/q1/preprocess/segments/583991_0038.wav,तो मैं उसी के अंदर अभी फिलहाल आ कोशिश करती हू कि मेरी जॉब लग जाए कहीं पे भी तो उसके लिए मैं काफी अभी हद तक ट्राय करती हू और जो कारक हैं जिन जिनको मैं पहले देखती हू कि क्या क्या चीज़े मुझे होनी चाहिए तो वही है पहला पार्ट टाइम में देखती हु
583991,256866,hi,39,641.28,651.27,9.99,/kaggle/working/Hindi-ASR-Whisper-Pipeline/artifacts/q1/preprocess/segments/583991_0039.wav,फूल टाइम में भी नहीं देखती और दूसरा मनी देखती हूं और तीसरा मैं देखती हूं क्यों सिर्फ वह कंपनी कितनी अच्छे कि उसका एक्सपीडियन्स कहीं पे मेरे को काम आए
583991,256866,hi,42,674.64,678.63,3.99,/kaggle/working/Hindi-ASR-Whisper-Pipeline/artifacts/q1/preprocess/segments/583991_0042.wav,हां
583991,256866,hi,45,722.55,736.68,14.13,/kaggle/working/Hindi-ASR-Whisper-Pipeline/artifacts/q1/preprocess/segments/583991_0045.wav,और अभी जैसे तो मैं ऑनलाइन देख रही हूं तो मेरे को ऐसे जगह की दिक्कत नहीं महसूस होती मैं जहा मैं वहीं पे काम कर सकती हूं लेकिन कल को अगर मैं ऑफलाइन गई ऑफिस में या किसी स्कूल में देखूंगी तो मैं फिर वहा की
583991,256866,hi,46,736.68,751.5,14.82,/kaggle/working/Hindi-ASR-Whisper-Pipeline/artifacts/q1/preprocess/segments/583991_0046.wav,वो जगह का देखूंगी की वो जगह मेरे घर से क्या कितनी दूर पड़ रही है या किसी ओर शहर में ही मुझे काम मिल रहा है तो वहा रहने की मेरे लिए व्यवस्था हे की नहीं वो एरिया कंफर्टेबल उसके आस पास मुझे कोई एरिया कंफर्टेबल मिलता है कि नहीं
583991,256866,hi,47,751.83,763.02,11.19,/kaggle/working/Hindi-ASR-Whisper-Pipeline/artifacts/q1/preprocess/segments/583991_0047.wav,क्योंकि ऐज अ लड़की फिर मुझे अपनी सेफ्टी का भी देखना है मैं कहीं पे भी तो जाके नहीं रुक सकती हां तो वो वो चीज भी देखनी है
583991,256866,hi,49,771.27,786.06,14.79,/kaggle/working/Hindi-ASR-Whisper-Pipeline/artifacts/q1/preprocess/segments/583991_0049.wav,वही होता है कि अब जैसे मुझे मेरे घर के पास मेरे को कहीं पे तीस हजार की भी मिल रही है नोकरी और दूसरे शहर में मुझे पच्चास हजार की मिल रही है लेकिन वहाँ आसपास में रहने का कोई जगह नहीं मिल रहा
583991,256866,hi,50,786.24,799.2,12.96,/kaggle/working/Hindi-ASR-Whisper-Pipeline/artifacts/q1/preprocess/segments/583991_0050.wav,वहाँ से दूर रहना पड़ रहा है मुझे रोज का ट्रेवलिंग का दिक्कत होगा तो फिर मैं वो पचास हजार वाली क्यों ही करूँगी इससे अच्छा मैं तीस हजार वाली कर लूँगी कम से कम मैं अपने घर पे टाइम से आउँगी घर पे रहूँगी
583991,256866,hi,51,806.94,814.8,7.86,/kaggle/working/Hindi-ASR-Whisper-Pipeline/artifacts/q1/preprocess/segments/583991_0051.wav,हां वह तो है टीचर को उतना ज्यादा ऐसे कोई डिस रिस्पेक्ट इतनी जल्दी होता नहीं है
583991,256866,hi,52,826.44,838.77,12.33,/kaggle/working/Hindi-ASR-Whisper-Pipeline/artifacts/q1/preprocess/segments/583991_0052.wav,हां अब मैं अगर दूसरे शहर में रह रही हूं तो वहां ठीक है मै जब तक स्कूल में हूं तब तक लोगों को पता है कि मै टीचर हूं बाहर निकलने पे किसको पता है कि मै टीचर हूं तो वो तो बाहर का मुझे देखना है नां
583991,256866,hi,54,845.7,853.29,7.59,/kaggle/working/Hindi-ASR-Whisper-Pipeline/artifacts/q1/preprocess/segments/583991_0054.wav,ह्म्म आगे है अगर आप कल से किसी भी नए करियर की शुरुआत कर सके तो आप कौन सा रास्ता चुनेंगे और क्यों
583991,256866,hi,55,855.63,861.84,6.21,/kaggle/working/Hindi-ASR-Whisper-Pipeline/artifacts/q1/preprocess/segments/583991_0055.wav,तो आप बताएंगे कि आप मेडिकल के अलावा आप क्या करना चाहेंगे
583991,256866,hi,56,885.66,888.3,2.64,/kaggle/working/Hindi-ASR-Whisper-Pipeline/artifacts/q1/preprocess/segments/583991_0056.wav,ओके
583991,256866,hi,57,911.61,914.37,2.76,/kaggle/working/Hindi-ASR-Whisper-Pipeline/artifacts/q1/preprocess/segments/583991_0057.wav,हांजी
583991,256866,hi,58,926.91,939.24,12.33,/kaggle/working/Hindi-ASR-Whisper-Pipeline/artifacts/q1/preprocess/segments/583991_0058.wav,मैं मैं कोडिंग की फील्ड में चली जाऊंगी मैं मतलब आई_टी सेक्टर के अंदर चली जाऊंगी क्योंकि मैंने कंप्यूटर ले रखा हैं बैचलर्स तक हैं मेरा कंप्यूटर साइंस का तो
583991,256866,hi,59,941.07,954.96,13.89,/kaggle/working/Hindi-ASR-Whisper-Pipeline/artifacts/q1/preprocess/segments/583991_0059.wav,मेरी कंप्यूटर साइंस में ही डिग्री हे इंजीनियरिंग नहीं हे बी एस सी कंप्यूटर साइंस हे तो उसमें मैथ्स और कंप्यूटर साइंस दोनों था है तो अब मैं जो मास्टर्स कर रही हूं वह मैथमेटिक्स में है सिर्फ
583991,256866,hi,60,955.62,969.87,14.25,/kaggle/working/Hindi-ASR-Whisper-Pipeline/artifacts/q1/preprocess/segments/583991_0060.wav,तो मैं अगर स्विच करना भी चाहूं तो कंप्यूटर साइंस में स्विच कर सकती हूं अ मुझे बस कुछ चीजें सीखनी होंगी कोडिंग वगैरा मैं सीख लूं मुझे चीजें बनानी आ जाए तो मैं कंप्यूटर लाइन में स्विच कर सकती हूं आराम से तो अगर मेरे को कल को
583991,256866,hi,61,969.9,982.71,12.81,/kaggle/working/Hindi-ASR-Whisper-Pipeline/artifacts/q1/preprocess/segments/583991_0061.wav,कोई और करियर ऑप्शन लेना होगा तो में येही टेक्नोलॉजी की फिल्ड का ही लूंगी क्योंकी आगे जेनेरेशन भी उसकी है ए_आई जेनेरेशन होने वाली हैं धीरे धीरे और मैथ भी काफी हद तक कम्प्यूटर से रिलेटेड ही होता हैं
583991,256866,hi,62,982.74,996.57,13.83,/kaggle/working/Hindi-ASR-Whisper-Pipeline/artifacts/q1/preprocess/segments/583991_0062.wav,लोगों को पता नहीं होता अभी हम पढ़ रहे तो अ हमें पता है किस तरीके का काम आता है कंप्यूटर की फील्ड मे तो मुझे पता है कि अगर मुझको स्विच करना होगा तो मैं कंप्यूटर की फील्ड में आराम से स्विच कर सकती
583991,256866,hi,63,1004.88,1019.16,14.28,/kaggle/working/Hindi-ASR-Whisper-Pipeline/artifacts/q1/preprocess/segments/583991_0063.wav,शिकायतें हुई है शिकायतें लेकिन भाई उसे टाइम इतना इंटरेस्ट मेरा बना नहीं कुछ चीज तो मैंने काफी अच्छी तरीके से मैं सीखी ये नहीं है कि मैंने सीखी नहीं सिलेबस करना ही था तो वह चीज़ सीखने ही पड़ी लेकिन एक वह इंटरेस्ट
583991,256866,hi,64,1019.16,1028.43,9.27,/kaggle/working/Hindi-ASR-Whisper-Pipeline/artifacts/q1/preprocess/segments/583991_0064.wav,के बाद होती है और फिर जब में मैथ का कर री हूं तो दो से तीन साल मेरे मैथ्य में भी लगेंगे तो उसकी तो वो पीछे वाली चीजें मै भूल भी जाऊंगी
583991,256866,hi,65,1028.43,1042.26,13.83,/kaggle/working/Hindi-ASR-Whisper-Pipeline/artifacts/q1/preprocess/segments/583991_0065.wav,जब मेरे को अगर कम्प्यूटर के फील्ड में जाना भी होगा तो मुझे एक बार शुरू से सबकुछ शुरू करना पड़ेगा टाइम कम लगेगा मुझे क्यूंकि मेरे को पहले से एक्सपीरिएंस है कुछ कुछ चीजों का हाँ बैकग्राउंड कंप्यूटर वाला है
583991,256866,hi,66,1042.53,1049.52,6.99,/kaggle/working/Hindi-ASR-Whisper-Pipeline/artifacts/q1/preprocess/segments/583991_0066.wav,तो ज्यादा से ज्यादातर मुझे छः सात महीने लगेंगे यह चीजे सीखने में उसके बाद मे जा सकते थी जो भी है किसी कंप्यूटर रिलेटेड जॉब पे
583991,256866,hi,67,1052.34,1054.56,2.22,/kaggle/working/Hindi-ASR-Whisper-Pipeline/artifacts/q1/preprocess/segments/583991_0067.wav,हांजी
583991,256866,hi,70,1079.28,1093.2,13.92,/kaggle/working/Hindi-ASR-Whisper-Pipeline/artifacts/q1/preprocess/segments/583991_0070.wav,और भी फ़ील्ड हैं ज़रूरी नही है सिर्फ़ कोडिंग ही कम्प्यूटर्स में और भी होता है डिज़ायनिंग वगेरा होता है बैकएंड डिज़ायनिंग होती है फ्रंट एंड डिजाइनिंग होती है तो वो भी चीजें उसमें कोडिंग की ज़रूरत नही होती उसमें आपकी क्रीएटिविटी की ज़रूरत होती
583991,256866,hi,71,1093.2,1095.15,1.95,/kaggle/working/Hindi-ASR-Whisper-Pipeline/artifacts/q1/preprocess/segments/583991_0071.wav,सर आपको कंप्यूटर चलाना आना चाहिए
583991,256866,hi,72,1101.45,1104.51,3.06,/kaggle/working/Hindi-ASR-Whisper-Pipeline/artifacts/q1/preprocess/segments/583991_0072.wav,आ नाइन प्वाइंट फाइव आउट ऑफ टेन
583991,256866,hi,73,1109.64,1110.93,1.29,/kaggle/working/Hindi-ASR-Whisper-Pipeline/artifacts/q1/preprocess/segments/583991_0073.wav,ओके. बाय बाय
584003,208422,hi,0,2.94,12.21,9.27,/kaggle/working/Hindi-ASR-Whisper-Pipeline/artifacts/q1/preprocess/segments/584003_0000.wav,हां आप भी स्टुडेंट हो किसके कहां तो
584003,208422,hi,1,23.97,27.48,3.51,/kaggle/working/Hindi-ASR-Whisper-Pipeline/artifacts/q1/preprocess/segments/584003_0001.wav,मतलब किस चीज की तैयारी कर रहे हैं पढ़ाई कर रहें हैं आप
584003,208422,hi,3,38.46,44.07,5.61,/kaggle/working/Hindi-ASR-Whisper-Pipeline/artifacts/q1/preprocess/segments/584003_0003.wav,अच्छा हा तो बढ़िया है अह तो पहले
584003,208422,hi,4,46.77,57.69,10.92,/kaggle/working/Hindi-ASR-Whisper-Pipeline/artifacts/q1/preprocess/segments/584003_0004.wav,मैं मेम अभी कॉमपीटीशन की तैयारी तो मैं भी कर रहा हूं मैं मेडिकल की करता हूं हां हा तो इसलिए हम्म
584003,208422,hi,5,64.11,77.07,12.96,/kaggle/working/Hindi-ASR-Whisper-Pipeline/artifacts/q1/preprocess/segments/584003_0005.wav,जैसे मैंने तो मैं मैं जैसे स्कूलिंग में था जब मैं हाफ टाइम मेडिकल पे जाता था वो वो मेरी कजन कज़न की थी तो वहाँ से इंटरेस्ट मेरा पैदा हुआ
584003,208422,hi,6,77.91,92.07,14.16,/kaggle/working/Hindi-ASR-Whisper-Pipeline/artifacts/q1/preprocess/segments/584003_0006.wav,तो फिर मेरी हम सब ने भी इसमें ही अपना कदम बढ़ाया तो मैंने सोचा मेरी तो पहले से ही मेडिकल लाइन है मैं भी बढ़ा लेता हूँ मैं भी तैयारी कर लेता हूँ
584003,208422,hi,7,93.54,95.58,2.04,/kaggle/working/Hindi-ASR-Whisper-Pipeline/artifacts/q1/preprocess/segments/584003_0007.wav,इस हिसाब से हम्म
584003,208422,hi,8,117.69,122.49,4.8,/kaggle/working/Hindi-ASR-Whisper-Pipeline/artifacts/q1/preprocess/segments/584003_0008.wav,हम्म हां
584003,208422,hi,9,125.07,132.24,7.17,/kaggle/working/Hindi-ASR-Whisper-Pipeline/artifacts/q1/preprocess/segments/584003_0009.wav,थोड़ा जोर से बोलेंगे मेरी थोड़ा जोर से बोलेंगे मेरी कान आपके आवाज सुनने के लिए तरस रहें
584003,208422,hi,10,141.3,154.74,13.44,/kaggle/working/Hindi-ASR-Whisper-Pipeline/artifacts/q1/preprocess/segments/584003_0010.wav,उम्म ये बताये ऐसे कौन सा कार्य है जो आपको सबसे ज्यादा ऊर्जा देता है जैसे मेरे वर्तमान कार्य में मेरे को अभी व्यायाम एक्सरसाइज योगा वगैरह करना है वो सबसे ज़्यादा मेरे को उर्जा देता है
584003,208422,hi,11,154.8,168.69,13.89,/kaggle/working/Hindi-ASR-Whisper-Pipeline/artifacts/q1/preprocess/segments/584003_0011.wav,क्योंकि उस समय तो कान्फिडेंस आता है कि हा ज मैंने कुछ किया हे अपने लिए और जैसे व्यायाम वगैरह करते हैं तो इसमें हेल्थ वगैरह तो सही होती है वो हार्मोन बगैर तो होती है उसका नहीं मेरे बाद
584003,208422,hi,12,168.78,183.75,14.97,/kaggle/working/Hindi-ASR-Whisper-Pipeline/artifacts/q1/preprocess/segments/584003_0012.wav,वो तो होता है साइड में मेरा माईड के साथ खेल ये यह चला है जैसे मैं व्यायाम करता हूं मेरे को अलग ही आत्मविश्वास आता है की हां मैंने अपने लिए कुछ किया मैंने जो सोचा वो किया मैंने मेरे शरीर
584003,208422,hi,13,183.75,197.85,14.1,/kaggle/working/Hindi-ASR-Whisper-Pipeline/artifacts/q1/preprocess/segments/584003_0013.wav,मन मन की ना सुनके मैंने मेरी दिमाग़ की सुने इस तरह से वो मेरे को ज्यादा ऊर्जा मिलती है वैसे आपको सबसे ज्यादा किस कार्य में ऊर्जा मिलती है
584003,208422,hi,14,254.79,267.66,12.87,/kaggle/working/Hindi-ASR-Whisper-Pipeline/artifacts/q1/preprocess/segments/584003_0014.wav,जी मैं आपकी सोच सोच को सलाम करता हूं जैसा की आपने बोला आप जिसको जो समझाते हैं अगर जब उनकी तरफ से आपको तारीफ मिले तो अच्छा लगता है जी बिल्कुल ये मैने भी अनुभव किया है
584003,208422,hi,15,267.9,282.72,14.82,/kaggle/working/Hindi-ASR-Whisper-Pipeline/artifacts/q1/preprocess/segments/584003_0015.wav,कि टीचर के लिए सबसे अच्छा यही लगता है जैसे मैंने भी कभीकभी दोस्तों वगैरा को कभी कोई टॉपिक नहीं समझ में आया होगा मेरे को आ गया हो तो होगा तो मैंने उनको समझाया होगा तो उनके तरफ से जो सब रिस्पॉन्स आता है न कि मैम
584003,208422,hi,16,283.02,295.74,12.72,/kaggle/working/Hindi-ASR-Whisper-Pipeline/artifacts/q1/preprocess/segments/584003_0016.wav,ये आपने अच्छा अच्छा पढ़ाया या फिर मेरे को अच्छे से समझ आ गया अब तक नही आता तो उसकी सेटीफ़क्सन अलग लेवल की होती है और हां तो
584003,208422,hi,17,295.83,309.96,14.13,/kaggle/working/Hindi-ASR-Whisper-Pipeline/artifacts/q1/preprocess/segments/584003_0017.wav,आपकी करियर प्राथमिकता छात्र जीवन के बाद से अब तक कैसे बदली है जैसे आप बचपन से ही टीचर बनना चाहती थी या सबके जैसे बचपन में अलगअलग होते हैं फिर जैसे जैसे
584003,208422,hi,18,310.02,313.74,3.72,/kaggle/working/Hindi-ASR-Whisper-Pipeline/artifacts/q1/preprocess/segments/584003_0018.wav,टाइम निकलता है
584003,208422,hi,21,346.86,348.12,1.26,/kaggle/working/Hindi-ASR-Whisper-Pipeline/artifacts/q1/preprocess/segments/584003_0021.wav,हम्म
584003,208422,hi,23,390.84,404.16,13.32,/kaggle/working/Hindi-ASR-Whisper-Pipeline/artifacts/q1/preprocess/segments/584003_0023.wav,हां जी बिल्कुल जी आपने जैसे बोला है कि डांस मैं जरूर शुरू में डांस करना चाहते थे वैसे डांस तो अभी भी आप कर सके नौकरी लगने के बाद भी अगर जा आप करना चाहें तो कर सकते हैं हाँ
584003,208422,hi,24,404.67,417.24,12.57,/kaggle/working/Hindi-ASR-Whisper-Pipeline/artifacts/q1/preprocess/segments/584003_0024.wav,उसमें करियर बनाना बाद में मुश्किल हो जाएगा पर डांस कर सकते हैं जैसे कंप्यूटर सीखना आपने बोला तो कंप्यूटर वगैरा टेली वगैरा आप कभी भी सीख सकते हैं क्योंकि ये हमारे सोख है
584003,208422,hi,25,417.27,431.67,14.4,/kaggle/working/Hindi-ASR-Whisper-Pipeline/artifacts/q1/preprocess/segments/584003_0025.wav,और शोक चाहे करियर बने या ना बने शौक शौक़ रहने चाहिए समझ गए जैसे मैं अपना बताता हूँ तो मैं पहले पहले मैं बनना चाहता था अपने सबसे पहले क्या बनना चाहता था मैं
584003,208422,hi,26,432.66,446.58,13.92,/kaggle/working/Hindi-ASR-Whisper-Pipeline/artifacts/q1/preprocess/segments/584003_0026.wav,हम्म सबसे पहले हां सबसे पहले मैं एक बिजनेस मैन दुकानदार बनना चाहता था मैं एक दुकान पर जाता था पापा के साथ तो मैंने सोचा मैं भी दुकानदार बनूंगा
584003,208422,hi,27,446.88,461.73,14.85,/kaggle/working/Hindi-ASR-Whisper-Pipeline/artifacts/q1/preprocess/segments/584003_0027.wav,वाडिया होगा और क्योंकि जैसा हम देखते हैं वैसा बनना चाहते हैं फिर वो दुकान दुकान चोरी फिर फिर मेरे को मेरा कोई कजन था वो मोबाइल की दुकान थी उसके मोबाइल की दुकान की सौंप थी तो मैंने
584003,208422,hi,28,461.76,473.79,12.03,/kaggle/working/Hindi-ASR-Whisper-Pipeline/artifacts/q1/preprocess/segments/584003_0028.wav,सोचा कि मोबाइल की दुकान की शॉप पर मोबाइल की दुकान की शोप खोलनी है वो है करनी है उसमें फिर क्या है कि पापा ने बोला पढ़ना है ये तो
584003,208422,hi,29,474.3,487.71,13.41,/kaggle/working/Hindi-ASR-Whisper-Pipeline/artifacts/q1/preprocess/segments/584003_0029.wav,जो जो कम पढ़े लिखे होते हैं वो करते हैं जबकि ऐसा नहीं होता कोई भी कर सकता है फिर फिर वहाँ फिर फिर मेरा मन हुआ मैं डॉक्टर बनने का क्योंकि मैंने मेडिकल जॉइन कर ली थी
584003,208422,hi,30,487.86,502.23,14.37,/kaggle/working/Hindi-ASR-Whisper-Pipeline/artifacts/q1/preprocess/segments/584003_0030.wav,तो फिर मैं मेडिकल लाइन में आ गया और यहाँ से जैसा कि मैंने जॉब भी कर ली थी इस सेक्टर में तो मैंने कहा एक बार ट्राई लेते हैं मेडिकल फिल्ड में मेडिकल फील्ड ही है अपनी इसमें कुछ करना है गवर्नमेंट लगी तो नहीं
584003,208422,hi,31,502.26,517.11,14.85,/kaggle/working/Hindi-ASR-Whisper-Pipeline/artifacts/q1/preprocess/segments/584003_0031.wav,प्राइविज तो करना ही पड़ेगा और जैसा कि और बाद में जैसा कि होता है डांस वगैरहा का तो मेरा शौक था इसमें करियर बन जाता है क्योंकि सबकी किस्मत एक जैसे नहीं होती किसी किसी कि
584003,208422,hi,32,517.17,531.63,14.46,/kaggle/working/Hindi-ASR-Whisper-Pipeline/artifacts/q1/preprocess/segments/584003_0032.wav,सौ सौ की करियर बन जाते हैं पर मेरी साथ वो किस्मत नहीं थी मेरे जो शौक थे वो कभी अभी तक तो करियर नहीं बन पाए अगर जो शौक करियर बन पाते बन पाते हैं तो उससे बढ़िया क्या होगा
584003,208422,hi,33,532.23,546.51,14.28,/kaggle/working/Hindi-ASR-Whisper-Pipeline/artifacts/q1/preprocess/segments/584003_0033.wav,वो कहते है ना जिस चीज़ को आप चाहते हो उसको उसको करियर बनाओ वो तो हाँ वो हो जाए तो और बढ़िया हां हो रहा है यही था बस और
584003,208422,hi,34,546.66,554.34,7.68,/kaggle/working/Hindi-ASR-Whisper-Pipeline/artifacts/q1/preprocess/segments/584003_0034.wav,अगला टॉपिक है जब आप किसी नौकरी का ऑफर तोल तोलते हैं तो आपकी सूची में सबसे ऊपर कौन से कारक होते हैं और क्यों
584003,208422,hi,35,557.01,560.49,3.48,/kaggle/working/Hindi-ASR-Whisper-Pipeline/artifacts/q1/preprocess/segments/584003_0035.wav,जैसे जैसे आपने बोला हां
584003,208422,hi,37,569.01,576.06,7.05,/kaggle/working/Hindi-ASR-Whisper-Pipeline/artifacts/q1/preprocess/segments/584003_0037.wav,हुं
584003,208422,hi,38,579.54,582.6,3.06,/kaggle/working/Hindi-ASR-Whisper-Pipeline/artifacts/q1/preprocess/segments/584003_0038.wav,हम्म जी बिल्कुल
584003,208422,hi,39,597.24,601.05,3.81,/kaggle/working/Hindi-ASR-Whisper-Pipeline/artifacts/q1/preprocess/segments/584003_0039.wav,हां वो तो मैम
584003,208422,hi,40,605.76,613.56,7.8,/kaggle/working/Hindi-ASR-Whisper-Pipeline/artifacts/q1/preprocess/segments/584003_0040.wav,वेल्यू हा वेल्यू फॉर आवर होना चाहिए वहीं बात है हा वो ह
584003,208422,hi,42,651.96,666.06,14.1,/kaggle/working/Hindi-ASR-Whisper-Pipeline/artifacts/q1/preprocess/segments/584003_0042.wav,हूं जी बिल्कुल जैसे अगर मैं भी अभी अपने करियर की बात करूँ मैं अगर ज कहीं पर स्विच करना चाहता हूँ अपनी जॉब या पर कहीं और जानना चाहता हूँ तो मैं भी सबसे पहले जो होता है काम किस के लिए करते हैं
584003,208422,hi,43,666.39,677.61,11.22,/kaggle/working/Hindi-ASR-Whisper-Pipeline/artifacts/q1/preprocess/segments/584003_0043.wav,पैसे के लिए तो सबसे पहले सरलेज देखूंगा कि यहां पर कितनी मिलती है वहां पर कितनी मिलती है इस सेम टाइम में क्या मिलती है और फिर देखूंगा बंदे का व्यवहार
584003,208422,hi,44,677.7,689.4,11.7,/kaggle/working/Hindi-ASR-Whisper-Pipeline/artifacts/q1/preprocess/segments/584003_0044.wav,व्यवहार कैसा है जो वहां के ओनर है वहां के स्टाफ है वहां पर पॉलिटिक्स होती है या फिर काम होता है कैसा क्या होता है ओनर कैसा है ओनर ज़्यादा वो
584003,208422,hi,45,689.91,702.96,13.05,/kaggle/working/Hindi-ASR-Whisper-Pipeline/artifacts/q1/preprocess/segments/584003_0045.wav,झगड़ालू तो नहीं है वो चीज देखता हूँ मैं यानि अप अपनापन दिखाता है या फिर ऐसा ही है वो चीज देखता हूँ मैं और तीसरा देखता हूँ कि जो मैं स्विच करने जा रहा हूँ अभी इसी जॉब में
584003,208422,hi,46,703.08,717.3,14.22,/kaggle/working/Hindi-ASR-Whisper-Pipeline/artifacts/q1/preprocess/segments/584003_0046.wav,क्या ऐआई के जमाने में उसकी वैल्यू रहेगी या फिर मैं पैसों के चक्कर में बाई चांस अभी वह पैसे दो तीन हजार रूपये ज्यादा मिल रहे हैं पर क्या पता दोतीन साल बाद वह जॉब भी ना रहे फिर ना घर का ना घाट का तो यह चीज है
584003,208422,hi,47,717.36,723.72,6.36,/kaggle/working/Hindi-ASR-Whisper-Pipeline/artifacts/q1/preprocess/segments/584003_0047.wav,ये भी मैं चीज देखता हूं और जैसा कि तो आपने आपने
584003,208422,hi,48,744.51,747.72,3.21,/kaggle/working/Hindi-ASR-Whisper-Pipeline/artifacts/q1/preprocess/segments/584003_0048.wav,हाँ वो कंफरटेबल है या नहीं आपके हिसाब से नहीं
584003,208422,hi,49,757.23,770.61,13.38,/kaggle/working/Hindi-ASR-Whisper-Pipeline/artifacts/q1/preprocess/segments/584003_0049.wav,जी बिल्कुल सेफ्टी हां सेफ्टी आपके लिए बहुत जरूरी है पैसे दो पैसे कम मिल जाए पर सेफ्टी क्या वो रहता है इसमें तो कुछ नहीं आज कल तो
584003,208422,hi,50,770.67,774.12,3.45,/kaggle/working/Hindi-ASR-Whisper-Pipeline/artifacts/q1/preprocess/segments/584003_0050.wav,जितनी भी अगर जो आप एजुकेशन फिल्ड में हा
584003,208422,hi,52,797.58,811.62,14.04,/kaggle/working/Hindi-ASR-Whisper-Pipeline/artifacts/q1/preprocess/segments/584003_0052.wav,वैसे वैसे मेरा मानना है एजुकेशन फील्ड में सेफ्टी सबसे ज़्यादा जो होती है एजुकेशन फील्ड में ही होती है है न अगर यही हां
584003,208422,hi,53,812.16,827.1,14.94,/kaggle/working/Hindi-ASR-Whisper-Pipeline/artifacts/q1/preprocess/segments/584003_0053.wav,हां यही अग्रज है हा हा यही अग्रज है कॉरपोरेट वगैरा में देखते हैं तो वहां पर वेर अपन कह सकते हैं कि सेफ्टी पर कुछ कह नहीं सकते हैं न कहीं भी कुछ भी हो सकता है
584003,208422,hi,54,833.07,844.26,11.19,/kaggle/working/Hindi-ASR-Whisper-Pipeline/artifacts/q1/preprocess/segments/584003_0054.wav,हूँ हाँ वही है हाँ बाहर का देख के क्या करना वही है
584003,208422,hi,55,853.83,856.68,2.85,/kaggle/working/Hindi-ASR-Whisper-Pipeline/artifacts/q1/preprocess/segments/584003_0055.wav,हाँ आप अप
584003,208422,hi,56,859.17,873.57,14.4,/kaggle/working/Hindi-ASR-Whisper-Pipeline/artifacts/q1/preprocess/segments/584003_0056.wav,जैसे हां जैसे मैं मैं अगर जब मेड़िकल मेडिकल के अलावा बाई बाई चांस कहीं पे जाना हो तो मैं फिर अपने अगर मेरी कंडिशन अच्छी हो कंडिशन होय तो मेरा बैकग्राउंड अच्छा हो या फिर मैं
584003,208422,hi,57,874.05,888.63,14.58,/kaggle/working/Hindi-ASR-Whisper-Pipeline/artifacts/q1/preprocess/segments/584003_0057.wav,अब मेरे पैसों वगैरह की दिक्कत ना हो तो मैं फिर इसमें मॉडलिंग की तरफ और ए ना कहते है इसकी तरफ डांसिंग की तरफ जाऊंगा क्योंकि ये मेरा शौक भी है वैसे मेरे को तो.
584003,208422,hi,58,888.9,903.24,14.34,/kaggle/working/Hindi-ASR-Whisper-Pipeline/artifacts/q1/preprocess/segments/584003_0058.wav,ये क्या कहते है अपन के वैसे मेरे को तो क्या कहते हैं डांस वगैरह ही करने का शौक है अकेले इसमे
584003,208422,hi,59,903.33,917.76,14.43,/kaggle/working/Hindi-ASR-Whisper-Pipeline/artifacts/q1/preprocess/segments/584003_0059.wav,केरियर बन जाए तो अच्छा है इसके लिए वही है कि इसमें बहुत क्या करता है पहले इन्वेस्टमेंट मांगती है ये चीज़े और मैंने इन्वेस्टमेंट मांगने के बाद वो सक्सेस हो पाया नहीं उसकी कोई गारंटी नहीं होती
584003,208422,hi,60,917.85,927.51,9.66,/kaggle/working/Hindi-ASR-Whisper-Pipeline/artifacts/q1/preprocess/segments/584003_0060.wav,इसके लिए इस टिसमेंट पे मैं पहले नहीं गया मैंने सीधा मेडिकल लिया वहां आप अगर आपको स्विच करना हो तो किधर जाएंगे आप
584003,208422,hi,62,937.89,940.41,2.52,/kaggle/working/Hindi-ASR-Whisper-Pipeline/artifacts/q1/preprocess/segments/584003_0062.wav,आपने किसमें की है डिग्री किस्में की है
584003,208422,hi,63,943.02,944.79,1.77,/kaggle/working/Hindi-ASR-Whisper-Pipeline/artifacts/q1/preprocess/segments/584003_0063.wav,इंजीनियरिंग
584003,208422,hi,66,967.92,969.03,1.11,/kaggle/working/Hindi-ASR-Whisper-Pipeline/artifacts/q1/preprocess/segments/584003_0066.wav,REDACTED
584003,208422,hi,68,997.11,1005.81,8.7,/kaggle/working/Hindi-ASR-Whisper-Pipeline/artifacts/q1/preprocess/segments/584003_0068.wav,जी बिल्कुल मेम ऐसा है ना कॉलेज में ये प्रेक्टिकल नहीं सीखाते कोडिंग वगैरह
584003,208422,hi,71,1034.88,1043.46,8.58,/kaggle/working/Hindi-ASR-Whisper-Pipeline/artifacts/q1/preprocess/segments/584003_0071.wav,हूं क्योंकि आपका बैकग्राउंड ही कंप्यूटर वाला हां तो आपका टाइम है तो आप
584003,208422,hi,72,1049.82,1064.76,14.94,/kaggle/working/Hindi-ASR-Whisper-Pipeline/artifacts/q1/preprocess/segments/584003_0072.wav,हा जी बिलकुल वैसे अ वैसे अभी वैसे जैसे कोडिंग की बात करे तो ए आई कोडिंग वाली जो भी ले रहा है वो इतना ही लेगा जितना की
584003,208422,hi,73,1065.09,1079.07,13.98,/kaggle/working/Hindi-ASR-Whisper-Pipeline/artifacts/q1/preprocess/segments/584003_0073.wav,वस स्टैंड का काम करेगा जैसे जो भी कोडर होगा हाँ उसके नीचे असिस्टेंट का काम हुआ इज़ीली कर लेगा मतलब कोडर की प्रोडक्टिविटी बढ़ा सकता है हाँ क्योंकि इसमें तो वो होता है की
584003,208422,hi,74,1079.1,1080.63,1.53,/kaggle/working/Hindi-ASR-Whisper-Pipeline/artifacts/q1/preprocess/segments/584003_0074.wav,क्रिएटिविटी चाहिए होती है
584003,208422,hi,75,1089.15,1100.4,11.25,/kaggle/working/Hindi-ASR-Whisper-Pipeline/artifacts/q1/preprocess/segments/584003_0075.wav,जि जी जी बिल्कुल आपसे बात करके अच्छा लगा मैम अहह वैसे मेरी आवाज़ को क्या रेट देना चाहेगी आप
584003,208422,hi,76,1104.99,1110.03,5.04,/kaggle/working/Hindi-ASR-Whisper-Pipeline/artifacts/q1/preprocess/segments/584003_0076.wav,ये मेरे को यकीन नहीं हो रहा ओके बाय
615319,266660,hi,0,7.46,14.99,7.53,/kaggle/working/Hindi-ASR-Whisper-Pipeline/artifacts/q1/preprocess/segments/615319_0000.wav,हाँ हां तो ठीक है मैं मै अपनी जो घटना है मैं बताता हूँ देखिए जेसे
615319,266660,hi,1,24.62,39.53,14.91,/kaggle/working/Hindi-ASR-Whisper-Pipeline/artifacts/q1/preprocess/segments/615319_0001.wav,हां तो इसके बाद है हमारे पास एक है म मैंने जो अ अ किताबों में पढ़ा था और हमारे दस्वी कच्छा में एक मीरा बाई के रिलेटेड में मै पढ़ा था
615319,266660,hi,2,39.92,54.14,14.22,/kaggle/working/Hindi-ASR-Whisper-Pipeline/artifacts/q1/preprocess/segments/615319_0002.wav,है ना तो उनके जो जीवन शैली में जो घटनाएं हुई थी उसको उससे मैं काफी ज्यादा कुछ अ सीखा और समझा था और उनसे बहुत सारी ऐसे प्रेरणाएं मैंने ली थी
615319,266660,hi,3,55.73,59.93,4.2,/kaggle/working/Hindi-ASR-Whisper-Pipeline/artifacts/q1/preprocess/segments/615319_0003.wav,तो आपने कभी इनके बारे में कभी पढ़ा था
615319,266660,hi,5,66.77,71.06,4.29,/kaggle/working/Hindi-ASR-Whisper-Pipeline/artifacts/q1/preprocess/segments/615319_0005.wav,हाँ तो अ उनके जीवन के बारे में कुछ पहलू बता सकते हैं
615319,266660,hi,6,102.29,103.91,1.62,/kaggle/working/Hindi-ASR-Whisper-Pipeline/artifacts/q1/preprocess/segments/615319_0006.wav,जी हां
615319,266660,hi,7,106.19,120.89,14.7,/kaggle/working/Hindi-ASR-Whisper-Pipeline/artifacts/q1/preprocess/segments/615319_0007.wav,अ हाँ और वो उह उनका एक बहुत अच्छा एक दोहा लाइन रहा है मेरे तो गिरिधर गोपाल दूसरे ना कोई ये अपने आप में एक उह छोटा सा लाइन है लेकिन इसकी व्याख्या काफी
615319,266660,hi,8,121.01,125.51,4.5,/kaggle/working/Hindi-ASR-Whisper-Pipeline/artifacts/q1/preprocess/segments/615319_0008.wav,अ हा लंबी हो सकती है बड़ी हो सकती है उतना हमारे पास समय भी नहीं है आ
615319,266660,hi,9,129.35,131.3,1.95,/kaggle/working/Hindi-ASR-Whisper-Pipeline/artifacts/q1/preprocess/segments/615319_0009.wav,जी हां जी हां आ
615319,266660,hi,10,134.66,149.15,14.49,/kaggle/working/Hindi-ASR-Whisper-Pipeline/artifacts/q1/preprocess/segments/615319_0010.wav,जी बिलकुल बिल्कुल तो इनसे इनसे न काफी कुछ सीखा जा सकता है अपने जीवन में बदलाव किया जा सकता है जैसे कि इन्होंने अपने जीवन को केवल भक्ति में में ही और
615319,266660,hi,11,149.36,164.27,14.91,/kaggle/working/Hindi-ASR-Whisper-Pipeline/artifacts/q1/preprocess/segments/615319_0011.wav,एक संसार में रहते हुए हर कार्य को इन्होंने काफी अच्छे से किया है और इनकी जो जीवन में अह जो समस्याएं आई तो ये कभी उस समस्याएं को खुद से
615319,266660,hi,12,164.36,179.24,14.88,/kaggle/working/Hindi-ASR-Whisper-Pipeline/artifacts/q1/preprocess/segments/615319_0012.wav,आ ये चीज लिए ही नहीं क्योंकि इनको एक भरोसा था कि हमारे जो भगवान है जो कि श्री कृष्ण है अ वो सारा कुछ देख लेंगे हमें इसकी चिंता बिलकुल भी नहीं करनी चाहिए और दूसरी चीज ये है कि
615319,266660,hi,14,195.32,196.85,1.53,/kaggle/working/Hindi-ASR-Whisper-Pipeline/artifacts/q1/preprocess/segments/615319_0014.wav,जी हाँ और
615319,266660,hi,15,202.31,217.25,14.94,/kaggle/working/Hindi-ASR-Whisper-Pipeline/artifacts/q1/preprocess/segments/615319_0015.wav,जी हांजी हां और दूसरी चीज की दूसरी चीज यह भी थी इनकी कि यह इनको किसी चीज से डर नहीं लगता था इनके अंदर से जो डर था वो बिल्कुल भी चला गया था समझे
615319,266660,hi,16,217.34,229.79,12.45,/kaggle/working/Hindi-ASR-Whisper-Pipeline/artifacts/q1/preprocess/segments/615319_0016.wav,तो ये बिलकुल किसी भी कार्य को करती थी तो बिलकुल आह डर इनके अंदर था ही नहीं और इन्होंने जो विष का प्याला जो था जी हाँ
615319,266660,hi,17,231.65,246.32,14.67,/kaggle/working/Hindi-ASR-Whisper-Pipeline/artifacts/q1/preprocess/segments/615319_0017.wav,और जो इन्होंने आ विष का प्याला जो पिया था वो आ वो भी इन्होंने बड़े प्यार से जैसे हम लोग आ एक भोजन के थाल को अपने सामने बड़े चाव से खाते पीते हैं उस तरीके से आ इन्होंने
615319,266660,hi,18,246.38,260.66,14.28,/kaggle/working/Hindi-ASR-Whisper-Pipeline/artifacts/q1/preprocess/segments/615319_0018.wav,अपना किया था उसे पिया था और इनको पूरा भरोसा था कि जब मेरे गिरधर गोपाल का यह प्रसाद है तो मुझे कुछ होगा ही नहीं और उन्होंने इसको बड़े अच्छे से पिया था और
615319,266660,hi,19,260.9,275.18,14.28,/kaggle/working/Hindi-ASR-Whisper-Pipeline/artifacts/q1/preprocess/segments/615319_0019.wav,ऐसा बोला जाता है कि उन्हें इसके पीने के बाद कुछ हुआ भी नहीं था तो यही है और ये हां क्या बोल रहे हैं तो ये जो
615319,266660,hi,20,275.69,290.45,14.76,/kaggle/working/Hindi-ASR-Whisper-Pipeline/artifacts/q1/preprocess/segments/615319_0020.wav,मतलब जो भक्तिकाल की ये हैं और ये काफी अच्छा कविता और कृष्ण भक्त रही हैं और इनसे हमें बहुत सारे चीजे सीखने के लिए मिलती है अपने जीवन में जो परेशानिया आ रही होती है जिस
615319,266660,hi,21,290.48,305.24,14.76,/kaggle/working/Hindi-ASR-Whisper-Pipeline/artifacts/q1/preprocess/segments/615319_0021.wav,भी हम लोग को लड़ने की शक्ति मिलती है और बहुत ऐसी चीजें हैं जो इनसे हम लोग सीख सकते हैं अपने जीवन मे इसे उतार सकते हैं और यही सब हमारा रहा है
615319,266660,hi,22,305.33,309.2,3.87,/kaggle/working/Hindi-ASR-Whisper-Pipeline/artifacts/q1/preprocess/segments/615319_0022.wav,और अब अगले टॉपिक पर बात करते हैं
615319,266660,hi,23,326.48,334.82,8.34,/kaggle/working/Hindi-ASR-Whisper-Pipeline/artifacts/q1/preprocess/segments/615319_0023.wav,कि मेरा तो मैंने तो ये किताब पढ़ी नहीं है लेकिन आपका कोई ऐसा है आपका कुछ अनुभव है तो वो बताएं
615351,270265,hi,0,1.67,10.34,8.67,/kaggle/working/Hindi-ASR-Whisper-Pipeline/artifacts/q1/preprocess/segments/615351_0000.wav,तो सर एक्चुली अ आप चाहें तो आप पहले डिस्क्राइब सकते हैं बीकोस सर फिर बाद में मेरे को थोड़ सा टाइम चाहिए डेट्स वाई.
615351,270265,hi,1,15.59,24.35,8.76,/kaggle/working/Hindi-ASR-Whisper-Pipeline/artifacts/q1/preprocess/segments/615351_0001.wav,सो एक्चुअली इस मे कोई घटना के बारे में बात हो रही है इस बारे में जीवन बदल देने वाली किताबें पूछी हैं और बतानी है कि ऐसी किताबें होती हैं या नहीं होती लाइक दिस
615351,270265,hi,2,28.34,29.81,1.47,/kaggle/working/Hindi-ASR-Whisper-Pipeline/artifacts/q1/preprocess/segments/615351_0002.wav,जी
615351,270265,hi,3,32.9,35.15,2.25,/kaggle/working/Hindi-ASR-Whisper-Pipeline/artifacts/q1/preprocess/segments/615351_0003.wav,REDACTED
615351,270265,hi,4,51.08,63.38,12.3,/kaggle/working/Hindi-ASR-Whisper-Pipeline/artifacts/q1/preprocess/segments/615351_0004.wav,सर किसके बारे में
615351,270265,hi,5,66.23,68.0,1.77,/kaggle/working/Hindi-ASR-Whisper-Pipeline/artifacts/q1/preprocess/segments/615351_0005.wav,या
615351,270265,hi,6,77.57,90.47,12.9,/kaggle/working/Hindi-ASR-Whisper-Pipeline/artifacts/q1/preprocess/segments/615351_0006.wav,सर मीराबाई अ एक कृष्ण की भक्ति थी और कवित्री थी मीराबाई ने कृष्ण भक्त मे तब वो पदों कि रचनाएं भी कि थी शायद से
615351,270265,hi,7,90.68,102.41,11.73,/kaggle/working/Hindi-ASR-Whisper-Pipeline/artifacts/q1/preprocess/segments/615351_0007.wav,ऐतिहासिक श्रुति के अनुसार मेरे भाई को आ मारने के लिए उनके परिवासे कुछ सदस्यों ने जहर का प्याला भेजा था और जिसका उन पर कोई असर नहीं हुआ था
615351,270265,hi,8,104.45,119.09,14.64,/kaggle/working/Hindi-ASR-Whisper-Pipeline/artifacts/q1/preprocess/segments/615351_0008.wav,सर इतना ही पता है मेरे को बारे में उनके बारे में
615351,270265,hi,9,121.73,136.67,14.94,/kaggle/working/Hindi-ASR-Whisper-Pipeline/artifacts/q1/preprocess/segments/615351_0009.wav,सर यह फिफ्टीन फोर्टी सेवेन में इनकी डेड हुई थी और द्वारिका में और कुर्की कुर्की में बॉर्न हुई थी राजस्थान
615351,270265,hi,10,144.5,158.99,14.49,/kaggle/working/Hindi-ASR-Whisper-Pipeline/artifacts/q1/preprocess/segments/615351_0010.wav,या जी
615351,270265,hi,11,169.97,176.39,6.42,/kaggle/working/Hindi-ASR-Whisper-Pipeline/artifacts/q1/preprocess/segments/615351_0011.wav,जी
615351,270265,hi,12,179.51,192.29,12.78,/kaggle/working/Hindi-ASR-Whisper-Pipeline/artifacts/q1/preprocess/segments/615351_0012.wav,छह इन्होंने बोला भी था मेरा हृदय कृष्ण का है और मेरे प्रियतम मेरे सब कुछ है और अ आ इन्होंने ऐसे बोला था और मैंने अपने अ दिव्य प्रभू के प्रेम के लिए संसार के
615351,270265,hi,13,192.44,207.11,14.67,/kaggle/working/Hindi-ASR-Whisper-Pipeline/artifacts/q1/preprocess/segments/615351_0013.wav,आचरण को त्याग दिया था इन्होंने ऐसे भी बोला था कुछ कृष्ण है मेरा एक मात्र आश्रय और मेरा सत्वानंम प्रेम परम सत्य है ऐसे जी जी
615351,270265,hi,14,207.47,221.96,14.49,/kaggle/working/Hindi-ASR-Whisper-Pipeline/artifacts/q1/preprocess/segments/615351_0014.wav,REDACTED
615351,270265,hi,15,222.32,235.88,13.56,/kaggle/working/Hindi-ASR-Whisper-Pipeline/artifacts/q1/preprocess/segments/615351_0015.wav,ये सर डिवोटी ऑफ लॉर्ड कृष्ण है न
615351,270265,hi,16,259.58,263.96,4.38,/kaggle/working/Hindi-ASR-Whisper-Pipeline/artifacts/q1/preprocess/segments/615351_0016.wav,REDACTED
615351,270265,hi,17,266.24,276.17,9.93,/kaggle/working/Hindi-ASR-Whisper-Pipeline/artifacts/q1/preprocess/segments/615351_0017.wav,जी सर हुं यश सर आप बोलिए सर
615351,270265,hi,18,278.78,292.85,14.07,/kaggle/working/Hindi-ASR-Whisper-Pipeline/artifacts/q1/preprocess/segments/615351_0018.wav,यस सर
615351,270265,hi,19,294.05,297.2,3.15,/kaggle/working/Hindi-ASR-Whisper-Pipeline/artifacts/q1/preprocess/segments/615351_0019.wav,REDACTED
615351,270265,hi,20,299.51,304.73,5.22,/kaggle/working/Hindi-ASR-Whisper-Pipeline/artifacts/q1/preprocess/segments/615351_0020.wav,जी जी
615351,270265,hi,21,307.46,317.21,9.75,/kaggle/working/Hindi-ASR-Whisper-Pipeline/artifacts/q1/preprocess/segments/615351_0021.wav,जी सर मोस्टली जीवन बदल देने वाली किताबें बहुत सारी होती हैं बट लेकिन जिन्होंने लिखा होता है उसी के ऑथर
615351,270265,hi,22,317.45,326.06,8.61,/kaggle/working/Hindi-ASR-Whisper-Pipeline/artifacts/q1/preprocess/segments/615351_0022.wav,और वो उनके उनके ऊपर एक बार आप ध्यान देतो अहह उन्होंने कुछ कुछ सोच समझ के ही किताबें लिखी होगी तो सर किताब आती है थिंक रिच और ग्रो रिच
615351,270265,hi,23,331.46,346.37,14.91,/kaggle/working/Hindi-ASR-Whisper-Pipeline/artifacts/q1/preprocess/segments/615351_0023.wav,सर आती है एक्चुली अ या सर अ थिंक एन प्रोगेस और यह कैसी किताब है ये जैसे नैपोलियन हिल ने लिखी थी किताब अब आप लोग सोच रहे होंगे अ आप सोच रहे होंगे कि यह मतलब भार से खी हुई किताब है
615351,270265,hi,24,346.4,359.45,13.05,/kaggle/working/Hindi-ASR-Whisper-Pipeline/artifacts/q1/preprocess/segments/615351_0024.wav,बट सर एक्चुली इस किताब के पीछे है ना बहुत ज़्यादा आ मतलब म कोई ऐसी कहानी है जिन्होने ने वो सोच समझ के लिखी है सोचिये और अमीर बनि अमीर बनिये इस किताब का मतलब हिंदी में ये है
615351,270265,hi,25,359.45,374.12,14.67,/kaggle/working/Hindi-ASR-Whisper-Pipeline/artifacts/q1/preprocess/segments/615351_0025.wav,और सर अ इसके बारे में मतलब होता है कि अ यह नेपोलियन हिल द्वारा लिखी गई किताब है जो सफलता और धन प्राप्त करने की अह केंद्रित है और पुस्तक में हर सफलता के थर्टीन तरीकों
615351,270265,hi,26,374.45,388.01,13.56,/kaggle/working/Hindi-ASR-Whisper-Pipeline/artifacts/q1/preprocess/segments/615351_0026.wav,वह प्रस्तुत करते हैं जो व्यक्तिगत विकास और धन आ संचय के लिए आवश्यक है जैसे कि सफलता एए सफलता की ठाटी संग्दित इच्छा इसके अंदर इसने आ मतलब लोग मनोबल होते हैं सब जो है
615351,270265,hi,27,388.01,402.98,14.97,/kaggle/working/Hindi-ASR-Whisper-Pipeline/artifacts/q1/preprocess/segments/615351_0027.wav,REDACTED
629862,337446,hi,0,6.86,21.38,14.52,/kaggle/working/Hindi-ASR-Whisper-Pipeline/artifacts/q1/preprocess/segments/629862_0000.wav,जी जिनका गाँव होता है उन्हें पता होता है और जो गाँव जाते है उनकी संस्कृति दादा दादी सब रहते हैं बुजुर्ग से ही रहती है संस्कृति ना जी तो वही गाँव के बारे में ही बात करना है आज हमें ठीक है कौन
629862,337446,hi,1,21.5,24.32,2.82,/kaggle/working/Hindi-ASR-Whisper-Pipeline/artifacts/q1/preprocess/segments/629862_0001.wav,हां एक बचपन के बारे में आप गाओं का किस्सा बता सकते हैं:
629862,337446,hi,3,83.57,85.07,1.5,/kaggle/working/Hindi-ASR-Whisper-Pipeline/artifacts/q1/preprocess/segments/629862_0003.wav,जी
629862,337446,hi,4,95.48,109.55,14.07,/kaggle/working/Hindi-ASR-Whisper-Pipeline/artifacts/q1/preprocess/segments/629862_0004.wav,अच्छा आप मुझे ये बताइए जैसे कि आपको घर का अर्थ कब समझ में आया जब आप गाँव में थे तब या फिर आपने जब गाँव छोड़ा तब क्योंकि मुझे तो लगता है गाँव में ही एक घर घर लग
629862,337446,hi,5,109.61,121.28,11.67,/kaggle/working/Hindi-ASR-Whisper-Pipeline/artifacts/q1/preprocess/segments/629862_0005.wav,ये शहर में तो सब चार लोग एक जगह तो रहते हैं बट चारों के हाथ में अलगअलग फोन होता है बट गाँव में अभी तो वैसा हो गया हाँ
629862,337446,hi,6,137.96,151.91,13.95,/kaggle/working/Hindi-ASR-Whisper-Pipeline/artifacts/q1/preprocess/segments/629862_0006.wav,जी ये तो होता ही है जैसे की बचपन में बात अलग था किसी के पास फोन नहीं था तब उतना फोन का जमाना ही नहीं था अभी क्या है कि फोन का जमाना हो गया तो फोन में ही सब रहते हैं
629862,337446,hi,7,153.59,157.46,3.87,/kaggle/working/Hindi-ASR-Whisper-Pipeline/artifacts/q1/preprocess/segments/629862_0007.wav,जी जी आपकी आवाज आ रही है
629862,337446,hi,8,160.7,162.29,1.59,/kaggle/working/Hindi-ASR-Whisper-Pipeline/artifacts/q1/preprocess/segments/629862_0008.wav,ठीक है अभी आ रही मेरी आवाज़
629862,337446,hi,10,192.8,200.69,7.89,/kaggle/working/Hindi-ASR-Whisper-Pipeline/artifacts/q1/preprocess/segments/629862_0010.wav,हा जी हा जी है ना कोई एक ऐसा स्वाद जो आपको बचपन का याद दिलाए या फिर कोई ऐसा ध्वनि आवाज
629862,337446,hi,11,206.93,210.47,3.54,/kaggle/working/Hindi-ASR-Whisper-Pipeline/artifacts/q1/preprocess/segments/629862_0011.wav,जीजा जी आप बोल रहे हैं गांव से आप गांव से है या फिर बिहार से
629862,337446,hi,12,220.82,222.14,1.32,/kaggle/working/Hindi-ASR-Whisper-Pipeline/artifacts/q1/preprocess/segments/629862_0012.wav,छक्का छो रियानों
629862,337446,hi,13,234.08,246.38,12.3,/kaggle/working/Hindi-ASR-Whisper-Pipeline/artifacts/q1/preprocess/segments/629862_0013.wav,नानी जी का कचोरी हाँ मेरी मम्मी भी वो जैसे कि नानी जी जो कचोरी बनाती थी सेम टेस्ट आता है मैंने खाया नहीं है बट लोग बोलते कि हाँ सेम है
629862,337446,hi,14,252.11,255.77,3.66,/kaggle/working/Hindi-ASR-Whisper-Pipeline/artifacts/q1/preprocess/segments/629862_0014.wav,हा अच्छा हां हां
629862,337446,hi,15,265.76,280.16,14.4,/kaggle/working/Hindi-ASR-Whisper-Pipeline/artifacts/q1/preprocess/segments/629862_0015.wav,जी जैसे की गांव तो हम गए नहीं है ज्यादा बट हाँ एक दो बार गए है तो वही गांव में जैसे की पहले तो हम लोग जाते थे तो मुझे एक ही चीज मतलब बहुत ज्यादा लगता था कि कुछ का को न वहाँ लोग बहुत
629862,337446,hi,16,280.31,290.0,9.69,/kaggle/working/Hindi-ASR-Whisper-Pipeline/artifacts/q1/preprocess/segments/629862_0016.wav,अलग ही तरीके से बुलाते हैं पानी के बताशे या फिर हाँ तो मैं समझती नहीं थी मुझे लगा पानी के बताशे मतलब बताशा
629862,337446,hi,17,290.12,299.75,9.63,/kaggle/working/Hindi-ASR-Whisper-Pipeline/artifacts/q1/preprocess/segments/629862_0017.wav,बेसिकली कोलकाता में बताशा का मतलब होता है कि एक बताशा आता है ब्राउन कलर का मीठा रहता है वो तो मुझे लगता था कि पानी में बताशा डाल के कौन खाता है
629862,337446,hi,18,299.99,311.3,11.31,/kaggle/working/Hindi-ASR-Whisper-Pipeline/artifacts/q1/preprocess/segments/629862_0018.wav,तो मैं बस वही बोलती थी पानी के बताशे क्या होता है फिर मुझे लगा पुचका तो वहा पुचका भी ना एक ऐसा रहता है ना घुघनी या सब्जी डाल के भी देते हैं जैसे मुंबई वगैरा में होता है तो वैसा
629862,337446,hi,19,311.39,323.66,12.27,/kaggle/working/Hindi-ASR-Whisper-Pipeline/artifacts/q1/preprocess/segments/629862_0019.wav,तो आलू नहीं रहता था और हम लोग को आदत है आलू पानी के साथ खाने का एक यह चीज है कि जब वहाँ जाते तो वैसा फूचका मिलता वो फूचका वाला का स्वाद मतलब दस के ना दस देते थे वो ऐसा टाइप में
629862,337446,hi,20,323.66,337.64,13.98,/kaggle/working/Hindi-ASR-Whisper-Pipeline/artifacts/q1/preprocess/segments/629862_0020.wav,और अभी तो इतना इस एक्सपेंसिव बोल सकते हैं जैसे दस का चार दे रहे हैं या तीन दे रहे हैं बट उस टाइम में दस का दस मिलता और एक्स्ट्रा पापड़ी भी मिल जाती थी वो ज्यादा अच्छा लगता था फिर घर के पास एक छोटा सा पेड़ था प्यारा का
629862,337446,hi,21,338.03,352.91,14.88,/kaggle/working/Hindi-ASR-Whisper-Pipeline/artifacts/q1/preprocess/segments/629862_0021.wav,उसके ऊपर जैसे आपके साथ इंस्टेटिन होता था चड़ना तो मज़ा आता था बट उतरने में नहीं आता था तो हम तो चड़ जाते थे बट उतारने के लिए हमको कूद कर गिर के खुद को चोट लगाना पड़ता था तबी हम उतर पाते थे जी तो ये चीज भी एक है
629862,337446,hi,22,352.91,367.46,14.55,/kaggle/working/Hindi-ASR-Whisper-Pipeline/artifacts/q1/preprocess/segments/629862_0022.wav,गांवों में लेकिन गांवों हैं वो पहले अच्छा लगता था अब तो जाना पॉसिबल भी नहीं है शायद हम लोग इस टॉपिक पे जैसे कि पापा नहीं है गांवों में अब कोई है नहीं लोग
629862,337446,hi,23,367.85,380.48,12.63,/kaggle/working/Hindi-ASR-Whisper-Pipeline/artifacts/q1/preprocess/segments/629862_0023.wav,इसीलिए जी इस टॉपिक भी शायद हम लोग बहुत बात कर ली अब नहीं करना चाहिए ठीक हैं जी चलिए गुड आफ्टरनून थैंक यू
629904,216849,hi,0,14.3,19.04,4.74,/kaggle/working/Hindi-ASR-Whisper-Pipeline/artifacts/q1/preprocess/segments/629904_0000.wav,जी जी मैडम थोड़ थोड़ी आवाज कट हो रही है
629904,216849,hi,1,22.04,31.28,9.24,/kaggle/working/Hindi-ASR-Whisper-Pipeline/artifacts/q1/preprocess/segments/629904_0001.wav,आवाज बिल आवाज बिलकुल नहीं आ रही है मेडम
629904,216849,hi,2,34.22,37.22,3.0,/kaggle/working/Hindi-ASR-Whisper-Pipeline/artifacts/q1/preprocess/segments/629904_0002.wav,आपके आसपास में कोई बोल रहे है न मैडम अवाज नहीं आ रही है इसलिए
629904,216849,hi,3,40.94,49.88,8.94,/kaggle/working/Hindi-ASR-Whisper-Pipeline/artifacts/q1/preprocess/segments/629904_0003.wav,हेलो मैम आपके आसपास आपके आसपास में कोई बोल रहा है न इसलिए आवाज नहीं आ रही है
629904,216849,hi,4,53.51,68.48,14.97,/kaggle/working/Hindi-ASR-Whisper-Pipeline/artifacts/q1/preprocess/segments/629904_0004.wav,जी बोलिए मैडम हां आपका टॉपिक बराबर सुनाई नहीं दिया जी मैम
629904,216849,hi,5,72.92,74.99,2.07,/kaggle/working/Hindi-ASR-Whisper-Pipeline/artifacts/q1/preprocess/segments/629904_0005.wav,जी मैडम
629904,216849,hi,7,91.25,93.92,2.67,/kaggle/working/Hindi-ASR-Whisper-Pipeline/artifacts/q1/preprocess/segments/629904_0007.wav,वो जी जी मैम
629904,216849,hi,8,118.49,120.2,1.71,/kaggle/working/Hindi-ASR-Whisper-Pipeline/artifacts/q1/preprocess/segments/629904_0008.wav,सबसे बड़ा त्यौहार है जी
629904,216849,hi,9,122.33,135.77,13.44,/kaggle/working/Hindi-ASR-Whisper-Pipeline/artifacts/q1/preprocess/segments/629904_0009.wav,जी मैडम मेरे को तो लगता है होली का बड़ा त्योहार है मैडम क्योंकि होली का त्यौहार है हमारा हमारे इधर तो सात दिन चलता है मेला
629904,216849,hi,10,136.25,137.81,1.56,/kaggle/working/Hindi-ASR-Whisper-Pipeline/artifacts/q1/preprocess/segments/629904_0010.wav,रात दिन मेला चलता है हमारे उधर
629904,216849,hi,11,140.3,148.4,8.1,/kaggle/working/Hindi-ASR-Whisper-Pipeline/artifacts/q1/preprocess/segments/629904_0011.wav,होलिका बोले तो पल पहले दिन वो मिठाई बनाते हैं दूसरे दिन वो मंदिर में जाते हैं और तीसरे दिन मेला लगता है
629904,216849,hi,12,150.5,162.23,11.73,/kaggle/working/Hindi-ASR-Whisper-Pipeline/artifacts/q1/preprocess/segments/629904_0012.wav,चौथे दिन दूसरे गाम में मेला लगता है ऐसा चार दिन मेला लगता है ना हमारे उधर तो
629904,216849,hi,13,167.6,180.62,13.02,/kaggle/working/Hindi-ASR-Whisper-Pipeline/artifacts/q1/preprocess/segments/629904_0013.wav,जी मैडम वो बोले तो बोले तो सभी लोग मिल जाते है ना मेले के अंदर
629904,216849,hi,14,181.61,188.39,6.78,/kaggle/working/Hindi-ASR-Whisper-Pipeline/artifacts/q1/preprocess/segments/629904_0014.wav,सभी लोग नए नए फ्रेंड्स वगैरह मिल जाते हैं ना मेले के अंदर बाते वगैरह हो जाते हैं ना
629904,216849,hi,15,199.1,205.28,6.18,/kaggle/working/Hindi-ASR-Whisper-Pipeline/artifacts/q1/preprocess/segments/629904_0015.wav,ह्म्म्म्म
629904,216849,hi,16,215.36,216.65,1.29,/kaggle/working/Hindi-ASR-Whisper-Pipeline/artifacts/q1/preprocess/segments/629904_0016.wav,जी मैडम
629904,216849,hi,17,219.95,232.34,12.39,/kaggle/working/Hindi-ASR-Whisper-Pipeline/artifacts/q1/preprocess/segments/629904_0017.wav,आप बताइए मैडम क्या आपके परिवार में कोई ऐसी रस्म निभाई जाती है जो बाहरी लोगों को थोड़ी सी अजीब लगती हैं
629904,216849,hi,19,243.71,250.19,6.48,/kaggle/working/Hindi-ASR-Whisper-Pipeline/artifacts/q1/preprocess/segments/629904_0019.wav,REDACTED
629904,216849,hi,20,262.67,272.81,10.14,/kaggle/working/Hindi-ASR-Whisper-Pipeline/artifacts/q1/preprocess/segments/629904_0020.wav,हमारे यहां तो सबसे बड़ी रश्म तो शादी होती है जी मैडम सा शादी होती है मैडम सबसे बड़ी रश्म तो
629904,216849,hi,21,281.99,291.89,9.9,/kaggle/working/Hindi-ASR-Whisper-Pipeline/artifacts/q1/preprocess/segments/629904_0021.wav,सबसे बड़ी रश्म तो यही है मैडम शादी का रश्म होता है न हमारे यहां तो दस दिन बारह दिन तक चलता है शादी का रश्म
629904,216849,hi,23,302.57,316.73,14.16,/kaggle/working/Hindi-ASR-Whisper-Pipeline/artifacts/q1/preprocess/segments/629904_0023.wav,तो मैडम बोले तो हमारे यहां शादी की रस्म होती है ना वो बोले तो सुबह में वो सुबह में वो बिठाते हैं दूल्हे को फिर बाद में चारपांच दिन तो दूल्हे को घुमाते हैं दूसरे घरों में चाचा के घर में
629904,216849,hi,24,318.86,327.92,9.06,/kaggle/working/Hindi-ASR-Whisper-Pipeline/artifacts/q1/preprocess/segments/629904_0024.wav,बड़े पापा का घर चाचा का घर मामा का घर उधर ले उधरउधर खाना खिलाते हैं चार पांच दिन तो
629904,216849,hi,25,335.15,338.39,3.24,/kaggle/working/Hindi-ASR-Whisper-Pipeline/artifacts/q1/preprocess/segments/629904_0025.wav,फिर बाद में बंदोलि होती है पांच छठे दिन बंदोलि होती है
629904,216849,hi,26,340.61,347.24,6.63,/kaggle/working/Hindi-ASR-Whisper-Pipeline/artifacts/q1/preprocess/segments/629904_0026.wav,अच्छा फिर बाद में वो बारात लेके जाते हैं दो तीन दिन उधर रहती है बारात तीन दिन में वापस आती है बारात
629904,216849,hi,27,349.61,363.71,14.1,/kaggle/working/Hindi-ASR-Whisper-Pipeline/artifacts/q1/preprocess/segments/629904_0027.wav,ऐसे दस बारह दिन तो ऐसे ही चले जाते फिर बाद में बारात वापस आती है सभा होती है खाना होता है इसलिए हमारे यह तो सबसे बड़ा त्यौहार यही हो जाता है इधर
629904,216849,hi,28,367.46,381.77,14.31,/kaggle/working/Hindi-ASR-Whisper-Pipeline/artifacts/q1/preprocess/segments/629904_0028.wav,आपका तीसरा टॉपिक कौन सा तीसरा टॉपिक कौन सा है मैडम आपके सत्र में होने वाले उत्सव ने आपके सत्र मे होने वाले उत्सव अन्य
629904,216849,hi,29,381.8,391.58,9.78,/kaggle/working/Hindi-ASR-Whisper-Pipeline/artifacts/q1/preprocess/segments/629904_0029.wav,टूर्नामेंट आवाज नहीं आ रही है मैडम आपकी
629904,216849,hi,30,394.07,397.01,2.94,/kaggle/working/Hindi-ASR-Whisper-Pipeline/artifacts/q1/preprocess/segments/629904_0030.wav,आप बताइए मैडम तीसरा ट्रॉपिक
629904,216849,hi,31,440.72,443.99,3.27,/kaggle/working/Hindi-ASR-Whisper-Pipeline/artifacts/q1/preprocess/segments/629904_0031.wav,जी मैडम
629904,216849,hi,32,448.46,455.0,6.54,/kaggle/working/Hindi-ASR-Whisper-Pipeline/artifacts/q1/preprocess/segments/629904_0032.wav,हम्म
629904,216849,hi,33,458.39,463.31,4.92,/kaggle/working/Hindi-ASR-Whisper-Pipeline/artifacts/q1/preprocess/segments/629904_0033.wav,जी मैडम आप अ कहां कर्नाटक से हो क्या कर्नाटक से हो कनाडा आती है आपको
629904,216849,hi,34,470.33,479.15,8.82,/kaggle/working/Hindi-ASR-Whisper-Pipeline/artifacts/q1/preprocess/segments/629904_0034.wav,नहीं पर्सनल नहीं ये ये पर्सनल पर्सनल थोड़ी ना है ये ये बोल रहे थे कनाडा आती है भाषा आपको
629904,216849,hi,35,481.85,493.73,11.88,/kaggle/working/Hindi-ASR-Whisper-Pipeline/artifacts/q1/preprocess/segments/629904_0035.wav,जी मैडम और बताइए मैडम और बताइए
629904,216849,hi,36,496.58,498.53,1.95,/kaggle/working/Hindi-ASR-Whisper-Pipeline/artifacts/q1/preprocess/segments/629904_0036.wav,ऊं टॉपिक
629904,216849,hi,37,530.54,534.41,3.87,/kaggle/working/Hindi-ASR-Whisper-Pipeline/artifacts/q1/preprocess/segments/629904_0037.wav,REDACTED
629904,216849,hi,38,537.47,541.88,4.41,/kaggle/working/Hindi-ASR-Whisper-Pipeline/artifacts/q1/preprocess/segments/629904_0038.wav,जी मै आप ही बता दो मैडम
629904,216849,hi,40,549.62,551.57,1.95,/kaggle/working/Hindi-ASR-Whisper-Pipeline/artifacts/q1/preprocess/segments/629904_0040.wav,आप ही बता दो मैडम त्यौहार तो यह
629904,216849,hi,41,553.97,555.14,1.17,/kaggle/working/Hindi-ASR-Whisper-Pipeline/artifacts/q1/preprocess/segments/629904_0041.wav,आप ही बता दो मैडम
629904,216849,hi,42,557.39,564.23,6.84,/kaggle/working/Hindi-ASR-Whisper-Pipeline/artifacts/q1/preprocess/segments/629904_0042.wav,हैलो
629904,216849,hi,43,586.37,601.28,14.91,/kaggle/working/Hindi-ASR-Whisper-Pipeline/artifacts/q1/preprocess/segments/629904_0043.wav,बोले तो हमारी आने वाली पीड़ी में तो ये हमारे यहां सभी संस्कृतियां हैं ना वो तो रहेगा नहीं मेरे ख्याल से भी बोले तो कम होता जा रहा है और तो
629904,216849,hi,44,603.74,616.7,12.96,/kaggle/working/Hindi-ASR-Whisper-Pipeline/artifacts/q1/preprocess/segments/629904_0044.wav,हेलो वो बोले तो आने वाली फीड में ये ऐसा प्रतिहार हो मेरको तो लगता नहीं कोई तैयार रहेगा
629904,216849,hi,45,629.66,632.06,2.4,/kaggle/working/Hindi-ASR-Whisper-Pipeline/artifacts/q1/preprocess/segments/629904_0045.wav,जी मैडम अवाज कट रही है
630926,295513,hi,0,0.5,3.68,3.18,/kaggle/working/Hindi-ASR-Whisper-Pipeline/artifacts/q1/preprocess/segments/630926_0000.wav,हांजी बिल्कुल उम
630926,295513,hi,1,14.3,16.76,2.46,/kaggle/working/Hindi-ASR-Whisper-Pipeline/artifacts/q1/preprocess/segments/630926_0001.wav,हा
630926,295513,hi,2,20.42,23.6,3.18,/kaggle/working/Hindi-ASR-Whisper-Pipeline/artifacts/q1/preprocess/segments/630926_0002.wav,हां हां बिल्कुल
630926,295513,hi,3,30.68,38.33,7.65,/kaggle/working/Hindi-ASR-Whisper-Pipeline/artifacts/q1/preprocess/segments/630926_0003.wav,हां हम्म
630926,295513,hi,5,57.92,59.12,1.2,/kaggle/working/Hindi-ASR-Whisper-Pipeline/artifacts/q1/preprocess/segments/630926_0005.wav,हाँ हाँ बिल्कुल
630926,295513,hi,6,62.45,77.15,14.7,/kaggle/working/Hindi-ASR-Whisper-Pipeline/artifacts/q1/preprocess/segments/630926_0006.wav,हां हां बिल्कुल जैसे कि पहले तो मैं बता देती हूं डेकोरेशन होम ये होता है की जैसे की वॉल आर्टस डेकोरेशन वॉल आर्ट्स का मतलब ये होता है की जब हम घर में पेंटिंग वगैरह करवा देते हैं पोस्टर वाली पेंटिंग उसके बाद
630926,295513,hi,7,77.45,91.82,14.37,/kaggle/working/Hindi-ASR-Whisper-Pipeline/artifacts/q1/preprocess/segments/630926_0007.wav,हमें एक एक लगता है कि एक फोटो ग्राफ जो अच्छे अच्छे रहते है ना फ्लावर्स वाले या कोई थोड़े लोगों को आर्ट वाले पसंद आते है वॉल तो वहाँ पर फ्रेम बना के ना दीवारों पर रखते हैं तो आर्ट्स वॉलपेपर वो होता है आर्ट वॉलपेपर
630926,295513,hi,8,91.85,105.14,13.29,/kaggle/working/Hindi-ASR-Whisper-Pipeline/artifacts/q1/preprocess/segments/630926_0008.wav,और यह होता है कि पर्सनली हम उसमें क्या करेंगे थोड़ा सा टच अप ऐड करेंगे मतलब उसमें हमने बाहर से मार्केट से कुछ वालपेपर खरीद के लेके आ गए तो उसमें हम क्या करते हैं वहीं वालपेपर के अलावा और कुछ उसमें ऐड ऑन करके हा लाइक
630926,295513,hi,9,105.38,120.11,14.73,/kaggle/working/Hindi-ASR-Whisper-Pipeline/artifacts/q1/preprocess/segments/630926_0009.wav,कुछ हम घर पे बनवाते हैं यूनिक जैसा यूनिक जैसा ऐसा लगे कि जैसे कि अब ये आजकल तो देख रहे होंगे यूट्यूब पे वगैरा यह जैसे कि अह कोई बैंगल्स का अह थ्रेड घुमाकर थ्रेड पूरा उस पे घुमाकर उसको स्टोंस लगा के
630926,295513,hi,10,120.38,135.05,14.67,/kaggle/working/Hindi-ASR-Whisper-Pipeline/artifacts/q1/preprocess/segments/630926_0010.wav,घर में एक सजाने वाला डेकोरेशन बना देते है और जैसे कि हमारे वाटर बोटेल्स को पूरा पेंट करके उसपे स्टोंस लगा के फ्लावर्स लगा के प्लास्टिक वाले फ्लावर्स आते है न
630926,295513,hi,11,135.14,146.15,11.01,/kaggle/working/Hindi-ASR-Whisper-Pipeline/artifacts/q1/preprocess/segments/630926_0011.wav,और शोक पोट वाला रख देते हैं कि इतना अच्छा कॉफी अच्छा दिखता है कि वो अ. देखने पे यूनिक भी दिखता है हैंड मेड भी होता है हन्म. हैंड मेड भी रहता है हां. हां.
630926,295513,hi,12,148.76,162.35,13.59,/kaggle/working/Hindi-ASR-Whisper-Pipeline/artifacts/q1/preprocess/segments/630926_0012.wav,हां हां हां गुलदस्ता में वही वाला बोल रही हु हां हां वही वाला बोल रही हूं मतलब आजकल क्या करते हैं वो हम्ममम वाटर बॉटल ले लेते हैं उसपे पेंट वगैरह करके उसपे स्टोन्स लगा के हम सब मार्केट से के प्लास्टिक वाले फ्लॉवर लेकर आते ना फूल
630926,295513,hi,13,162.65,172.61,9.96,/kaggle/working/Hindi-ASR-Whisper-Pipeline/artifacts/q1/preprocess/segments/630926_0013.wav,उसको उसमें रख के डेकोरेशन कर के घर में रख देते हैं लाइक डाइनिंग टेबुल पे या कोई भी फ्रिज पे रखते हैं थोड़े लोग थोड़े लोगों अ टीवी के पास रखते हैं सजाने के लिए
630926,295513,hi,14,173.24,185.42,12.18,/kaggle/working/Hindi-ASR-Whisper-Pipeline/artifacts/q1/preprocess/segments/630926_0014.wav,तो इसमें ना थोड़ा सा पैटर्नस भी हम लोग गैलरी वाल्स रहते हैं मतलब गैलरी वाल्स का मतलब हो गया कि आ ये हमारे फोटोस हमारे फोटोस का वॉलपेपर बनाके के घर में सजा के रखते हैं और टेक्सचर का वॉलपेपर
630926,295513,hi,15,185.42,198.74,13.32,/kaggle/working/Hindi-ASR-Whisper-Pipeline/artifacts/q1/preprocess/segments/630926_0015.wav,घर पे रखते हैं जैसे स्टीकर से हम अपना फेस स्टीकर पेंसिल से वगैरा पेंट करते हैं ना पेंटिंग या पेंसिल से आर्ट बनाते हैं उसको भी हम वॉलपेपर लगा देते हैं घर पे आर्ट बना के एक फ्रेम बनाके ढाई
630926,295513,hi,16,199.19,214.1,14.91,/kaggle/working/Hindi-ASR-Whisper-Pipeline/artifacts/q1/preprocess/segments/630926_0016.wav,और क्राफ्ट फैब्रिक क्राफ्ट मतलब यह जो भी कु मिट्टी वाले होते है न सामान मिट्टी वाले जैसे कि मिट्टी वाले कुंडे जैसे या मिट्टी वाले जैसे सामान होते न जैसे छोटे छोटे वो भी हम करते है और मिरर डेकोरेशन मतलब आ मिरर वाले आईने वाले
630926,295513,hi,17,214.37,223.43,9.06,/kaggle/working/Hindi-ASR-Whisper-Pipeline/artifacts/q1/preprocess/segments/630926_0017.wav,जो होते है ना स्टोंस वाले वो भी लेकर हम थोड़ा सा घर में डेकोरेशन कर देते हैं और वुडन ज वुडन शेल्फ्स भी कराते शेल्फ्स रहते ना वुडन वाले
630926,295513,hi,18,223.91,238.46,14.55,/kaggle/working/Hindi-ASR-Whisper-Pipeline/artifacts/q1/preprocess/segments/630926_0018.wav,वो भी हम बनाते हैं स्टोरेज ताकि ना अब किसी के घर में छोटी स्पेस रहती है कि उनको इच्छा रहती है कि आए अह मतलब इसमें अगर सेल्स बनाए तो काफी अच्छा रहता है तो वह क्या करते हैं पता है अह बड़ेबड़े लोग तो बड़ेबड़े सामान रखते लेकिन छोटे लोग नहीं रख सकते ना
630926,295513,hi,19,238.46,251.12,12.66,/kaggle/working/Hindi-ASR-Whisper-Pipeline/artifacts/q1/preprocess/segments/630926_0019.wav,पूर्व फैमिली वाले वो लोग क्या करते हैं थोड़े से बम मार्केट से चकले वाले सामान ले लेकर आते हैं उस पे पूरा सजा के पेंटिंग करके उस पे स्टोंस लगाके सजाके वो क्या करे दिवाल पे अटैच कर देते हैं
630926,295513,hi,20,251.6,266.03,14.43,/kaggle/working/Hindi-ASR-Whisper-Pipeline/artifacts/q1/preprocess/segments/630926_0020.wav,मतलब ये सारे मतलब इतना कि वो भी अपने छोटे घर को ना अच्छे से अ डेकोरेशन करके करना चाहते हैं लैसे कि गुलाब वाले फूल हो गए गुलाब वाले फूल जो प्लास्टिक वाले मिल जाते हैं उसको एक यूनिक जैसा कुछ भी पेपर पे या किसी पे आर्ट
630926,295513,hi,21,266.06,280.34,14.28,/kaggle/working/Hindi-ASR-Whisper-Pipeline/artifacts/q1/preprocess/segments/630926_0021.wav,रहता है ना उसपे हम लगा के स्टिक कर के कर सकते हैं और प्लांट भी बना सकते हैं हम स्टिक करके और लाइटनिंग में इंपॉर्टेंट घर में रहता है कि घर में लाइटिंग काम आती है तो हम सोचते हैं कि लगा दे की और फ्रेम्स पर क्या करते हम लोग
630926,295513,hi,22,280.67,293.36,12.69,/kaggle/working/Hindi-ASR-Whisper-Pipeline/artifacts/q1/preprocess/segments/630926_0022.wav,अ जो कलर कलर वाले मार्केट से लाइटिंग लेकल आते हैं उसको वहाँ पे लगा देते हैं हम्म कुछ भी मतलब अगर बर्थडे हो गया या किसी का एनिवर्सरी हो गया तो हम लोग क्या करते हैं कि
630926,295513,hi,23,293.42,308.42,15.0,/kaggle/working/Hindi-ASR-Whisper-Pipeline/artifacts/q1/preprocess/segments/630926_0023.wav,आह वहाँ पे ना एनीवल्स डे को उनको मतलब डेकरेशन के फ्लावर्स बैलून वगैरह लेके आके डेकरेट कर देते मतलब ये इतना अच्छा काफी है कि हम लोग ना डाई मतलब डाई का मतलब ये होता है खुद से हम लोग प्रिपेर करना आर्टिफिश टोटिंग शेल्फ
630926,295513,hi,24,308.42,321.08,12.66,/kaggle/working/Hindi-ASR-Whisper-Pipeline/artifacts/q1/preprocess/segments/630926_0024.wav,बनाना जैसे कि बैग्स रहता है ना मुझे तो बैग बनाना भी आता है बैग्स जैसे कि दागे से हम बैक बनाते ना वो वाले हाँ हाँ तो ये काफी अच्छा मतलब डाई हम लग हाँ हाँ
630926,295513,hi,25,324.35,338.84,14.49,/kaggle/working/Hindi-ASR-Whisper-Pipeline/artifacts/q1/preprocess/segments/630926_0025.wav,में यही मतलब मुझे थोडा सा अनुभव था मेरे मदर ने भी मुझे थोडासा अनुभव दे दिया कि ऐसेऐसे बनाते हैं तो थोड़ा सा मैने ट्रेसिंग या फोटोफ्रेम जो भी आते हैं ना तो वो उसको मैं शीट ले के आके उसको कट करके उसपे पेंट लगाके.
630926,295513,hi,26,339.08,346.07,6.99,/kaggle/working/Hindi-ASR-Whisper-Pipeline/artifacts/q1/preprocess/segments/630926_0026.wav,ये सब को छोटा सा घर बनाना कार्टून जो आते हैं ना उससे घर बनाना हम्म हम्म
630926,295513,hi,27,348.47,360.38,11.91,/kaggle/working/Hindi-ASR-Whisper-Pipeline/artifacts/q1/preprocess/segments/630926_0027.wav,हां हां हां मैं यूट्यूब पे वगैरा देखती थी थोड़ा सा वीडियोस वगैरा देखते सब सीखती थी बनाना कैसे बनाते हैं करके हां जी बिल्कुल
630926,295513,hi,28,366.86,379.7,12.84,/kaggle/working/Hindi-ASR-Whisper-Pipeline/artifacts/q1/preprocess/segments/630926_0028.wav,सामान तो उसमें हम लोगों को एक तो ग्लू वाला गम चाहिए और हम जो बनाना चाहते हैं उसके शीट्स के सामान और हमें इंपोर्टेंट चीज़े होता है हम अगर उसको सजाना चाहते हैं तो स्टिकर वाले पट
630926,295513,hi,29,379.7,391.64,11.94,/kaggle/working/Hindi-ASR-Whisper-Pipeline/artifacts/q1/preprocess/segments/630926_0029.wav,आते वो तो इंपोर्टेंट है इसको लगाने के लिए और उसके बाद हम हमें स्टोन्स रहना मिर्रर्स वगैरह आते हैं आयनेक वाले स्टिकर स्टोन्स वगैरह वह सब कुछ ना हम लोग उसे ना
630926,295513,hi,30,391.91,405.2,13.29,/kaggle/working/Hindi-ASR-Whisper-Pipeline/artifacts/q1/preprocess/segments/630926_0030.wav,ग्लू वाले गम से अटैच कर देते हैं अटैच करने से क्या होता है कि वह उस पर चुपक जाता है तो यह सारे सामान और इसमें हमें आ सिजर भी चाहिए होती है कैंची भी हम्म हम्म हां जी हां जी
630926,295513,hi,32,411.47,414.53,3.06,/kaggle/working/Hindi-ASR-Whisper-Pipeline/artifacts/q1/preprocess/segments/630926_0032.wav,हाँ आवाज आ रही है हां जी आवाज आ रही है
630926,295513,hi,34,432.86,436.28,3.42,/kaggle/working/Hindi-ASR-Whisper-Pipeline/artifacts/q1/preprocess/segments/630926_0034.wav,हां हां देखी हूं
630926,295513,hi,35,445.64,453.56,7.92,/kaggle/working/Hindi-ASR-Whisper-Pipeline/artifacts/q1/preprocess/segments/630926_0035.wav,हम्म हम्म बिल्कुल हम्म हांजी
630926,295513,hi,36,457.46,460.61,3.15,/kaggle/working/Hindi-ASR-Whisper-Pipeline/artifacts/q1/preprocess/segments/630926_0036.wav,हाँ हाँ हाँ
630926,295513,hi,37,462.98,469.4,6.42,/kaggle/working/Hindi-ASR-Whisper-Pipeline/artifacts/q1/preprocess/segments/630926_0037.wav,हम्म
630926,295513,hi,38,478.1,480.56,2.46,/kaggle/working/Hindi-ASR-Whisper-Pipeline/artifacts/q1/preprocess/segments/630926_0038.wav,ठीक है
630926,295513,hi,40,488.6,490.76,2.16,/kaggle/working/Hindi-ASR-Whisper-Pipeline/artifacts/q1/preprocess/segments/630926_0040.wav,हूं
630926,295513,hi,42,505.01,507.29,2.28,/kaggle/working/Hindi-ASR-Whisper-Pipeline/artifacts/q1/preprocess/segments/630926_0042.wav,ह्म्म बिल्कुल
630926,295513,hi,43,518.42,524.51,6.09,/kaggle/working/Hindi-ASR-Whisper-Pipeline/artifacts/q1/preprocess/segments/630926_0043.wav,हां बिल्कुल
630926,295513,hi,44,528.17,530.87,2.7,/kaggle/working/Hindi-ASR-Whisper-Pipeline/artifacts/q1/preprocess/segments/630926_0044.wav,हा हा हा
630926,295513,hi,45,546.77,547.88,1.11,/kaggle/working/Hindi-ASR-Whisper-Pipeline/artifacts/q1/preprocess/segments/630926_0045.wav,हाँ हाँ बिल्कुल
630926,295513,hi,46,550.52,552.98,2.46,/kaggle/working/Hindi-ASR-Whisper-Pipeline/artifacts/q1/preprocess/segments/630926_0046.wav,हा
635909,268903,hi,0,3.74,5.24,1.5,/kaggle/working/Hindi-ASR-Whisper-Pipeline/artifacts/q1/preprocess/segments/635909_0000.wav,हैलो
635909,268903,hi,1,7.82,10.58,2.76,/kaggle/working/Hindi-ASR-Whisper-Pipeline/artifacts/q1/preprocess/segments/635909_0001.wav,हेलो सर क्या आप मेरी बांतों को सुन पा रहें हैं
635909,268903,hi,2,13.28,21.02,7.74,/kaggle/working/Hindi-ASR-Whisper-Pipeline/artifacts/q1/preprocess/segments/635909_0002.wav,हैलो हेलो
635909,268903,hi,3,24.08,33.02,8.94,/kaggle/working/Hindi-ASR-Whisper-Pipeline/artifacts/q1/preprocess/segments/635909_0003.wav,हेलो सर क्या आप मेरी बातों को सुन पा रहे हैं तो हां या नही में प्लीज रिप्लाई दीजिए
635909,268903,hi,4,35.75,50.45,14.7,/kaggle/working/Hindi-ASR-Whisper-Pipeline/artifacts/q1/preprocess/segments/635909_0004.wav,REDACTED
635909,268903,hi,5,50.72,63.5,12.78,/kaggle/working/Hindi-ASR-Whisper-Pipeline/artifacts/q1/preprocess/segments/635909_0005.wav,हैलो हाँ हाँ सर मैं वहाँ से हट गई हूँ
635909,268903,hi,6,63.62,78.59,14.97,/kaggle/working/Hindi-ASR-Whisper-Pipeline/artifacts/q1/preprocess/segments/635909_0006.wav,हेलो हां तो देखिए जैसे कि आज का जो हम लोग का टॉपिक है वह त्यौहार परंपराओं पे है जो आज का हम लोगों का टॉपिक है वह त्यौहार और परंपराएं
635909,268903,hi,7,79.82,93.17,13.35,/kaggle/working/Hindi-ASR-Whisper-Pipeline/artifacts/q1/preprocess/segments/635909_0007.wav,हां तो उसमें जो फर्स्ट पॉइंट है वो है कि आ कौन सा त्यौहार आज भी आपको सबसे बड़ा त्यौहार लगता है और क्यों क्योंकि अ मुझे तो सर दिपावली और होली आ सबसे बड़ा त्यौहार लगता है
635909,268903,hi,8,93.2,107.84,14.64,/kaggle/working/Hindi-ASR-Whisper-Pipeline/artifacts/q1/preprocess/segments/635909_0008.wav,और क्योंकि दिपावली में भी हम लोग अपना घर सजाते हैं और रंगोलियां बनाते हैं और रिश्ते रिश्तेदारों को बुलाते हैं और ऐसे ही अ होली में भी होता है कि हम अपने घर में साफ सफाई
635909,268903,hi,9,107.84,120.89,13.05,/kaggle/working/Hindi-ASR-Whisper-Pipeline/artifacts/q1/preprocess/segments/635909_0009.wav,पढ़ाई करते है और अपने घर को सजाते हैं दिवाल वगैरह को सजाते हैं तो यह मेरा मानना है कि जो दिपावली और होली है वो बहुत ही बड़ा त्यौहार है हम हिंदू के लिए तो सर आपका क्या कहना आप
635909,268903,hi,10,120.92,135.74,14.82,/kaggle/working/Hindi-ASR-Whisper-Pipeline/artifacts/q1/preprocess/segments/635909_0010.wav,REDACTED
635909,268903,hi,11,136.25,151.1,14.85,/kaggle/working/Hindi-ASR-Whisper-Pipeline/artifacts/q1/preprocess/segments/635909_0011.wav,हां सर हां जहां
635909,268903,hi,13,154.04,168.92,14.88,/kaggle/working/Hindi-ASR-Whisper-Pipeline/artifacts/q1/preprocess/segments/635909_0013.wav,अच्छा हां हम लोगों की तो अच्छा नहीं नहीं हमारी साइड तो ऐसा नहीं होता है लेकिन हां ये है कि अअ जो होली तेवहार उसमें अच्छा लगता है मतलब दोस्तों लोगों से मिलना अगल बगल के लोगों से मिलना
635909,268903,hi,14,168.92,176.81,7.89,/kaggle/working/Hindi-ASR-Whisper-Pipeline/artifacts/q1/preprocess/segments/635909_0014.wav,और रंग लगाना तो बहुत अच्छा फील होता है अह होली में भी
635909,268903,hi,15,179.3,180.38,1.08,/kaggle/working/Hindi-ASR-Whisper-Pipeline/artifacts/q1/preprocess/segments/635909_0015.wav,और क्या सर
635909,268903,hi,16,184.37,191.21,6.84,/kaggle/working/Hindi-ASR-Whisper-Pipeline/artifacts/q1/preprocess/segments/635909_0016.wav,हूं सर ये तो मुझे नहीं पता है क्योंकि मेरे इधर मेला तो नहीं लगता है
635909,268903,hi,17,191.24,203.69,12.45,/kaggle/working/Hindi-ASR-Whisper-Pipeline/artifacts/q1/preprocess/segments/635909_0017.wav,आह लेकिन हां ये है कि जैसे माता जी का पूजा होता है गांव में ये जो भी होलिका का माता का जो भी गाना होता है वो होता है लेकिन मेला वगैरह है तो मेरे इधर नहीं लगता है लेकिन हा ये है
635909,268903,hi,18,203.75,216.65,12.9,/kaggle/working/Hindi-ASR-Whisper-Pipeline/artifacts/q1/preprocess/segments/635909_0018.wav,कि अपने दोस्तों से अपनी खास जो थे उनसे मिलन होता है रंग लगाना होता है प्यार बांटना होता है तो अ अच्छा फील होता है अ और आप कुछ साझा करिए सर
635909,268903,hi,19,228.74,241.46,12.72,/kaggle/working/Hindi-ASR-Whisper-Pipeline/artifacts/q1/preprocess/segments/635909_0019.wav,अ अब क्या है हाँ दूसरे टॉपिक यह है कि क्या आपके परिवार में कोई ऐसी रस्म निभाई जाती है जो बाहरी लोगों को थोड़ी अजीब लग सकती है तो सर ऐसा तो मेरे घर में कुछ नहीं है
635909,268903,hi,20,241.49,255.62,14.13,/kaggle/working/Hindi-ASR-Whisper-Pipeline/artifacts/q1/preprocess/segments/635909_0020.wav,कि मतलब ऐसा कुछ अलग नहीं किया जाता है लोगों से हटके की लोगों को अजीब लगे लेकिन हां यह है कि अब मतलब सब प्रॉपर तरीके से ही होते हैं जैसे सब लोग करते हैं नॉर्मल है मेरे घर पर और बाकी आप
635909,268903,hi,21,255.62,257.51,1.89,/kaggle/working/Hindi-ASR-Whisper-Pipeline/artifacts/q1/preprocess/segments/635909_0021.wav,कि घर पे कुछ ऐसा हो तो साझा करिए
635909,268903,hi,23,265.31,278.12,12.81,/kaggle/working/Hindi-ASR-Whisper-Pipeline/artifacts/q1/preprocess/segments/635909_0023.wav,नहीं तो ये शादी तो सर ठीक है रस्में निभाई जाते है लेकिन थोड़ी अजीब अजीब तो नहीं मुझे लगता है इसमें कुछ कि दूसरों को अजीब लगता हो
635909,268903,hi,24,284.78,294.44,9.66,/kaggle/working/Hindi-ASR-Whisper-Pipeline/artifacts/q1/preprocess/segments/635909_0024.wav,अच्छा हाँ शायद ऐसे अच्छा लगता है इसमें भी शादी की रसम में भी
635909,268903,hi,25,296.48,301.88,5.4,/kaggle/working/Hindi-ASR-Whisper-Pipeline/artifacts/q1/preprocess/segments/635909_0025.wav,हाँ सर आपको अपनी बातों को साझा करिये मैं आपकी आवाज़ को सुन पा रही हूँ
635909,268903,hi,26,304.04,317.03,12.99,/kaggle/working/Hindi-ASR-Whisper-Pipeline/artifacts/q1/preprocess/segments/635909_0026.wav,REDACTED
635909,268903,hi,27,321.77,335.45,13.68,/kaggle/working/Hindi-ASR-Whisper-Pipeline/artifacts/q1/preprocess/segments/635909_0027.wav,हु हा हु
635909,268903,hi,28,336.89,351.89,15.0,/kaggle/working/Hindi-ASR-Whisper-Pipeline/artifacts/q1/preprocess/segments/635909_0028.wav,हूह
635909,268903,hi,29,353.09,360.89,7.8,/kaggle/working/Hindi-ASR-Whisper-Pipeline/artifacts/q1/preprocess/segments/635909_0029.wav,REDACTED
635909,268903,hi,30,363.23,377.21,13.98,/kaggle/working/Hindi-ASR-Whisper-Pipeline/artifacts/q1/preprocess/segments/635909_0030.wav,हां और नेक्स्ट पॉइंट हमलोग का क्या है हु हैलो
635909,268903,hi,31,378.62,392.84,14.22,/kaggle/working/Hindi-ASR-Whisper-Pipeline/artifacts/q1/preprocess/segments/635909_0031.wav,हाँ सर मै आपकी आवाज सुन पा रही हूँ तो आप अपनी बातों को रखिये
635909,268903,hi,32,399.5,412.34,12.84,/kaggle/working/Hindi-ASR-Whisper-Pipeline/artifacts/q1/preprocess/segments/635909_0032.wav,हम्म तीसरा टॉपिक हम लोग का यह है कि आपके छेत्र में होने वाले उत्सव अन्य स्थानों की तुला में कैसे भिन्न होते हैं जैसे कि आह सर हमारे हिंदूओं की शादी थोड़ी अलग तरीके से होती है
635909,268903,hi,33,412.34,426.71,14.37,/kaggle/working/Hindi-ASR-Whisper-Pipeline/artifacts/q1/preprocess/segments/635909_0033.wav,ऐसे ही तेलगू वगैरा में जाओ तो उन लोग का रसम कुछ और भी अच्छा होता है तो जहां तक मुझे जैसे शादियों का रसम ये होता है अलग अलग स्थान में अलग अलग भिन्न भिन्न तरीके से होती हैं तो उस पे जैसे तुलना करना जैसे
635909,268903,hi,34,427.07,441.35,14.28,/kaggle/working/Hindi-ASR-Whisper-Pipeline/artifacts/q1/preprocess/segments/635909_0034.wav,उनकी ये जो साउथ अअ वाले लोग होते हैं उनका ड्रेस कोड और जो हमलोग का हिंदुओं का होता ए ड्रेस कोड थोड़ा अलग होता है तो ये सब तुलना में वैसे मुझे साउथ का जो भी ड्रेस होता ए अ ये लड़कियों का वो बहुत ही अच्छा लगता
635909,268903,hi,35,441.35,455.96,14.61,/kaggle/working/Hindi-ASR-Whisper-Pipeline/artifacts/q1/preprocess/segments/635909_0035.wav,और वहां की रस्में भी अच्छी लगती है और वहां का जैसे जो डांस वगैरह होता है वो भी बहुत अच्छा लगता है हम लोगों के तुलने में हमको वहां का ज्यादा अ अच्छा लगता है देखने में और आनंद भी महसूस होता है और
635909,268903,hi,36,455.96,458.6,2.64,/kaggle/working/Hindi-ASR-Whisper-Pipeline/artifacts/q1/preprocess/segments/635909_0036.wav,सर आप अपनी बातों को कुछ साझा करिए
635909,268903,hi,37,460.79,475.13,14.34,/kaggle/working/Hindi-ASR-Whisper-Pipeline/artifacts/q1/preprocess/segments/635909_0037.wav,आह सॉरी सर ये मै नहीं बता सकती हूं क्योंकि अपना पर्सनल डेटा इसमें शेयर नहीं करना है तो
635909,268903,hi,38,476.33,479.33,3.0,/kaggle/working/Hindi-ASR-Whisper-Pipeline/artifacts/q1/preprocess/segments/635909_0038.wav,वैसे शायद पूछ रही हूँ हाँ आगे अपनी बात बताइये आप
635909,268903,hi,39,481.64,483.56,1.92,/kaggle/working/Hindi-ASR-Whisper-Pipeline/artifacts/q1/preprocess/segments/635909_0039.wav,नहीं सर मुझे नहीं आती है
635909,268903,hi,40,489.8,502.76,12.96,/kaggle/working/Hindi-ASR-Whisper-Pipeline/artifacts/q1/preprocess/segments/635909_0040.wav,और सर आप बताईए हाँ तो हम लोग का नेक्स्ट टॉपिक जो है वो है कि हं
635909,268903,hi,41,504.17,517.82,13.65,/kaggle/working/Hindi-ASR-Whisper-Pipeline/artifacts/q1/preprocess/segments/635909_0041.wav,नेक्स्ट टॉपिक हम लोगों का है कि जब आप विभिन्न समुदाए को एक दूसरे के त्यौहार मनाते हुए देखते हैं तो आपके मन में क्या चलता है जैसे कि अ हिंदू और मुस्लिमों में ही होता है जैसे ही मुस्लिम में ईद वगैरह मनाया जाता है
635909,268903,hi,42,517.82,531.92,14.1,/kaggle/working/Hindi-ASR-Whisper-Pipeline/artifacts/q1/preprocess/segments/635909_0042.wav,और पता नहीं कौन कौन सा त्यौहार होता है तो उसमें तुलना करना जैसे जो लोग जिस चीज़ में होते हैं उनको वही वैसे अच्छा लगता है लेकिन मुझे ऐसा लगता है जो हिंदुओं का त्यौहार होता है वो बहुत ही आ बहुत अच्छा लगता है
635909,268903,hi,43,531.92,545.78,13.86,/kaggle/working/Hindi-ASR-Whisper-Pipeline/artifacts/q1/preprocess/segments/635909_0043.wav,काउंट वो करने में अ अकॉर्डिंग टू मुस्लिमों के त्योहार से और वैसे सर है आपका क्या कहना ना है हेलो
635909,268903,hi,44,549.44,560.36,10.92,/kaggle/working/Hindi-ASR-Whisper-Pipeline/artifacts/q1/preprocess/segments/635909_0044.wav,हाँ सर क्या ओ
635909,268903,hi,45,566.39,579.92,13.53,/kaggle/working/Hindi-ASR-Whisper-Pipeline/artifacts/q1/preprocess/segments/635909_0045.wav,हां तो सर लास्ट है कि अ आप चाहते हैं कि अ त्योहारों की संस्कृति आने वाली पीढ़ियों के लिए किसी तरह बदले या विकसित हों क्या सर आप चाहते हैं
635909,268903,hi,46,580.43,586.01,5.58,/kaggle/working/Hindi-ASR-Whisper-Pipeline/artifacts/q1/preprocess/segments/635909_0046.wav,ये जो आने वाली पीढ़ियों हैं ये त्योहार में विकसित किस तरह से हो कुछ बताइए आप
635909,268903,hi,47,595.43,600.77,5.34,/kaggle/working/Hindi-ASR-Whisper-Pipeline/artifacts/q1/preprocess/segments/635909_0047.wav,क्या
635909,268903,hi,48,608.36,617.51,9.15,/kaggle/working/Hindi-ASR-Whisper-Pipeline/artifacts/q1/preprocess/segments/635909_0048.wav,यह सब वैसे सर इस टॉपिक पे
635909,268903,hi,49,619.4,629.06,9.66,/kaggle/working/Hindi-ASR-Whisper-Pipeline/artifacts/q1/preprocess/segments/635909_0049.wav,हूँ वैसे से सर आपकी तरफ से आ अवाज आ रही है तो वैसे इस टॉपिक पे हम लोग का बात भी हो गया है तो ठीक है सर थैंक यू
644742,337801,hi,0,1.14,15.36,14.22,/kaggle/working/Hindi-ASR-Whisper-Pipeline/artifacts/q1/preprocess/segments/644742_0000.wav,जी तो पहले आप बताना चाहेगे या मैं शुरू करूं जी तो मैं यदि दो हज़ार पैंतालीस तक यदि भारत की यदि बात करूं
644742,337801,hi,1,15.39,29.04,13.65,/kaggle/working/Hindi-ASR-Whisper-Pipeline/artifacts/q1/preprocess/segments/644742_0001.wav,भारत को कई एक कई ऐसे क्षेत्र में परिवर्तन करने की आवश्यकता है जिससे हम अपने जो देश को उस स्तर पर देख सके जहाँ मतलब एक अलग स्तर पर अपने देश को देख सके
644742,337801,hi,2,29.04,43.08,14.04,/kaggle/working/Hindi-ASR-Whisper-Pipeline/artifacts/q1/preprocess/segments/644742_0002.wav,जैसे की पहला क्षेत्र की मैं मुझे बात करूँ तो शिक्षा का क्षेत्र है इसमें कई परिवर्तन की आवश्यकता है शिक्षा के क्षेत्र में जैसे की अ आज का जो शिक्षा का हमारा हो गया है हमारा करिकूलम है हमारे
644742,337801,hi,3,43.11,55.89,12.78,/kaggle/working/Hindi-ASR-Whisper-Pipeline/artifacts/q1/preprocess/segments/644742_0003.wav,और स्कूलस में हमारे कॉलेजेस में वो किताबों पर ज्यादा ध्यान दिया जा रहा है किताबी ज्ञान पर लेकिन जो लाइफ जी लाइफ लेकिन जो लाइफ की जो एक्चुअल जो
644742,337801,hi,4,55.89,70.05,14.16,/kaggle/working/Hindi-ASR-Whisper-Pipeline/artifacts/q1/preprocess/segments/644742_0004.wav,चीजें हैं प्रैक्टिकल चीजें हैं उस पर ध्यान नहीं दिया जा रहा है तो पहला एक शिक्षा का क्षेत्र इसमें परिवर्तन होना चाहिए जिससे क्या होगा कि रोजगार रोजगार भी जैसे आज कर रोजगार नहीं मिल रहा है कई विद्यार्थियों को कॉलेज
644742,337801,hi,5,70.41,77.34,6.93,/kaggle/working/Hindi-ASR-Whisper-Pipeline/artifacts/q1/preprocess/segments/644742_0005.wav,कंप्लीट करने के बाद तो यदि शिक्षा में यदि परिवर्तन चाहिए आवाज आ रही है मेरी
644742,337801,hi,6,87.39,90.45,3.06,/kaggle/working/Hindi-ASR-Whisper-Pipeline/artifacts/q1/preprocess/segments/644742_0006.wav,बिल्कुल सही बात ऐ क्योंकि जी जी आवज आ रहीं है आप बोलिए
644742,337801,hi,8,98.1,111.09,12.99,/kaggle/working/Hindi-ASR-Whisper-Pipeline/artifacts/q1/preprocess/segments/644742_0008.wav,आ आपके लाइक जी आपके हिसाब से क्या ऐसे शिक्षा में थोड़े एक या दो कुछ ऐसे परिवर्तन हो सकते हैं जो एक्चुअली में हम हमारे देश को आगे बढ़ाने में सहायता कर सकते हैं
644742,337801,hi,10,128.73,141.42,12.69,/kaggle/working/Hindi-ASR-Whisper-Pipeline/artifacts/q1/preprocess/segments/644742_0010.wav,मेरे हिसाब से ऐसी चीज़े है कि किताबों किताबी ज्ञान से ज़्यादा ध्यान जो है उनकी व्यक्तिगत जीवन पे उनकी कुछ ऐसी प्रैक्टिकल लर्निंग पे स्किल्स पे
644742,337801,hi,11,142.71,143.94,1.23,/kaggle/working/Hindi-ASR-Whisper-Pipeline/artifacts/q1/preprocess/segments/644742_0011.wav,इसपर ध्यान देना चाहिए
644742,337801,hi,13,153.27,156.3,3.03,/kaggle/working/Hindi-ASR-Whisper-Pipeline/artifacts/q1/preprocess/segments/644742_0013.wav,कुछ ऐसी जी क्योंकि
644742,337801,hi,14,160.53,164.28,3.75,/kaggle/working/Hindi-ASR-Whisper-Pipeline/artifacts/q1/preprocess/segments/644742_0014.wav,जी बिल्कुल सही आत्मविश्वास जो विद्यार्थियों में वो नहीं है आज कल
644742,337801,hi,15,166.77,169.89,3.12,/kaggle/working/Hindi-ASR-Whisper-Pipeline/artifacts/q1/preprocess/segments/644742_0015.wav,अ दूसरा मैं यदि बात करूँ तो जो
644742,337801,hi,17,188.16,199.95,11.79,/kaggle/working/Hindi-ASR-Whisper-Pipeline/artifacts/q1/preprocess/segments/644742_0017.wav,जी बिल्कुल क्योंकि ऑनलाइन में क्या होता है कि यदि बच्चे को यदि विद्यार्थी को यदि हम मोबाइल दे रहे है तो कहीं न कहीं वो मिसयूज उसका गलत इस्तेमाल भी कर लेते हैं पढ़ाई की वजाए
644742,337801,hi,18,205.68,215.91,10.23,/kaggle/working/Hindi-ASR-Whisper-Pipeline/artifacts/q1/preprocess/segments/644742_0018.wav,जैसे आजकल आप देखें कि छोटे छोटे बच्चे भी सोशल मेडिया यूज़ कर रहे हैं इंस्टाग्राम फेजबुक तो वो भी उनको एक गलत दिशा में उनको ले जा रहे हैं
644742,337801,hi,19,220.02,234.42,14.4,/kaggle/working/Hindi-ASR-Whisper-Pipeline/artifacts/q1/preprocess/segments/644742_0019.wav,दूसरा यदि मैं बात करूँ तो रोजगार रोजगार का जो मुख्य कारण है जी जी मतलब रोजगार को में भी सुधार किया सकता है जी
644742,337801,hi,20,270.51,276.63,6.12,/kaggle/working/Hindi-ASR-Whisper-Pipeline/artifacts/q1/preprocess/segments/644742_0020.wav,बिल्कुल सही बात है
644742,337801,hi,21,289.98,295.83,5.85,/kaggle/working/Hindi-ASR-Whisper-Pipeline/artifacts/q1/preprocess/segments/644742_0021.wav,जी मतलब इंग्लिश से ज़्यादा फोकस होना चाहिए की प्रैक्टिकल स्पीच
644742,337801,hi,22,301.83,304.44,2.61,/kaggle/working/Hindi-ASR-Whisper-Pipeline/artifacts/q1/preprocess/segments/644742_0022.wav,जी जी
644742,337801,hi,25,335.28,339.24,3.96,/kaggle/working/Hindi-ASR-Whisper-Pipeline/artifacts/q1/preprocess/segments/644742_0025.wav,जी हाँ मतलब इंग्लिश पे एक कारण हो सकता है मतलब उसका
644742,337801,hi,27,350.43,352.14,1.71,/kaggle/working/Hindi-ASR-Whisper-Pipeline/artifacts/q1/preprocess/segments/644742_0027.wav,बिल्कुल
644742,337801,hi,28,356.73,362.46,5.73,/kaggle/working/Hindi-ASR-Whisper-Pipeline/artifacts/q1/preprocess/segments/644742_0028.wav,मतलब रूल्स
644742,337801,hi,29,368.97,375.0,6.03,/kaggle/working/Hindi-ASR-Whisper-Pipeline/artifacts/q1/preprocess/segments/644742_0029.wav,तो आप कुछ शेयर करना चाहेंगे जी
644742,337801,hi,31,380.76,381.93,1.17,/kaggle/working/Hindi-ASR-Whisper-Pipeline/artifacts/q1/preprocess/segments/644742_0031.wav,आ आवाज़ आ रही है मे
644742,337801,hi,32,406.5,410.34,3.84,/kaggle/working/Hindi-ASR-Whisper-Pipeline/artifacts/q1/preprocess/segments/644742_0032.wav,जी जी सही बात है भाषा में थोड़ा बदलाव किया जा सक
645534,94944,hi,0,5.85,10.41,4.56,/kaggle/working/Hindi-ASR-Whisper-Pipeline/artifacts/q1/preprocess/segments/645534_0000.wav,आप ही शुरू करो देखते हैं आपका प्वाइंट ऑफ व्यू जी
645534,94944,hi,5,49.2,51.72,2.52,/kaggle/working/Hindi-ASR-Whisper-Pipeline/artifacts/q1/preprocess/segments/645534_0005.wav,हाँ जी प्रैक्टिकल नि बता रहे उनको
645534,94944,hi,7,62.4,64.17,1.77,/kaggle/working/Hindi-ASR-Whisper-Pipeline/artifacts/q1/preprocess/segments/645534_0007.wav,जी
645534,94944,hi,8,71.1,85.71,14.61,/kaggle/working/Hindi-ASR-Whisper-Pipeline/artifacts/q1/preprocess/segments/645534_0008.wav,लगा लो रोजगार ना मिलने की वजह से रोजगार ना मिलने की वजह जी आपकी आवाज आरी है ये कहे रहीं हू की रोजगार ना मिलने की वजह से ही लोग ऐसे कदम उठाते हैं कोई सुसाइड कर रहा हैं
645534,94944,hi,9,87.78,100.62,12.84,/kaggle/working/Hindi-ASR-Whisper-Pipeline/artifacts/q1/preprocess/segments/645534_0009.wav,हलो है ना सुसाइड कर रहा है या फिर ये चोरी वगैरा बहुत हो रही है आजकल तो ये इसी वज़े से तो हो रहा है कि शिक्षा नहीं मिल पा रही उनको रोजगार नहीं मिल पा रहा सॉरी
645534,94944,hi,10,112.65,126.51,13.86,/kaggle/working/Hindi-ASR-Whisper-Pipeline/artifacts/q1/preprocess/segments/645534_0010.wav,परिवर्तन या ये हो सकते हैं कि बच्चों को ना एक्टिविटीज पे जितना ध्यान दे रखा है ना आजकल स्कूल वगैरह में तो वो एक्टिविटीज पर ना देकर प प्रैक्टिकल चीजों पर दें कि उनको कुछ सिखाएं दी बि क्राफ्ट क्राफ्ट क्राफ्ट
645534,94944,hi,11,126.51,127.68,1.17,/kaggle/working/Hindi-ASR-Whisper-Pipeline/artifacts/q1/preprocess/segments/645534_0011.wav,भी ज़्यादा ध्यान है बच्चों का
645534,94944,hi,12,129.96,131.22,1.26,/kaggle/working/Hindi-ASR-Whisper-Pipeline/artifacts/q1/preprocess/segments/645534_0012.wav,जी उसमें
645534,94944,hi,13,138.96,141.36,2.4,/kaggle/working/Hindi-ASR-Whisper-Pipeline/artifacts/q1/preprocess/segments/645534_0013.wav,हम्म हम्म उसके बेस पे बनाए हां जी
645534,94944,hi,14,143.43,158.4,14.97,/kaggle/working/Hindi-ASR-Whisper-Pipeline/artifacts/q1/preprocess/segments/645534_0014.wav,जी उनकी कम्युनि कम्यूनिकेशन स्किल्स बहुत ज़रूर डाउन है अपनी इंडिया की तो उस पे थोड़ा उनको ध्यान देना चाहिए कि कम्यूनिकेशन अच्छा जाए और यहां की लोगों मेरे कॉन्फिडेंस जाना कॉन्फिडेंस भी बहुत कम
645534,94944,hi,15,167.88,179.19,11.31,/kaggle/working/Hindi-ASR-Whisper-Pipeline/artifacts/q1/preprocess/segments/645534_0015.wav,जी और परिवर्तन की बात करें तो जब से ये फोन आया एक मिनट जब से ये फोन आया तब से तो बहुत ही ज़्यादा मैं चाहते हूँ कि अगर 2045 में
645534,94944,hi,16,179.61,187.32,7.71,/kaggle/working/Hindi-ASR-Whisper-Pipeline/artifacts/q1/preprocess/segments/645534_0016.wav,कुछ चेंजेज आए तो यह हुए ऑनलाइन क्लासेस का ट्रेन चलाएं है ना आजकल की प्रॉपर क्लास लगाया जाए बच्चों को
645534,94944,hi,19,200.04,204.69,4.65,/kaggle/working/Hindi-ASR-Whisper-Pipeline/artifacts/q1/preprocess/segments/645534_0019.wav,तो उसका मोबाइल में इंटरेस्ट बन वो पढ़ाई में उसका फोकस नहीं रहेगा उसका मोबाइल में फोकस रहेगा
645534,94944,hi,20,209.88,217.29,7.41,/kaggle/working/Hindi-ASR-Whisper-Pipeline/artifacts/q1/preprocess/segments/645534_0020.wav,जी जी बिल्कुल
645534,94944,hi,21,220.17,225.87,5.7,/kaggle/working/Hindi-ASR-Whisper-Pipeline/artifacts/q1/preprocess/segments/645534_0021.wav,शिक्षा मेरी
645534,94944,hi,22,228.84,233.79,4.95,/kaggle/working/Hindi-ASR-Whisper-Pipeline/artifacts/q1/preprocess/segments/645534_0022.wav,रोजगार का पता है मुख्य कारण क्या है मुख्य कारण ये
645534,94944,hi,23,236.76,249.18,12.42,/kaggle/working/Hindi-ASR-Whisper-Pipeline/artifacts/q1/preprocess/segments/645534_0023.wav,पता है मुख्य कारण यह है कि आजकल क्या हो गया कि जैसे कि हम इंडिया की लोगों को ना हिंदी इनकी मातृभाषा है तो हिंदी पे ज़्यादा फोकस है कि बचपन से सब फैमिली में लगा लो या टीचर्स या स्कूल्स में लगा लो
645534,94944,hi,24,249.84,263.16,13.32,/kaggle/working/Hindi-ASR-Whisper-Pipeline/artifacts/q1/preprocess/segments/645534_0024.wav,वेसक से या कोई बच्चे सीबीएसई बोर्ड से भी पढ़ रहे हैं तो उनकी इंग्लिश इतनी अच्छी नहीं है क्योंकि उनकी घर का माहौल तो वही हिंदी वाला है ना तो इसकी वजह से भी इंडिया कहीं ना कहीं पीछे है तो मुझे लगता है ये गलत है कि अगर तुम्हारे
645534,94944,hi,25,263.16,272.16,9.0,/kaggle/working/Hindi-ASR-Whisper-Pipeline/artifacts/q1/preprocess/segments/645534_0025.wav,भी है ना कि इंडिया में कोई कंपनी है तो वह रोजगार देना कि उनकी कम्यूनिकेशन स्किल को नहीं ना उनके अंदर जो एक्चुअल स्किल्स है उनको देख के जॉब दे ना
645534,94944,hi,26,276.36,289.23,12.87,/kaggle/working/Hindi-ASR-Whisper-Pipeline/artifacts/q1/preprocess/segments/645534_0026.wav,क्योंकि आज कल तो ये देखते हैं इसको इंग्लिश आती है कि नहीं आती है इंग्लिश नहीं आती है तो उसके अंदर का टैलेंट तो देख लो भाई कम्पनी वाले इसलिए तो मिली नहीं रहे है उसका क्योंकि इंग्लिश पे इतना फोकस ही फोकस ई नहीं है टीचरों का
645534,94944,hi,27,296.25,310.95,14.7,/kaggle/working/Hindi-ASR-Whisper-Pipeline/artifacts/q1/preprocess/segments/645534_0027.wav,प्रैक्टिकल्स नहीं आज को अपने इंडिया में जो लोग है उनके पास टालेंट बहुत है टालेंट की कमी नहीं है पर उनकी जो यह कम्यूनिकेशन स्किल नहीं है इंग्लिश को लेकर वह डाउन है तो आजकल कंपनियों में कहीं भी देखना कंपनियों में
645534,94944,hi,28,311.04,324.27,13.23,/kaggle/working/Hindi-ASR-Whisper-Pipeline/artifacts/q1/preprocess/segments/645534_0028.wav,अगर आपका इंटरव्यू भी लेंगे ना फुल्ली इंग्लिश लेंगे कोई भी हिंदी में आपसे इंटरव्यू नहीं लेने वाला तो इस वजह से भी उनको रोजगार नहीं मिलता उनका टैलेंट वो दब जाता है अब आपने देखा नहीं है आप कितने ब्लॉग्स वगैरा बनाते हैं
645534,94944,hi,29,324.57,333.24,8.67,/kaggle/working/Hindi-ASR-Whisper-Pipeline/artifacts/q1/preprocess/segments/645534_0029.wav,कितने ब्लॉग्स या इंस्टाग्राम पे रिल्स आते है कि बी टैक कर रहे हैं कुछ बच्चे इतना एजुकेटेड होके भी वो ठेले लगा रहे हैं कोई फास्ट फूड के
645534,94944,hi,30,340.11,343.35,3.24,/kaggle/working/Hindi-ASR-Whisper-Pipeline/artifacts/q1/preprocess/segments/645534_0030.wav,हाँ ये है ही सबसे यही है कारण
645534,94944,hi,31,345.63,349.53,3.9,/kaggle/working/Hindi-ASR-Whisper-Pipeline/artifacts/q1/preprocess/segments/645534_0031.wav,क्योंकि अपनी इंडिया में इतना रोजगार है ही नहीं लोग विदेश भाग रहे हैं रोजगार के लिए.
645534,94944,hi,33,359.73,363.99,4.26,/kaggle/working/Hindi-ASR-Whisper-Pipeline/artifacts/q1/preprocess/segments/645534_0033.wav,उस बदलाव को आगे बढ़ाने के लिए आम नागरिक आज क्या कर सकते हैं
645534,94944,hi,34,371.22,373.59,2.37,/kaggle/working/Hindi-ASR-Whisper-Pipeline/artifacts/q1/preprocess/segments/645534_0034.wav,हेलो
645534,94944,hi,35,381.99,394.98,12.99,/kaggle/working/Hindi-ASR-Whisper-Pipeline/artifacts/q1/preprocess/segments/645534_0035.wav,मैं तो ये कहती हूँ कि हाँ जी मेरे हिसाब से तो नहीं कम्युनिकेशन स्किल में ही बदलाव करना चाहिए कि हाँ जी आ रहे हैं आपकी आवाज मैं तो अगर फ्यूचर में कुछ बदलना चाहुंगी तो यही बदलना चाहूंगी कि कम्युनिकेशन स्किल
645534,94944,hi,36,395.07,407.58,12.51,/kaggle/working/Hindi-ASR-Whisper-Pipeline/artifacts/q1/preprocess/segments/645534_0036.wav,हमें थोड़ा बदलाव करना चाहिए कि अगर किसी को कोई हिंदी मे कंफर्ट है तो उसका इंटरव्यू हिंदी में ले और जो इंग्लिश में कंफरटेबल है उसका इंग्लिश में ले तो भाषा पे तो जरूर ध्यान देना चाहिए
645534,94944,hi,37,408.84,414.93,6.09,/kaggle/working/Hindi-ASR-Whisper-Pipeline/artifacts/q1/preprocess/segments/645534_0037.wav,कि ये ना हो कि किसी का टैलेंट भासा की वजह से दब जाए हाँ जी
661461,10692,hi,0,3.32,9.29,5.97,/kaggle/working/Hindi-ASR-Whisper-Pipeline/artifacts/q1/preprocess/segments/661461_0000.wav,हम्म हम्म बिल्कुल हम्म हम्म
661461,10692,hi,2,21.17,34.91,13.74,/kaggle/working/Hindi-ASR-Whisper-Pipeline/artifacts/q1/preprocess/segments/661461_0002.wav,जी बिल्कुल हम्म शहर में अगर मैं यात्रा करता हूं जब भी पब्लिक ट्रांसपोर्ट लेता हूं मेट्रो हो गई बस हो गई या फिर ऐसे ही पैदल भी अगर कहीं जा रहे हो नजदीक में
661461,10692,hi,3,35.06,48.53,13.47,/kaggle/working/Hindi-ASR-Whisper-Pipeline/artifacts/q1/preprocess/segments/661461_0003.wav,तो हमे हमारे शहर के बारे में लोगों यहां के जो संस्कृति है उसके बारे में बहुत कुछ सीखने को मिलता है और शहर के नए रास्ते के बारे में भी पता चलता है जब आप खुद का व्हीकल लेके या फिर पब्लिक ट्रांसपोर्ट से भी अगर ट्रैवल कर रहे हो तो
661461,10692,hi,4,48.74,60.83,12.09,/kaggle/working/Hindi-ASR-Whisper-Pipeline/artifacts/q1/preprocess/segments/661461_0004.wav,उसमें शहर के बारे में सीखने को तो मिलता है लेकिन ये आपको एक अंदाजा भी आता है कि अगर इस शहर में रह रहे हैं तो हमें अपनी लाइफ स्टाइल किस तरह से अपनी जो जीवन शैली है उस
661461,10692,hi,5,60.86,73.64,12.78,/kaggle/working/Hindi-ASR-Whisper-Pipeline/artifacts/q1/preprocess/segments/661461_0005.wav,तो किस तरह से इस शहर के अनुकुल रहते हुए ढालना है हमें इससे हमे पता चलता है कि जैसे हां यहां पर स्कूल वगैरा यहां पे अच्छी है या नहीं वगैरा वगैरा बात है तो रोमांच
661461,10692,hi,6,73.64,86.9,13.26,/kaggle/working/Hindi-ASR-Whisper-Pipeline/artifacts/q1/preprocess/segments/661461_0006.wav,तो बहुत है इस शहर में घूमने में या फिर हमारे इस राज्य में ही घूमने में भी क्यों ना हो अगला टॉपिक है कि ऐसा कौन सा छोटा रूटीन जैसे संगीत पॉडकास्ट आदि है जो आपके
661461,10692,hi,7,86.9,93.89,6.99,/kaggle/working/Hindi-ASR-Whisper-Pipeline/artifacts/q1/preprocess/segments/661461_0007.wav,यात्रा को एक निजी समय में बदल देता है जैसे कि आप यात्रा कर रहे हो बोलिए
661461,10692,hi,8,97.43,101.66,4.23,/kaggle/working/Hindi-ASR-Whisper-Pipeline/artifacts/q1/preprocess/segments/661461_0008.wav,हम्म हम्म उम्म हम्म हम्म
661461,10692,hi,9,108.11,117.08,8.97,/kaggle/working/Hindi-ASR-Whisper-Pipeline/artifacts/q1/preprocess/segments/661461_0009.wav,हूं हूं जी बिल्कुल हूं
661461,10692,hi,10,120.35,134.6,14.25,/kaggle/working/Hindi-ASR-Whisper-Pipeline/artifacts/q1/preprocess/segments/661461_0010.wav,हूं हूं हूं मेरे लिए अ संगीत भी है लेकिन हां तो वो भी अपने आप में बहुत ही रोमांचिक लगता है हेलो
661461,10692,hi,11,137.6,150.86,13.26,/kaggle/working/Hindi-ASR-Whisper-Pipeline/artifacts/q1/preprocess/segments/661461_0011.wav,ह्म्म ह्म्म हेलो हा अब आवाज आ रही है बीच में आवाज कट गई थी आपकी हेलो हेलो हां
661461,10692,hi,12,151.46,165.44,13.98,/kaggle/working/Hindi-ASR-Whisper-Pipeline/artifacts/q1/preprocess/segments/661461_0012.wav,तो अ जैसा सफर करते करने के दौरान जैसे हम मेट्रो में हो बस में हो तो मुझे गेम्स खेलना भी बहुत पसंद है वीडियो गेम्स खिलना वो भी एक अच्छा जरिया है वक्त बिताने का और उसके साथ से जैसे आपने कहा विंडो सीट पर बैठके
661461,10692,hi,13,165.59,178.73,13.14,/kaggle/working/Hindi-ASR-Whisper-Pipeline/artifacts/q1/preprocess/segments/661461_0013.wav,म्यूजिक सुनना या फिर पॉडकास्ट सुनना पॉडकास्ट में मुझे ज्यादा रूची नहीं रहती पॉडकास्ट में उतनी रूची नहीं है लेकिन मुझे ऑडियोबुक्स में ज्यादा रूची है तो ऑडियोबुक्स में सुनता हूं या फिर संगीत सुनता हूं
661461,10692,hi,14,178.88,193.28,14.4,/kaggle/working/Hindi-ASR-Whisper-Pipeline/artifacts/q1/preprocess/segments/661461_0014.wav,तो उससे वक्त कट जाता है और साथ ही साथ आपके सामने जो शहर के नजारे आते हैं वो भी एक अपने आप में बहुत ही अनूठा अनुभव होता है इस ऐसे मुसाफिरी करना हम अगला टॉपिक है यात
661461,10692,hi,15,193.61,199.67,6.06,/kaggle/working/Hindi-ASR-Whisper-Pipeline/artifacts/q1/preprocess/segments/661461_0015.wav,अपनी यात्रा का कोई ऐसा पल साजा करे जो एक किस्से में बदल गया और आप आज भी उसे धोराते हैं
661461,10692,hi,16,203.06,217.37,14.31,/kaggle/working/Hindi-ASR-Whisper-Pipeline/artifacts/q1/preprocess/segments/661461_0016.wav,ऐसा कोई किस्सा रहा हो अपनी यात्रा के दौरान जो एक याद में बदल गया हो जो आप आज भी उसे दोहराते हो हेलो हां
661461,10692,hi,17,221.78,231.26,9.48,/kaggle/working/Hindi-ASR-Whisper-Pipeline/artifacts/q1/preprocess/segments/661461_0017.wav,अच्छा मैं ये वीड का पॉइंट रीड किया था मैंने कि ऐसा कोई किस्सा रहा हो यात्रा के दौरान जो आप बहुत ही यादगार रह गया और आप आज भी उसे दोहराते हो
661461,10692,hi,19,241.79,243.89,2.1,/kaggle/working/Hindi-ASR-Whisper-Pipeline/artifacts/q1/preprocess/segments/661461_0019.wav,हम्म हम्म
661461,10692,hi,27,274.73,288.32,13.59,/kaggle/working/Hindi-ASR-Whisper-Pipeline/artifacts/q1/preprocess/segments/661461_0027.wav,हम्म तो टीटी ने आपका सामान नहीं देखा था अच्छा छोटी सी एक बेगी थीं ओके हा हा हम्म हम्म हम्म
661461,10692,hi,29,293.57,296.9,3.33,/kaggle/working/Hindi-ASR-Whisper-Pipeline/artifacts/q1/preprocess/segments/661461_0029.wav,हूं हूं
661461,10692,hi,30,298.97,308.57,9.6,/kaggle/working/Hindi-ASR-Whisper-Pipeline/artifacts/q1/preprocess/segments/661461_0030.wav,हम्म उह हम्म आह हम्म मेरा अनुभव एक ऐसा रहा है
661461,10692,hi,31,308.69,321.77,13.08,/kaggle/working/Hindi-ASR-Whisper-Pipeline/artifacts/q1/preprocess/segments/661461_0031.wav,कि जब भी मैं अपने शहर में घूमता फिरता हूँ या फिर किसी भी काम से किसी दूसरे एरिया जाना हो रहा है तो मेरे एरिया से थोड़ा दूर है तो वहाँ उस एरिया की कुछ याद होती है जैसे कि हमारे जो फैमिली क्लिनिक है
661461,10692,hi,32,322.01,336.68,14.67,/kaggle/working/Hindi-ASR-Whisper-Pipeline/artifacts/q1/preprocess/segments/661461_0032.wav,वो हमारे घर से पंद्रह किलोमीटर दूर है पंद्रह से बीस किलोमीटर दूर है अब जब भी वहाँ जाना होता है महीने में एक बार तो वहाँ नजदीक बाजु में ही एक सिंग चने की दुकान है वहाँ पे मिठाई वगैरह बहुत अच्छी मिलती है चिकी हो गई या फिर
661461,10692,hi,33,336.71,348.95,12.24,/kaggle/working/Hindi-ASR-Whisper-Pipeline/artifacts/q1/preprocess/segments/661461_0033.wav,तिलगुड़ के लड्डू हो गए तो मैं वो हमेशा खरीद कर लाता हूं जब भी मैं वहां क्लीनिक जाता हूं दवाई या वगैरह लेने के लिए तो मैं हमेशा उसको खरीद कर लाता हूं कि एक मेमोरी है यह याद है वहां की
661461,10692,hi,34,349.22,361.94,12.72,/kaggle/working/Hindi-ASR-Whisper-Pipeline/artifacts/q1/preprocess/segments/661461_0034.wav,तो मैं इसको दोहराता बी हूँ बार बार जब बी वहां क्लीनिक जाना होता है ऐसा ही अनुभव रहता है कि जब मैं कहीं दूसरे एरिया जा रहा हूँ वहा का कोई स्ट्रीट फूड मेरे को पसंद है कि हा यहां पे ये पानी पूरी अच्छी मिलती है यहां पे समोसे अच्छे मिलते हैं तो मैं
661461,10692,hi,35,362.03,373.73,11.7,/kaggle/working/Hindi-ASR-Whisper-Pipeline/artifacts/q1/preprocess/segments/661461_0035.wav,मैं इस बात का खा हमेशा ध्यान रखता हूं कि मैं वो समोसे खा के आया हूं वहां से क्योंकि बार बार जाना नहीं होता ना दूर इतने दूर एरिया में कभी कभार शहर में रहते हो तो जो नज़दीक के एरिया वहीं जाना होता है
661461,10692,hi,36,373.85,387.38,13.53,/kaggle/working/Hindi-ASR-Whisper-Pipeline/artifacts/q1/preprocess/segments/661461_0036.wav,जब खास तौर पे दूर जा रहे हो तो लगता है कि चलो कुछ न कुछ जाते है तो खाकर आए तो फूड जो है खाना होता है वो मेरे लिए बहुत ही ऐसे अनुभव रहता है कि चलो कहीं दूर जा रहे हो शहर में ही सही लेकिन हां
661461,10692,hi,37,387.44,389.69,2.25,/kaggle/working/Hindi-ASR-Whisper-Pipeline/artifacts/q1/preprocess/segments/661461_0037.wav,तो वो खाना खा के आए हम्म
661461,10692,hi,38,397.82,400.94,3.12,/kaggle/working/Hindi-ASR-Whisper-Pipeline/artifacts/q1/preprocess/segments/661461_0038.wav,अगला पॉइंट है हमारा कि क्या आपकी यात्रा
661461,10692,hi,39,404.3,412.25,7.95,/kaggle/working/Hindi-ASR-Whisper-Pipeline/artifacts/q1/preprocess/segments/661461_0039.wav,अह क्या आपकी यात्रा आपको थका देती है या आत्मचिंतन का समय देती है और क्यों
661461,10692,hi,40,414.32,417.77,3.45,/kaggle/working/Hindi-ASR-Whisper-Pipeline/artifacts/q1/preprocess/segments/661461_0040.wav,हेलो सुना
661461,10692,hi,41,422.06,423.62,1.56,/kaggle/working/Hindi-ASR-Whisper-Pipeline/artifacts/q1/preprocess/segments/661461_0041.wav,हां हां बिल्कुल
661461,10692,hi,42,427.88,434.24,6.36,/kaggle/working/Hindi-ASR-Whisper-Pipeline/artifacts/q1/preprocess/segments/661461_0042.wav,हु हु
661461,10692,hi,43,436.79,443.18,6.39,/kaggle/working/Hindi-ASR-Whisper-Pipeline/artifacts/q1/preprocess/segments/661461_0043.wav,हु हु मुझे भी ऐसा होता है कभीकभी खास करके जब मैं मेट्रो या पब्लिक बस में ट्रैवल करता हूं
661889,252386,hi,0,0.72,13.68,12.96,/kaggle/working/Hindi-ASR-Whisper-Pipeline/artifacts/q1/preprocess/segments/661889_0000.wav,वो सॉफ्टवेयर का ही है ना सब गूगल का ही सिस्टम है उसमें तो वो मल्टीटास्किंग के लिए भी बहुत अच्छा है और उसका सब कुछ अच्छा है मतलब इससे डिफरेंट है बहुत और वो लैपटॉप
661889,252386,hi,1,18.12,21.63,3.51,/kaggle/working/Hindi-ASR-Whisper-Pipeline/artifacts/q1/preprocess/segments/661889_0001.wav,मैं तो अभी गैलेक्सी एम फिफ्टि वन यूज़ कर रहा हूँ सैमसंग का
661889,252386,hi,2,28.29,42.21,13.92,/kaggle/working/Hindi-ASR-Whisper-Pipeline/artifacts/q1/preprocess/segments/661889_0002.wav,अच्छा मै जो यह यूज करता हूँ इसमें सिर्फ आईजी नहीं है इसमें ऐट जीबी रैम है तो यह स्मूथ नहीं चलता मैं पबजी भी खेलता हूँ तो नाइंटी एफ पी एस पे तो चल सिक्सटी एफपीएस तो स्मूथ नहीं चलता है नाइंटी एफपीएस
661889,252386,hi,3,42.24,54.63,12.39,/kaggle/working/Hindi-ASR-Whisper-Pipeline/artifacts/q1/preprocess/segments/661889_0003.wav,यह सारा और उसके लिए वन ट्वेंटी एफपीएस के लिए अभी नए फोंस बहुत अच्छे अच्छे फोंस आए बट यह बहुत बैटर है इसका बैटरी क्वालिटी बहुत अच्छा है सेवन थाउजंड एमएएच बैटरी है इसका तो यह.
661889,252386,hi,4,55.17,62.7,7.53,/kaggle/working/Hindi-ASR-Whisper-Pipeline/artifacts/q1/preprocess/segments/661889_0004.wav,पूरे दिन भी पूरा कुछ भी कर लग तो भी अ डाउन नहीं होते बैटरी ही यह इसका प्लस पॉइंट है और यह इसके क्लिच ही नहीं होता
661889,252386,hi,5,75.72,89.67,13.95,/kaggle/working/Hindi-ASR-Whisper-Pipeline/artifacts/q1/preprocess/segments/661889_0005.wav,हु लैपटॉप मेरे खयाल से तो मैकबुक तो बेस्ट है बट आउट ऑफ बजट है मैकबुक के सारे मतलब आईफोन है ही वैसे ही बहुत कॉस्टली होता है बट आईफोन है भी वैसे ही क्वालिटी भी है ही क्वालिटी का पैसा वैल्यू ऑफ मनी है
661889,252386,hi,6,90.3,103.56,13.26,/kaggle/working/Hindi-ASR-Whisper-Pipeline/artifacts/q1/preprocess/segments/661889_0006.wav,बट अ अ एक्स एक्सपेक्ट मैकबुक मतलब एप्पल से अ बैटर मेरी चॉइस है मतलब वेक्टर वेक्टर अ बोहोत बढ़िया लैपटॉप है गेमिंग के लिए
661889,252386,hi,7,104.01,116.01,12.0,/kaggle/working/Hindi-ASR-Whisper-Pipeline/artifacts/q1/preprocess/segments/661889_0007.wav,राइट टू वी का मोड़ आया उसमें तो लैपटॉप एक दम मस्त है मतलब एचपी का ही लैपटॉप लेकिन उसमें जो आ रेड ऑन ग्राफिक्स जो अभी बीएमडी ग्राफिक्स है पर
661889,252386,hi,8,116.91,131.85,14.94,/kaggle/working/Hindi-ASR-Whisper-Pipeline/artifacts/q1/preprocess/segments/661889_0008.wav,गेमिंग के लिए तो बेस्ट क्योंकि जो अभी के ग्राफिक्स तो बहुत रियलिस्टिक है जी_टी_ए_फाइव अभी लांच हुआ न बहुत सारे नए गेम हैं लेकिन जी_टी_ए_फाइव में जो ग्राफिक्स है अभी के फोर के ग्राफिक्स है
661889,252386,hi,9,138.57,140.46,1.89,/kaggle/working/Hindi-ASR-Whisper-Pipeline/artifacts/q1/preprocess/segments/661889_0009.wav,बट
661889,252386,hi,10,146.61,157.02,10.41,/kaggle/working/Hindi-ASR-Whisper-Pipeline/artifacts/q1/preprocess/segments/661889_0010.wav,REDACTED
661889,252386,hi,11,161.46,166.14,4.68,/kaggle/working/Hindi-ASR-Whisper-Pipeline/artifacts/q1/preprocess/segments/661889_0011.wav,REDACTED
661889,252386,hi,12,169.17,170.49,1.32,/kaggle/working/Hindi-ASR-Whisper-Pipeline/artifacts/q1/preprocess/segments/661889_0012.wav,जहां बोल
661889,252386,hi,13,181.65,196.11,14.46,/kaggle/working/Hindi-ASR-Whisper-Pipeline/artifacts/q1/preprocess/segments/661889_0013.wav,REDACTED
661889,252386,hi,14,196.44,210.48,14.04,/kaggle/working/Hindi-ASR-Whisper-Pipeline/artifacts/q1/preprocess/segments/661889_0014.wav,मतलब आईज में रखा गया उसको आईज क्यूब के टेस्ट करने के लिए टेंपरेचर में तो आईज में रखा उसको फिर भी वो चलने लगा आई फोन खत्म हो गया तभी ट्वेन्टी फोर आवर्स के बाद
661889,252386,hi,15,211.56,223.71,12.15,/kaggle/working/Hindi-ASR-Whisper-Pipeline/artifacts/q1/preprocess/segments/661889_0015.wav,और उसको ट्वेंटी फीट में भी रख गया है ट्वेंटी फीट में वो बहुत डीपली होता है न एक टाईम भी वाटर रेसिस्टेंट हो सकता है लेकिन वॉटरप्रूफ वो ट्वेंटी फीट पानी में रख किये उसको दस बारह घंटा
661889,252386,hi,16,224.4,236.88,12.48,/kaggle/working/Hindi-ASR-Whisper-Pipeline/artifacts/q1/preprocess/segments/661889_0016.wav,फिर उसको अ टेस्ट किया तो आईफोन थोड़ा अटक रहा था लेकिन एस ट्वेंटी फाइव चला एंड और दूसरा प्लस पॉइंट इसका कैमरा आईफोन जानने जाता है उसके प्रोसेसर के लिए और कैमरा के लिए मोस्टली
661889,252386,hi,17,237.84,239.76,1.92,/kaggle/working/Hindi-ASR-Whisper-Pipeline/artifacts/q1/preprocess/segments/661889_0017.wav,अम आईफोन का कैमरा रियलिस्टिक है ना
661889,252386,hi,18,242.25,250.86,8.61,/kaggle/working/Hindi-ASR-Whisper-Pipeline/artifacts/q1/preprocess/segments/661889_0018.wav,देखने वाला ओर्जिनल फिफ्टीन क्लिंट हंड्रेड मैगापिक्सल ये अभी तो गैलक्सी में टू हंड्रेड मैगापिक्सल इसका तो डायरेक्ट चांद तक जूम जाता है
661889,252386,hi,19,253.62,255.36,1.74,/kaggle/working/Hindi-ASR-Whisper-Pipeline/artifacts/q1/preprocess/segments/661889_0019.wav,और फोटोग्राफस माय होबी
661889,252386,hi,20,273.42,287.58,14.16,/kaggle/working/Hindi-ASR-Whisper-Pipeline/artifacts/q1/preprocess/segments/661889_0020.wav,नहीं फोन तो अच्छा है ऐसा कुछ नही बट जो गेमिंग वेमिंग करता है ना उसके लिए ही अच्छा होता है क्योंकि वह ना एक साल के बाद ग्लिच होने लगता है और ग्लिच हुआ ना वह मेरे को ग्लिच होने वाली भले मैं उसमें कुछ प्रोसेसर नहीं मिले अच्छा बट वह ग्लिच वाले हो
661889,252386,hi,21,287.61,292.11,4.5,/kaggle/working/Hindi-ASR-Whisper-Pipeline/artifacts/q1/preprocess/segments/661889_0021.wav,फोन बोहोत इरिटेटिंग होता है वो किलिंग्स होता है ना फोन हैंग हो जाता हैं
661889,252386,hi,22,307.47,314.76,7.29,/kaggle/working/Hindi-ASR-Whisper-Pipeline/artifacts/q1/preprocess/segments/661889_0022.wav,मैम इससे अच्छा आप आईक्यू या पो को का अच्छे अच्छे फोन है पो को और आईक्यू के अच्छे अच्छे ओ रेंज के मस्त फोन है अभी
661889,252386,hi,23,335.01,338.49,3.48,/kaggle/working/Hindi-ASR-Whisper-Pipeline/artifacts/q1/preprocess/segments/661889_0023.wav,जी समझता क्या टॉपिक है उसका मतलब जो
661889,252386,hi,24,350.01,364.92,14.91,/kaggle/working/Hindi-ASR-Whisper-Pipeline/artifacts/q1/preprocess/segments/661889_0024.wav,गैजेट्स तो अ लैपटॉप के लिए मैंने गैजेट एक गैजेट देखा था वो टाइम पे जब जिओ ने लॉन्च किया जिओ वो टाइम पे मेरे पास एयरटेल का लैपटॉप था पुराना मैंने सेकंडल लिया था
661889,252386,hi,25,365.85,380.85,15.0,/kaggle/working/Hindi-ASR-Whisper-Pipeline/artifacts/q1/preprocess/segments/661889_0025.wav,तो मेरे को उस चीज में एक गैजेट बहुत काम आया था वह समय अभीआ भी वह किसी को काम आता है नहीं लेकिन मैं आउटडोर बहुत ज्यादा था यहा वहा मुझे वह गैजेट बहुत काम आया उसको डॉंगल बोलते हैं डॉंगल
661889,252386,hi,26,382.23,395.73,13.5,/kaggle/working/Hindi-ASR-Whisper-Pipeline/artifacts/q1/preprocess/segments/661889_0026.wav,तो डॉंगल उसमें सिम कार्ड जा जो फोन में सिम कार्ड लगता है वो ही उसमें जीओ का सिर्फ जो का ही सिम कार्ड लगता था उसमें बट वो वाईफाई जैसे काम करता था कहाँ पर भी बट वो नेटवर्क स्पीड मोबाइल की ही थी
661889,252386,hi,27,397.86,412.08,14.22,/kaggle/working/Hindi-ASR-Whisper-Pipeline/artifacts/q1/preprocess/segments/661889_0027.wav,पर वो वाइ फाई जैसे काम करता था मतलब उसमें सिम कार्ट डालेंगे और रिचार्ज करेंगे तो अपन अ ह हॉसपॉट या वाइफाई तो घर पर ही रहता है वो थोड़ी न लेके गुम सकता है और मोबाइल का हॉसपॉट देंगे तो वो फट फट कंजूम कर लेगा
661889,252386,hi,28,413.04,426.69,13.65,/kaggle/working/Hindi-ASR-Whisper-Pipeline/artifacts/q1/preprocess/segments/661889_0028.wav,तो उसके लिए वो एक डोंगल ऑप्शन था और सीडी जैसा सीडी जैसा होता है डिवाइस था एक वो मुझे बहुत प्यारा लगा और अभी तो बहुत अच्छे अच्छे गैजेट आए ओसी एलेक्सा एलेक्सा कुछ न कुछ.
661889,252386,hi,29,427.02,434.76,7.74,/kaggle/working/Hindi-ASR-Whisper-Pipeline/artifacts/q1/preprocess/segments/661889_0029.wav,ओ जरूरी है अपने को तो ब्लॉग जो बनाता है उसके लिए जरूरी है
661889,252386,hi,30,442.95,457.14,14.19,/kaggle/working/Hindi-ASR-Whisper-Pipeline/artifacts/q1/preprocess/segments/661889_0030.wav,ब्लॉगर को तो फर्स्ट ऑफ फॉल्ड तो ब्लॉगर के लिए बेस्ट कैमेरा चाहिए और माइक ये तो उनका मेन असेसेरी कैमेरा अच्छा होगा और माइक अच्छी होगी तो इनवायरमेंट भी होगा ना लेते
661889,252386,hi,31,457.59,467.58,9.99,/kaggle/working/Hindi-ASR-Whisper-Pipeline/artifacts/q1/preprocess/segments/661889_0031.wav,और उनका जो कोन्टेंट रहेगा वो घर पे भी सेटअप बना सकते हैं वो सेटअप बनाने की कुछ बड़ी बात थी और वो लाइटिंग मीटिंग सेटअप और वो खुद ही एडिट कर लें
661889,252386,hi,32,481.71,495.0,13.29,/kaggle/working/Hindi-ASR-Whisper-Pipeline/artifacts/q1/preprocess/segments/661889_0032.wav,फिलहाल इंडिया में तो वो टेक्निक नहीं है लेकिन एक ऐलन मस्क ने अभी लांच किया चैट_जी_टी_पी चैट जी_टी_पी एक उसने चीप लॉन्च किये वो चीप इंसान के ब्रेन मे लगती है
661889,252386,hi,33,496.92,509.1,12.18,/kaggle/working/Hindi-ASR-Whisper-Pipeline/artifacts/q1/preprocess/segments/661889_0033.wav,तो इंसान की इमेजिनेशन और आई.क्यू.लेवल बढ़ता है उससे जो मतलब डायरेक्ट जो गूगल पिक्सेल में आह वो अह मतलब है गूगल पिक्सेल में इनमे नहीं है वो
661889,252386,hi,34,509.64,524.19,14.55,/kaggle/working/Hindi-ASR-Whisper-Pipeline/artifacts/q1/preprocess/segments/661889_0034.wav,अभी गूगल फिक्सल का ये खासियत ये है कि जहां अपन साथ में दोनों बैठे है ठीक है तो तुम तुम्हारे फोन में कोई सॉन्ग चल रहा है तुम्हारे फोन में यूट्यूब पे कोई सॉन्ग चल रहा है तो अ
661889,252386,hi,35,524.37,532.95,8.58,/kaggle/working/Hindi-ASR-Whisper-Pipeline/artifacts/q1/preprocess/segments/661889_0035.wav,उसमें एसी द द इनबिल्टी है उसमें वो फंक्शन वो डिटेक्ट कर लेगा ऑटोमेटिकली डिटेक्ट कर लेगा कौन सा सॉंग है और ये यहाँ प्ले कर लेगा
661889,252386,hi,36,535.44,540.72,5.28,/kaggle/working/Hindi-ASR-Whisper-Pipeline/artifacts/q1/preprocess/segments/661889_0036.wav,उसमें ये बेनिफिशियल है चैट जी पी टी का हो विग
661889,252386,hi,38,613.17,626.13,12.96,/kaggle/working/Hindi-ASR-Whisper-Pipeline/artifacts/q1/preprocess/segments/661889_0038.wav,यस यस ये इन्होंने ये जो यू_पी_आई ट्रांजेक्शन ऑनलाइन ट्रांसलेशन ये जो होता है ये अपने पॉइंट बहुत अच्छा बोला क्योंकि इतना इंडिया अपडेट हो चुका है अपन बहुत लक्की है जो इस औरा में रह रहे हैं क्योंकि
661889,252386,hi,39,626.58,640.14,13.56,/kaggle/working/Hindi-ASR-Whisper-Pipeline/artifacts/q1/preprocess/segments/661889_0039.wav,देखो बहुत कुछ नया देखने मिला है और इतना अ. दिमाग से मतलब इंसानी दिमाग से क्या क्या पॉसिबल किया इंसान ने ये मुझे बहुत अच्छे लगता है लेकिन ये आईफोन में एक ऑप्शन है
661889,252386,hi,40,640.83,642.18,1.35,/kaggle/working/Hindi-ASR-Whisper-Pipeline/artifacts/q1/preprocess/segments/661889_0040.wav,सैटेलाइट फोन मर गया
661889,252386,hi,41,644.46,657.24,12.78,/kaggle/working/Hindi-ASR-Whisper-Pipeline/artifacts/q1/preprocess/segments/661889_0041.wav,वो सैटेलाइट फोन के लिए ना किसी के नेटवर्क की जरूरत है ना सिम कार्ड की जरूरत है उसके लिए ये स्पेशलिटी उसकी ये है कि तुम माउंटेन पे रहो या जहां वहा है कुछ नेटवर्क भी ना हो फिर भी तुम्हारा कॉल कनेक्ट हो जाएगा
661889,252386,hi,42,659.19,672.66,13.47,/kaggle/working/Hindi-ASR-Whisper-Pipeline/artifacts/q1/preprocess/segments/661889_0042.wav,वो किसी और फोन में है हाँ बहुत है वो अभी आने वाला है शायद सिक्सटीन या सेवेनटीन में सटेलेट फोन क्योंकि वो एमरजनसी में काम आता है अगर कोई पहाड में जंगल में अटक गया तो उसको वॉकी टॉकी थोड़ी न लेके घूमते
661889,252386,hi,43,679.23,693.18,13.95,/kaggle/working/Hindi-ASR-Whisper-Pipeline/artifacts/q1/preprocess/segments/661889_0043.wav,और वहाँ पे कुछ इमरजेंसी हो गई तो हेल्प कैसे मांगेगे उसके लिए डायरेक्ट तो आईफोन में सिस्टम है सैटेलाइट फ़ोन और ये एक सीन हुआ था मेरे दोस्त ने मुझे बताया था कि
661889,252386,hi,44,693.51,706.65,13.14,/kaggle/working/Hindi-ASR-Whisper-Pipeline/artifacts/q1/preprocess/segments/661889_0044.wav,वो कहां पे तो हो वो गया था काउंटर पे आइज लेने मतलब स्नोफॉल तो वहां पे और डेंटिंग कर रहा था एक दिन रात में बहुत स्नोफॉल हो गई
661889,252386,hi,45,706.98,721.89,14.91,/kaggle/working/Hindi-ASR-Whisper-Pipeline/artifacts/q1/preprocess/segments/661889_0045.wav,तो वो जम गया उसमें स्नोफॉल में पुरी रात में तो उसका फोन साइड में था उसका फोन भी फ्रीज हो चुका था तो उसने यहां से बट उसकी वॉइस चल रही थी वॉइस चल रही थी तो उसने
661889,252386,hi,46,722.31,735.06,12.75,/kaggle/working/Hindi-ASR-Whisper-Pipeline/artifacts/q1/preprocess/segments/661889_0046.wav,आ जैसे सिरी को बोलते हैं अपुन सिरी ओपन द मूजिक ओपन प्लेयर ऐसा कुछ तो उसने वैसे ही हेल्प मांगी और हेलीकॉप्टर से उसको माउंटेन पर हेल्प कर जाये क्योंकि वह फ्रीज हो चुका था खुद कुछ नहीं कर पाता
661889,252386,hi,47,753.63,759.21,5.58,/kaggle/working/Hindi-ASR-Whisper-Pipeline/artifacts/q1/preprocess/segments/661889_0047.wav,हाँ प्रोजेक्ट के लिए गैंजेड यूज मतलब उत्पादन करना इसे मतलब कुछ नया चीज आये
661889,252386,hi,48,761.22,764.22,3.0,/kaggle/working/Hindi-ASR-Whisper-Pipeline/artifacts/q1/preprocess/segments/661889_0048.wav,और कुछ नया आन आना जरूरी है ऐसे बोल रहा हो
661889,252386,hi,49,826.62,839.55,12.93,/kaggle/working/Hindi-ASR-Whisper-Pipeline/artifacts/q1/preprocess/segments/661889_0049.wav,मैं ये कहना चाहता हूँ हुहह की एयरपोर्ट या कहीं पे भी एक ऐसा कुछ डिवाइस आ जाए ताकी वो कैमरा से डिडक्ट कर पाए डायरेक्टली कि
661889,252386,hi,50,839.58,853.95,14.37,/kaggle/working/Hindi-ASR-Whisper-Pipeline/artifacts/q1/preprocess/segments/661889_0050.wav,अ बाहर तो हैं ही रिवाज ऑलरेडी वो गैजेट ऐसा हों चाहिए कि वो अगर कैप्चर कर ले न तो अपना जो फेस से ही अपना डिटेल्स आ जाए कि इसने कुछ क्राइम किया है कि इसका प्रीवियस में कुछ सीन है या क्लियर्ड है
661889,252386,hi,51,854.46,863.43,8.97,/kaggle/working/Hindi-ASR-Whisper-Pipeline/artifacts/q1/preprocess/segments/661889_0051.wav,तो उनसे ये भी होगा कि आ देश में जो भी कुछ क्राइम या क्रिमिनलस खुले आम घूम रहे हैं उनका डेटा तो होगा ही न कलेक्टेड ये आधार कार्ड हे
661889,252386,hi,52,865.95,880.59,14.64,/kaggle/working/Hindi-ASR-Whisper-Pipeline/artifacts/q1/preprocess/segments/661889_0052.wav,आरए हा आधार कार्ड फेस में इसका डिवाइस अगर ये रहेगा तो क्रिमिनल को भी पकड़ा जा सकता है अगर वो खुले आम प्लास्टिक सर्जरी करके भी घूमे तो भी अगर डिटेक्ट किया जा सकता है
661889,252386,hi,53,881.07,890.04,8.97,/kaggle/working/Hindi-ASR-Whisper-Pipeline/artifacts/q1/preprocess/segments/661889_0053.wav,ये थोड़ा और ये बैटर भी हुआ क्यूंकि आतंकी आतंकी हमले भी बहुत होते है और क्रिमिनल खुलेआम घूम रहे है कश्मीर शहर मे बहुत हो रहा है ये सब
661889,252386,hi,54,909.63,924.3,14.67,/kaggle/working/Hindi-ASR-Whisper-Pipeline/artifacts/q1/preprocess/segments/661889_0054.wav,हा देखने जाएगे तो जैसे आह फोन अपनी उसके ते फोन पार्ट आफ लाइफ है और बहुत इंपोर्टेंट लाइफ की तो कुछ नहीं है आपका लाइट सारा डेटा और सारा कुछ उससे ही
661889,252386,hi,55,924.33,936.21,11.88,/kaggle/working/Hindi-ASR-Whisper-Pipeline/artifacts/q1/preprocess/segments/661889_0055.wav,हां ये तो उसको वैसे ही केयर करना है जैसे हम दूसरे चीजों की केयर करते हैं उसने डिजरिस्पेक्ट करेंगे तो वो उसे भी बुरा लगेगा जिसने वो मेट किया है क्योंकि
661889,252386,hi,56,936.51,946.11,9.6,/kaggle/working/Hindi-ASR-Whisper-Pipeline/artifacts/q1/preprocess/segments/661889_0056.wav,REDACTED
661889,252386,hi,57,948.0,962.49,14.49,/kaggle/working/Hindi-ASR-Whisper-Pipeline/artifacts/q1/preprocess/segments/661889_0057.wav,बोलो इस बदन के बाहर शायद उसने कबर में नहीं रखा उसने ऐसा वहीं पर मतलब हाथ में लेकर घूम रहा है एक बन्दा आया तो बांदा शोरूम में काम कर रहा था तो उसने
661889,252386,hi,58,962.49,972.21,9.72,/kaggle/working/Hindi-ASR-Whisper-Pipeline/artifacts/q1/preprocess/segments/661889_0058.wav,इसको एक्सप्लेन किया कि सर ये लुइस विंटन का गोगल है इसको ऐसे डिस रेस्पेक्ट मत करिए इसको अपने से केस में रखिया आप क्योंकि ये ब्रैंड है
661889,252386,hi,59,974.52,977.55,3.03,/kaggle/working/Hindi-ASR-Whisper-Pipeline/artifacts/q1/preprocess/segments/661889_0059.wav,तो वह बात उसको
661889,252386,hi,60,983.13,992.88,9.75,/kaggle/working/Hindi-ASR-Whisper-Pipeline/artifacts/q1/preprocess/segments/661889_0060.wav,कोई नहीं तो इसको ठीक से मेंनटेन अगर बाइक भी चला रहे तो उसको सर्विस तो करना जरूरी है नई उसको रख के वैसे ही सडाएंगे तो सही नहीं लगता है न
661889,252386,hi,61,995.13,999.06,3.93,/kaggle/working/Hindi-ASR-Whisper-Pipeline/artifacts/q1/preprocess/segments/661889_0061.wav,हाँ मैने टेन रखनी है सर
661889,252386,hi,62,1020.15,1030.92,10.77,/kaggle/working/Hindi-ASR-Whisper-Pipeline/artifacts/q1/preprocess/segments/661889_0062.wav,REDACTED
661889,252386,hi,63,1045.77,1055.76,9.99,/kaggle/working/Hindi-ASR-Whisper-Pipeline/artifacts/q1/preprocess/segments/661889_0063.wav,बात ये नई कि किस किस को तो फोन बी नसीब नहीं है उससे अच्छा तुम एक्सचेंज ऑफर में किसी को दे दो तो वो फोन कोई बना के किसी को काम आ जाएगा सेकंड हैंड मार्केट में जाके कोई ले लेगा
661889,252386,hi,64,1058.97,1060.5,1.53,/kaggle/working/Hindi-ASR-Whisper-Pipeline/artifacts/q1/preprocess/segments/661889_0064.wav,आई फोन वाले शुरू
661889,252386,hi,65,1067.04,1078.17,11.13,/kaggle/working/Hindi-ASR-Whisper-Pipeline/artifacts/q1/preprocess/segments/661889_0065.wav,अभी जो मार्केट में अ वो वो गेजेट का मुझे बो चीज इतना इन्फोर्मेशन नहीं है बट एक गेजेट आया है मार्केट में आई फोन का ही हैं
661889,252386,hi,66,1080.09,1095.06,14.97,/kaggle/working/Hindi-ASR-Whisper-Pipeline/artifacts/q1/preprocess/segments/661889_0066.wav,आ उससे क्या होता है ये नहीं पता लेकिन वो बहुत यूजफुल है और अभी बहुत नएनए गैजेट आए हैं चैट जी टी पी का वीडियो तो मैं अभी देखा लेकिन यह पॉसिबल नही है इंडिया में अभी भी अभी तो पॉसिबल नहीं है क्योंकि वो डायरेक्ट इलीगल ही है ना
661889,252386,hi,67,1095.45,1102.41,6.96,/kaggle/working/Hindi-ASR-Whisper-Pipeline/artifacts/q1/preprocess/segments/661889_0067.wav,फिजिकली मतलब अभी वो चीप बोल रहा है ब्रेन में डालने का ये तो भाई रिस्की भी है ब्रेन में डाल के कैसे इमेजिनेशन पावर बढ़ जाएगी
661889,252386,hi,68,1112.07,1114.23,2.16,/kaggle/working/Hindi-ASR-Whisper-Pipeline/artifacts/q1/preprocess/segments/661889_0068.wav,ओके थैंक यू
663529,295937,hi,0,0.47,15.02,14.55,/kaggle/working/Hindi-ASR-Whisper-Pipeline/artifacts/q1/preprocess/segments/663529_0000.wav,कोई नए प्रकार के लोग मिलते हैं जिसे नई बाते पता चलती हैं काफी सारे दृश्य देखने के लिए मिलते हैं और यात्रा में रोमांच तो हमेशा रहता ही है ऐसा मेरा मानना है किसी भी यात्रा में आप बिना किसी इ जाप
663529,295937,hi,1,15.08,21.35,6.27,/kaggle/working/Hindi-ASR-Whisper-Pipeline/artifacts/q1/preprocess/segments/663529_0001.wav,काफी सारे ल़ नए लोग मिलते हैं तो उनसे कहीं न कहीं आपको कुछ सीखने को मिलता है कुछ रोमांचित
663529,295937,hi,2,47.84,51.71,3.87,/kaggle/working/Hindi-ASR-Whisper-Pipeline/artifacts/q1/preprocess/segments/663529_0002.wav,जी हम्म हम्म
663529,295937,hi,3,55.94,60.32,4.38,/kaggle/working/Hindi-ASR-Whisper-Pipeline/artifacts/q1/preprocess/segments/663529_0003.wav,ह्म्म ह्म्म जी
663529,295937,hi,5,71.69,74.84,3.15,/kaggle/working/Hindi-ASR-Whisper-Pipeline/artifacts/q1/preprocess/segments/663529_0005.wav,जी जी जी
663529,295937,hi,6,79.79,81.98,2.19,/kaggle/working/Hindi-ASR-Whisper-Pipeline/artifacts/q1/preprocess/segments/663529_0006.wav,हां
663529,295937,hi,7,89.42,103.43,14.01,/kaggle/working/Hindi-ASR-Whisper-Pipeline/artifacts/q1/preprocess/segments/663529_0007.wav,जी तो मेरा ऐसा मानना है कि हाँ तो मेरा प्रश्न रहेगा की संगीत जो रहता है अपना सुन लीजिए पुराने गाने क्लासिक हिंदी सॉन्ग्स इन वन बोलते हैं हेड फोन लगा के क्लासिक हिंदी सॉन्ग सुनना और
663529,295937,hi,8,103.43,115.88,12.45,/kaggle/working/Hindi-ASR-Whisper-Pipeline/artifacts/q1/preprocess/segments/663529_0008.wav,किसी भी यात्रा में ट्रेन या बस में खिड़की पे बैठ कर जो सफर का आनन्द महसूस होता है वो अलग ही उत्पत्ति देता है सुकून को बहुत आनंदमई होता है वो सब
663529,295937,hi,9,116.03,129.53,13.5,/kaggle/working/Hindi-ASR-Whisper-Pipeline/artifacts/q1/preprocess/segments/663529_0009.wav,कि बाहर की दुनिया से एक संपर्क सर टूट जाता है बस गाने सुन रहे हैं पुराने जमाने के और सफर का आनंद ले रहे हैं तो वो अहसास को व्यक्त नहीं कर सकते हैं बट बहुत अच्छा
663529,295937,hi,10,133.19,135.77,2.58,/kaggle/working/Hindi-ASR-Whisper-Pipeline/artifacts/q1/preprocess/segments/663529_0010.wav,और
663529,295937,hi,11,137.87,141.32,3.45,/kaggle/working/Hindi-ASR-Whisper-Pipeline/artifacts/q1/preprocess/segments/663529_0011.wav,जी जी हु हु हां हां सुन पा रहे है
663529,295937,hi,12,143.33,151.04,7.71,/kaggle/working/Hindi-ASR-Whisper-Pipeline/artifacts/q1/preprocess/segments/663529_0012.wav,हाँ थ कट गया था मैं एक बीटा खूब नहीं आ रहा था हा
663529,295937,hi,16,186.98,190.46,3.48,/kaggle/working/Hindi-ASR-Whisper-Pipeline/artifacts/q1/preprocess/segments/663529_0016.wav,जी
663529,295937,hi,17,200.33,206.06,5.73,/kaggle/working/Hindi-ASR-Whisper-Pipeline/artifacts/q1/preprocess/segments/663529_0017.wav,तो आप कुछ बताएंगे तो थोड़ा तो रिलेट कर पाएंगे हम
663529,295937,hi,18,214.64,221.72,7.08,/kaggle/working/Hindi-ASR-Whisper-Pipeline/artifacts/q1/preprocess/segments/663529_0018.wav,हैलो जी आप पुछ बताएंगे तो रिलेट कर पाएंगे हम थोड़ा
663529,295937,hi,19,226.28,228.83,2.55,/kaggle/working/Hindi-ASR-Whisper-Pipeline/artifacts/q1/preprocess/segments/663529_0019.wav,दिस
663529,295937,hi,20,231.35,245.93,14.58,/kaggle/working/Hindi-ASR-Whisper-Pipeline/artifacts/q1/preprocess/segments/663529_0020.wav,हम्म ह्म्म तो मैंने साथ ऐसा मतलब की एक किस्सा रहा है मेरे साथ दोहराता तो नहीं बट किस्सा रहा है की एक बार बिना टिकट यात्रा कर रहा था ट्रेन में मैं और मेरे दोस्त हम लोग पंजाब से एमपी आ रहे थे काफी लंबा सफर था
663529,295937,hi,21,246.71,260.99,14.28,/kaggle/working/Hindi-ASR-Whisper-Pipeline/artifacts/q1/preprocess/segments/663529_0021.wav,में विदाउट टिकिट दोनों बैठे हुए थे वो जब हम अपने शहर पहुँच गए और टीटी ने हमको इस अपने शहर के स्टेशन पे रोक लिया की आप लोग कहां से आ रहे हैं तो मैं को इतना आइडिया नहीं था विदाउट टिकिट सफर करने का पर मेरी मित्र वो था
663529,295937,hi,22,261.5,266.21,4.71,/kaggle/working/Hindi-ASR-Whisper-Pipeline/artifacts/q1/preprocess/segments/663529_0022.wav,तो उसने टी टी को बोला की सर पिछले स्टेशन से ही बैठे थे जी बस हम लोग
663529,295937,hi,23,268.25,283.1,14.85,/kaggle/working/Hindi-ASR-Whisper-Pipeline/artifacts/q1/preprocess/segments/663529_0023.wav,तोबी यहां आना था घर से यहां तक आए हैं बस कि हम लोग डेढ़ दिन से सफर कर रहे थे ट्रेन में और टीटी ने नहीं सामान नहीं बस बैग टांग के आए थे हम लोग हम घूमने के लिए गए थे हम हम बस घूमने के लिए गए थे
663529,295937,hi,24,283.25,293.69,10.44,/kaggle/working/Hindi-ASR-Whisper-Pipeline/artifacts/q1/preprocess/segments/663529_0024.wav,पंजाब अमृतसर तो हम वापस आये फिर हमें टीटी ने रोक लिया तो टीटी को बोला पिछले स्टेशन से बैठे है तो उसने दोनों के सौ रुपए लिए पचास पचास रूपये और दोनों को छोड़ दिया
663529,295937,hi,25,294.44,305.09,10.65,/kaggle/working/Hindi-ASR-Whisper-Pipeline/artifacts/q1/preprocess/segments/663529_0025.wav,अगर हम बोलते हैं कि हम पंजाब से आये तो काफी लंबा चालान काटता हम लोगों का छोड़ता ही नहीं तो काफी रोमांचक था मेरे साथ तो काफी यादगार भी रहा
663529,295937,hi,26,313.22,316.25,3.03,/kaggle/working/Hindi-ASR-Whisper-Pipeline/artifacts/q1/preprocess/segments/663529_0026.wav,हूं
663529,295937,hi,27,328.31,332.03,3.72,/kaggle/working/Hindi-ASR-Whisper-Pipeline/artifacts/q1/preprocess/segments/663529_0027.wav,REDACTED
663529,295937,hi,28,336.62,344.33,7.71,/kaggle/working/Hindi-ASR-Whisper-Pipeline/artifacts/q1/preprocess/segments/663529_0028.wav,जी जी हुह हुह
663529,295937,hi,29,348.56,354.08,5.52,/kaggle/working/Hindi-ASR-Whisper-Pipeline/artifacts/q1/preprocess/segments/663529_0029.wav,जी जी जी जी
663529,295937,hi,30,356.57,360.95,4.38,/kaggle/working/Hindi-ASR-Whisper-Pipeline/artifacts/q1/preprocess/segments/663529_0030.wav,हम्म जी
663529,295937,hi,31,363.32,366.05,2.73,/kaggle/working/Hindi-ASR-Whisper-Pipeline/artifacts/q1/preprocess/segments/663529_0031.wav,जी
663529,295937,hi,32,368.33,381.74,13.41,/kaggle/working/Hindi-ASR-Whisper-Pipeline/artifacts/q1/preprocess/segments/663529_0032.wav,जी जी हां हम्म
663529,295937,hi,33,382.37,395.18,12.81,/kaggle/working/Hindi-ASR-Whisper-Pipeline/artifacts/q1/preprocess/segments/663529_0033.wav,खाने में ओ भी खाना काफी अच्छा लगता है हु हु कहीं पर भी अच्छा खाना मिलता तो वहां से याद जुड़ जाती है कि वहां जाना है तो वो जरूर खाकर आना है
663529,295937,hi,34,398.81,400.88,2.07,/kaggle/working/Hindi-ASR-Whisper-Pipeline/artifacts/q1/preprocess/segments/663529_0034.wav,जी हम्म
663529,295937,hi,35,413.18,427.88,14.7,/kaggle/working/Hindi-ASR-Whisper-Pipeline/artifacts/q1/preprocess/segments/663529_0035.wav,REDACTED
663529,295937,hi,36,428.21,435.71,7.5,/kaggle/working/Hindi-ASR-Whisper-Pipeline/artifacts/q1/preprocess/segments/663529_0036.wav,काफी लंबा सफर करना पड़ता है कारीब देड़ से दो दिन का ट्रेन में तो उस चीज़ में काफी थक जाता हूँ उस चीज़ में
739630,224142,hi,0,6.62,11.21,4.59,/kaggle/working/Hindi-ASR-Whisper-Pipeline/artifacts/q1/preprocess/segments/739630_0000.wav,सर एक टॉपिक एक टॉपिक पर बात कर लेते हैं फिर अगले टॉपिक पर जाएगे ठीक है
739630,224142,hi,2,27.44,34.28,6.84,/kaggle/working/Hindi-ASR-Whisper-Pipeline/artifacts/q1/preprocess/segments/739630_0002.wav,जी खाना तो बना लेता हूँ लेकिन वैसा सबकुछ गलत हमारे साथ कभी नहीं हुआ सबकुछ गलत हो जाएं जी
739630,224142,hi,3,38.51,40.79,2.28,/kaggle/working/Hindi-ASR-Whisper-Pipeline/artifacts/q1/preprocess/segments/739630_0003.wav,हां जी
739630,224142,hi,4,43.25,57.35,14.1,/kaggle/working/Hindi-ASR-Whisper-Pipeline/artifacts/q1/preprocess/segments/739630_0004.wav,सर हा हम जर्नली जो जर्नली जो आम तौर ज़्यादा यूज होता है खाते हैं हम लोग वो ही सब बनाते हैं चिकन चिकन बनाते हैं और क्या बोलते हैं वो अंडा करी बनाते हैं और दाल चावल सब्जी
739630,224142,hi,5,57.62,68.75,11.13,/kaggle/working/Hindi-ASR-Whisper-Pipeline/artifacts/q1/preprocess/segments/739630_0005.wav,रोटी यही सब बनाते हैं जो दान वाली हम खाते हैं जो एक्स्ट्रा होता है हां जो जैसे स्वाद के लिए या डिलिसियस फूड हो गया जैसे की मतलब
739630,224142,hi,6,69.23,81.53,12.3,/kaggle/working/Hindi-ASR-Whisper-Pipeline/artifacts/q1/preprocess/segments/739630_0006.wav,वो इंजॉयमेंट के लिए खाने वाला चीज हम नहीं बना पाता लेकिन जनरली जब भूख मिटाने वाला खा लें अब बना लेता है इसे कैमेरा जी जी जी जी जीजी जी
739630,224142,hi,7,97.4,99.05,1.65,/kaggle/working/Hindi-ASR-Whisper-Pipeline/artifacts/q1/preprocess/segments/739630_0007.wav,जी जी
739630,224142,hi,8,103.19,107.72,4.53,/kaggle/working/Hindi-ASR-Whisper-Pipeline/artifacts/q1/preprocess/segments/739630_0008.wav,हां जी हां गर्म मसाले का फरक होता है थोड़ा सा बस और कुछ नहीं
739630,224142,hi,9,111.89,123.53,11.64,/kaggle/working/Hindi-ASR-Whisper-Pipeline/artifacts/q1/preprocess/segments/739630_0009.wav,देखिए इसका गरम मसाला एक मीट मसाला होता है अलग से आप ने गर्म मसाला ही जैसा होता है मीट मसाला अगर मीट मसाला सलाद डाल दिए तब वो गरम मसाला की जरूरत नहीं पड़ेगी यही नॉरमल चीज डाला जाता है
739630,224142,hi,10,123.74,131.63,7.89,/kaggle/working/Hindi-ASR-Whisper-Pipeline/artifacts/q1/preprocess/segments/739630_0010.wav,और थोड़ा सा इसमें क्या होता है कि प्याज वाज डाल के बनते है तो ज्यादा टेस्टी लगता है थोड़ा सा गरम खाना बनता है जी
739630,224142,hi,12,140.15,153.59,13.44,/kaggle/working/Hindi-ASR-Whisper-Pipeline/artifacts/q1/preprocess/segments/739630_0012.wav,नहीं नहीं कुछ भी कुछ भी नहीं होता है आप मीट मीट मसाला सब्जी सब्जी में भी डाल सकते हैं ऐसा कुछ नही टेस्ट बढ़ाने के लिए ये गर्म मसाला के जैसा होता है और बेचने का एक प्रकार है जिससे कि अलग अलग लोग वैरायटी का खरीद सके
739630,224142,hi,13,159.2,173.6,14.4,/kaggle/working/Hindi-ASR-Whisper-Pipeline/artifacts/q1/preprocess/segments/739630_0013.wav,तो मैं बताना चाहूंगा कि सब कुछ गलत मेरे साथ नहीं हुआ है बस थोड़ा मोड़ा गलत हुआ है कभी नमक ज्यादा पड़ गया कुछ बना रहे हैं अंदाज नहीं आया और खास कर वो होता है कि ज़्यादा तार समय पर खाना बनाता हूं तो वो वो कभी कवार
739630,224142,hi,14,173.78,188.48,14.7,/kaggle/working/Hindi-ASR-Whisper-Pipeline/artifacts/q1/preprocess/segments/739630_0014.wav,कभी कभार ओ रेशियों टाइमिंग गड़बड़ा जाता है जिससे कि थोड़ा सा स्वाद में अंतर आ जाता है ज्यादा कुछ नहीं हुआ है बस कभी थोड़ा सा ज्यादा नमक जी जी हा
739630,224142,hi,15,189.32,203.6,14.28,/kaggle/working/Hindi-ASR-Whisper-Pipeline/artifacts/q1/preprocess/segments/739630_0015.wav,हुं जी जी हम ये भी देखते है कि घर के अंदर जिसे खाना बनाती है हम जहां तक देखे हैं और हमसे ज्यादा तो उन लोगों से भी गलती हो जाती है जो की घर डेली खाना बनाना
739630,224142,hi,16,203.81,217.13,13.32,/kaggle/working/Hindi-ASR-Whisper-Pipeline/artifacts/q1/preprocess/segments/739630_0016.wav,बताया कभी नमक छूट जाता है कभी नमक ज्यादा हो जाता है और मैं मैं मैं अनुभव की मै अनुभव किया हू कि मुझसे बहुत रेयर केस में गलती हुआ है कि नमक छूटा हुआ है नहीं तो मेरे से नमक कभी नहीं छूटता है
739630,224142,hi,17,217.31,229.34,12.03,/kaggle/working/Hindi-ASR-Whisper-Pipeline/artifacts/q1/preprocess/segments/739630_0017.wav,और मैनली नमक का ही ज्यादातर हुआ होता है नमक का ही स्वाद ही होता है छूटने का मिस्टेक होने का ज्यादा चांस नमक का ही रहता है कि सारा खाना मनाता बनता वो दिखता नहीं है
739630,224142,hi,18,229.58,243.62,14.04,/kaggle/working/Hindi-ASR-Whisper-Pipeline/artifacts/q1/preprocess/segments/739630_0018.wav,तो वो पता नहीं चलता है कि कब डाला गया नहीं डाला गया कभी कभी दो दो आदमी एक साथ डाल देते हैं खाना जी जी जी तो तो वो क्या होता है कि थोड़ा सा स्वाद बढ़ जाता नमक का खाने में थोड़ा सा वो हो जाता है
739630,224142,hi,19,244.25,246.89,2.64,/kaggle/working/Hindi-ASR-Whisper-Pipeline/artifacts/q1/preprocess/segments/739630_0019.wav,आप आप क्या आप खाना वाना बना लेते हैं
739630,224142,hi,22,256.37,257.87,1.5,/kaggle/working/Hindi-ASR-Whisper-Pipeline/artifacts/q1/preprocess/segments/739630_0022.wav,जी
739630,224142,hi,23,260.15,263.99,3.84,/kaggle/working/Hindi-ASR-Whisper-Pipeline/artifacts/q1/preprocess/segments/739630_0023.wav,ह्म्म ह्म्म ह्म्म
739630,224142,hi,24,268.01,275.51,7.5,/kaggle/working/Hindi-ASR-Whisper-Pipeline/artifacts/q1/preprocess/segments/739630_0024.wav,हां टॉपिक पे हम लोग बात करते हैं थोड़ा सा जलने या ज़्यादा पक जाने वाले डिश पर हसी मजाक करना
739630,224142,hi,25,278.45,281.51,3.06,/kaggle/working/Hindi-ASR-Whisper-Pipeline/artifacts/q1/preprocess/segments/739630_0025.wav,ज्यादा जलने या पक जाने पे
739630,224142,hi,26,284.12,290.78,6.66,/kaggle/working/Hindi-ASR-Whisper-Pipeline/artifacts/q1/preprocess/segments/739630_0026.wav,ज्यादा पक जाने पर बीच में हंसी मजाक कभी किए है कभी आपका ज्यादा
739630,224142,hi,28,301.94,305.66,3.72,/kaggle/working/Hindi-ASR-Whisper-Pipeline/artifacts/q1/preprocess/segments/739630_0028.wav,जी जी हाँ
739630,224142,hi,30,319.55,323.6,4.05,/kaggle/working/Hindi-ASR-Whisper-Pipeline/artifacts/q1/preprocess/segments/739630_0030.wav,हूं
739630,224142,hi,31,325.7,326.93,1.23,/kaggle/working/Hindi-ASR-Whisper-Pipeline/artifacts/q1/preprocess/segments/739630_0031.wav,जी
739630,224142,hi,32,331.01,334.43,3.42,/kaggle/working/Hindi-ASR-Whisper-Pipeline/artifacts/q1/preprocess/segments/739630_0032.wav,जी जी
739630,224142,hi,33,336.95,351.26,14.31,/kaggle/working/Hindi-ASR-Whisper-Pipeline/artifacts/q1/preprocess/segments/739630_0033.wav,जी बिल्कुल हमारे साथ भी हुआ है बहुत बार ज़्यादा तर कुछ बार ऐसा हुआ है कि दूध आदमी रख दिया है और दूध ध्यान नहीं दिया सोचा है कि ज़्यादा ये होगा उबल जाएगा तब बुझा दूँगा तब तक
739630,224142,hi,34,351.35,353.75,2.4,/kaggle/working/Hindi-ASR-Whisper-Pipeline/artifacts/q1/preprocess/segments/739630_0034.wav,दूध गिर गया है ऐसे कुछ होते रहता है सब.
739630,224142,hi,35,357.32,369.35,12.03,/kaggle/working/Hindi-ASR-Whisper-Pipeline/artifacts/q1/preprocess/segments/739630_0035.wav,मेरे साथ भी मेरे साथ भी मेरे साथ भी खाना जला है लेकिन याद नहीं आ रहा है चावल चावल भी थोड़ा सा जला जला था एक बार हमें याद है तो मैं जी तो मुझे
739630,224142,hi,36,369.71,382.97,13.26,/kaggle/working/Hindi-ASR-Whisper-Pipeline/artifacts/q1/preprocess/segments/739630_0036.wav,वह थोड़ा सा ये हुआ था स्मेल आने लगा तो मुझे लगा कि ये जलने वाला है मेरे साथ कभी एक बार सबसे ज्यादा इंटरेस्टिंग मेरे लिए कब हुआ है एक बार हम लोग खाना बना रहे थे तो खाना बना रहे थे तो उसमें थोड़ा सा
739630,224142,hi,37,383.6,397.43,13.83,/kaggle/working/Hindi-ASR-Whisper-Pipeline/artifacts/q1/preprocess/segments/739630_0037.wav,जो बर्तन है बर्तन एक लिमिटेड होता है कि आप एक किलो आधा किलो या जो भी है हम्म साढ़े सात सौ उसमें चावल बना सके उससे ज्यादा नहीं बना सकते हैं तो मेरा जो पार्टनर था पार्टनर से क्या हुआ कि उसने
739630,224142,hi,38,397.49,409.1,11.61,/kaggle/working/Hindi-ASR-Whisper-Pipeline/artifacts/q1/preprocess/segments/739630_0038.wav,कुछ ज्यादा चावल डाल दिया जिससे क्या हुआ कि वो कितना भी पानी डालियेगा उसमें जब तक बर्तन बरा नहीं रहेगा तो उसमें पूरा चावल पक नहीं पाएगा तो उस समय क्या हुआ था कि चावल कच्चा लह गया था
739630,224142,hi,39,409.37,421.85,12.48,/kaggle/working/Hindi-ASR-Whisper-Pipeline/artifacts/q1/preprocess/segments/739630_0039.wav,तो ज्यादा चा चावल डालने से वो कच्चा रह गया था जिससे क्या हुआ था जिससे मतलब थोड़ा सा खाने में ऐसे डर दिमाग काम मुझे पता था कि हम थोड़ा सा चावल निकाल देते उसमें से तो हमारा और खाने लायक बढ़िया चावल बन जाता
739630,224142,hi,40,421.85,432.26,10.41,/kaggle/working/Hindi-ASR-Whisper-Pipeline/artifacts/q1/preprocess/segments/739630_0040.wav,लेकिन पता है क्या हुआ मेरा दिमाग जानते हुए मैंने वो हम उसका एक्शन नहीं ले पाए जिससे कि जिसके कारण जिसके कारण वो वो थोड़ा सा कच्चा हम लोगों को खाना पड़ा
739630,224142,hi,41,436.22,437.36,1.14,/kaggle/working/Hindi-ASR-Whisper-Pipeline/artifacts/q1/preprocess/segments/739630_0041.wav,जी बिल्कुल
739630,224142,hi,42,440.15,451.88,11.73,/kaggle/working/Hindi-ASR-Whisper-Pipeline/artifacts/q1/preprocess/segments/739630_0042.wav,ज्यादा तो नहीं पका है कहां चला गया ज्यादा ज्यादा भी आ क्या बहुत टाइम वो हुआ है जला खाना भी जल गया ऐसा बात नहीं खाना भी कभीकभी जल जाता है आदमी
739630,224142,hi,43,451.97,465.71,13.74,/kaggle/working/Hindi-ASR-Whisper-Pipeline/artifacts/q1/preprocess/segments/739630_0043.wav,व्यस्त रहता है एक साथ दो तीन काम को ध्यान रखता है तो उससे हो जाता है और प्रोपर जी प्रोपर टाइम लेकर आदमी कोई काम करता है तो उतना वह दिक्कत नहीं होता है नेक्स्ट टॉपिक पर बात कर रहा है जब अ
739630,224142,hi,44,466.52,469.7,3.18,/kaggle/working/Hindi-ASR-Whisper-Pipeline/artifacts/q1/preprocess/segments/739630_0044.wav,जरूरी चीजें भूल जाने जैसी घटनाओं पर चर्चा करना
739630,224142,hi,45,472.85,478.25,5.4,/kaggle/working/Hindi-ASR-Whisper-Pipeline/artifacts/q1/preprocess/segments/739630_0045.wav,इसका मतलब था सर हमे बताइएगा इसका मतलब ये के इसपे कैसे टॉपिक पे एक बात करना है
739630,224142,hi,46,482.36,483.44,1.08,/kaggle/working/Hindi-ASR-Whisper-Pipeline/artifacts/q1/preprocess/segments/739630_0046.wav,जी
739630,224142,hi,47,489.77,492.56,2.79,/kaggle/working/Hindi-ASR-Whisper-Pipeline/artifacts/q1/preprocess/segments/739630_0047.wav,जी
739630,224142,hi,48,499.07,506.96,7.89,/kaggle/working/Hindi-ASR-Whisper-Pipeline/artifacts/q1/preprocess/segments/739630_0048.wav,जी जी हूं जी जी
739630,224142,hi,50,515.6,521.33,5.73,/kaggle/working/Hindi-ASR-Whisper-Pipeline/artifacts/q1/preprocess/segments/739630_0050.wav,अम्म हम्ममम जी जी जी जी
739630,224142,hi,52,527.09,532.97,5.88,/kaggle/working/Hindi-ASR-Whisper-Pipeline/artifacts/q1/preprocess/segments/739630_0052.wav,हम्म हम्म हम्म जी
739630,224142,hi,54,541.58,556.37,14.79,/kaggle/working/Hindi-ASR-Whisper-Pipeline/artifacts/q1/preprocess/segments/739630_0054.wav,जी देखिए मान लेते है मान लेते हैं कि आदमी कोई काम करने का जिम्मेवारी लेता है और करता भी है तो थोड़ा सा जिम्मेदारी बढ़ जाता है कहने का मतलब है के आदमी को स्ट्रेस आता है दिमाग पे जोर आता है जोर आता है की उसका काम करना है
739630,224142,hi,55,556.49,565.97,9.48,/kaggle/working/Hindi-ASR-Whisper-Pipeline/artifacts/q1/preprocess/segments/739630_0055.wav,मैं ज्यादा जोर ले लेता हूँ जो कुछ लोग होते हैं टेंशन फ्री वाले लोग होते हैं कि काम उसका भूल जाएँगे या नहीं करेंगे तो उन लोगों को ज्यादा दिक्कत नहीं होती है
739630,224142,hi,56,569.81,575.63,5.82,/kaggle/working/Hindi-ASR-Whisper-Pipeline/artifacts/q1/preprocess/segments/739630_0056.wav,हम्म हम्म और जब टेंशन फ्री रहते है भूल गए तो भूल गए
739630,224142,hi,57,578.87,592.79,13.92,/kaggle/working/Hindi-ASR-Whisper-Pipeline/artifacts/q1/preprocess/segments/739630_0057.wav,जी जी नेक्स्ट टॉपिक हम लोग देखते हैं एक मिनट किसी गलती को तुरंत ठीक करने के तरीके सोचना
739630,224142,hi,58,594.71,596.51,1.8,/kaggle/working/Hindi-ASR-Whisper-Pipeline/artifacts/q1/preprocess/segments/739630_0058.wav,जी
739630,224142,hi,61,614.33,618.02,3.69,/kaggle/working/Hindi-ASR-Whisper-Pipeline/artifacts/q1/preprocess/segments/739630_0061.wav,जी
739630,224142,hi,62,620.27,621.56,1.29,/kaggle/working/Hindi-ASR-Whisper-Pipeline/artifacts/q1/preprocess/segments/739630_0062.wav,हां जी
739630,224142,hi,63,626.69,630.08,3.39,/kaggle/working/Hindi-ASR-Whisper-Pipeline/artifacts/q1/preprocess/segments/739630_0063.wav,जी
739630,224142,hi,64,632.54,636.29,3.75,/kaggle/working/Hindi-ASR-Whisper-Pipeline/artifacts/q1/preprocess/segments/739630_0064.wav,जी जैसे मैं जैसे मैं जैसे कुछ गलती बताइए
739630,224142,hi,70,667.73,670.76,3.03,/kaggle/working/Hindi-ASR-Whisper-Pipeline/artifacts/q1/preprocess/segments/739630_0070.wav,जी जी
739630,224142,hi,71,676.4,679.28,2.88,/kaggle/working/Hindi-ASR-Whisper-Pipeline/artifacts/q1/preprocess/segments/739630_0071.wav,बिल्कुल बिल्कुल ध्यान रखना जी
739630,224142,hi,72,681.41,683.09,1.68,/kaggle/working/Hindi-ASR-Whisper-Pipeline/artifacts/q1/preprocess/segments/739630_0072.wav,हु
739630,224142,hi,74,696.08,710.03,13.95,/kaggle/working/Hindi-ASR-Whisper-Pipeline/artifacts/q1/preprocess/segments/739630_0074.wav,एक्चुअली मैं आपको एक चीज मैं आपको में रोकना चाहूंगा जी हमारा टॉपिक है जैसे कि खाना बनाने में हुई गलतियां हमें इसी विषय पे बात करनी है कि खाना बनाने मैं हुई गलतियां यानी कि जो सब टोप
739630,224142,hi,75,710.24,724.97,14.73,/kaggle/working/Hindi-ASR-Whisper-Pipeline/artifacts/q1/preprocess/segments/739630_0075.wav,सब टॉपिक है जो उसके अंदर का टॉपिक है मैं बता रहा हूं मैं बता रहा हूं किसी गलती को ठीक करने की सोचना तो आपको इस बारे में बोलना है कि हम खाना बना रहे थे खाना में कौन सा खाना बना रह थे सब्जी रोटी क्या बना रहे थे या आटा गीला हो गया तो आप
739630,224142,hi,76,725.03,737.39,12.36,/kaggle/working/Hindi-ASR-Whisper-Pipeline/artifacts/q1/preprocess/segments/739630_0076.wav,उस गलती को मतलब गलती को सही करने के लिए तरीका ढूंढिए उसपे हमे डिस्कस करना चाहिए ठीक है ऐसे तो बहुत सारी गलती हो सकता है नहीं मैं आपको ऐसे बता रहा हूं जैसे जनरली बता रहा हूं
739630,224142,hi,77,737.51,749.0,11.49,/kaggle/working/Hindi-ASR-Whisper-Pipeline/artifacts/q1/preprocess/segments/739630_0077.wav,कि आपको मतलब आपको ज्ञा मतलब समझाने की कोशिश कर रहे हैं कि ऐसे बात कीजिएगा तो टॉपिक पे ज्यादा आपको कवर कर पाएगा नही तो ऐसी बहुत सारी गलतियां है जो की बाहरी गलतियां भी है इसीलिए ट जी
739630,224142,hi,78,751.16,764.42,13.26,/kaggle/working/Hindi-ASR-Whisper-Pipeline/artifacts/q1/preprocess/segments/739630_0078.wav,जी बिल्कुल कोई दिक्कत नही फर्स्ट कॉल है जी जी जी जी तो आपको मेन टॉपिक के रखते हुए सारा चीज़ इस पर कबर करना है गलती हुए तो गलती कही और और पर डिसकस नही करना है आपको इस पर डिसकस करना है कि
739630,224142,hi,79,764.66,779.63,14.97,/kaggle/working/Hindi-ASR-Whisper-Pipeline/artifacts/q1/preprocess/segments/739630_0079.wav,अग अगर आपका आटा गिला हो गया तो आप कैसे उसको ठीक किये है क्या किये है तो ये सब करना ये सब्जी में जैसे कोई हो गया तो कैसे ठीक किया इस इस पे फोकस करना है
739630,224142,hi,81,782.48,790.55,8.07,/kaggle/working/Hindi-ASR-Whisper-Pipeline/artifacts/q1/preprocess/segments/739630_0081.wav,हू जी जी
739630,224142,hi,82,793.97,798.26,4.29,/kaggle/working/Hindi-ASR-Whisper-Pipeline/artifacts/q1/preprocess/segments/739630_0082.wav,जी जी
739630,224142,hi,83,802.28,804.29,2.01,/kaggle/working/Hindi-ASR-Whisper-Pipeline/artifacts/q1/preprocess/segments/739630_0083.wav,जी हम्म
739630,224142,hi,85,812.81,816.23,3.42,/kaggle/working/Hindi-ASR-Whisper-Pipeline/artifacts/q1/preprocess/segments/739630_0085.wav,जी जी
739630,224142,hi,86,818.51,824.63,6.12,/kaggle/working/Hindi-ASR-Whisper-Pipeline/artifacts/q1/preprocess/segments/739630_0086.wav,हां जी बिल्कुल मैं बोलने वाला था कि जैसे नमक ज्यादा हो जाता है तो लोग कहते हैं निम्बु थोड़ा डाल देने से ओ
739630,224142,hi,87,826.97,830.99,4.02,/kaggle/working/Hindi-ASR-Whisper-Pipeline/artifacts/q1/preprocess/segments/739630_0087.wav,जी
739630,224142,hi,88,838.37,850.52,12.15,/kaggle/working/Hindi-ASR-Whisper-Pipeline/artifacts/q1/preprocess/segments/739630_0088.wav,जी हमें नेक्स्ट टॉपिक पे हमें बात करना चाहिए ठीक है सर नेक्स्ट टॉपिक हम में मैं बोला रहा हूँ एक मिनट सर
739630,224142,hi,89,855.8,859.58,3.78,/kaggle/working/Hindi-ASR-Whisper-Pipeline/artifacts/q1/preprocess/segments/739630_0089.wav,जी एक मिनट एक मिनट असफल कोशिशें
739630,224142,hi,90,861.74,866.78,5.04,/kaggle/working/Hindi-ASR-Whisper-Pipeline/artifacts/q1/preprocess/segments/739630_0090.wav,असफल कोशिश है जो सीखे जो सीखा वो शेयर कीजिए
739630,224142,hi,91,868.88,881.51,12.63,/kaggle/working/Hindi-ASR-Whisper-Pipeline/artifacts/q1/preprocess/segments/739630_0091.wav,जी जो ऐसा ऐसा ऐसा आपको करने मे सफलता नहीं हुए अनुभव बताए जिसे कि आपको आपको वो करने में सफल नहीं हुए उस अनुभव को आप साझा कीजिये जैसे आपने वो जैसे कोई गलती हो गया
739630,224142,hi,92,881.69,893.69,12.0,/kaggle/working/Hindi-ASR-Whisper-Pipeline/artifacts/q1/preprocess/segments/739630_0092.wav,तो आप उसको रिकवर करने के लिए सही करने की कोशिश किये लेकिन वो ठीक नहीं है जी जी बिल्कुल जी
739630,224142,hi,93,897.32,899.06,1.74,/kaggle/working/Hindi-ASR-Whisper-Pipeline/artifacts/q1/preprocess/segments/739630_0093.wav,जी
739630,224142,hi,94,904.64,907.19,2.55,/kaggle/working/Hindi-ASR-Whisper-Pipeline/artifacts/q1/preprocess/segments/739630_0094.wav,जी जी
739630,224142,hi,95,910.85,924.35,13.5,/kaggle/working/Hindi-ASR-Whisper-Pipeline/artifacts/q1/preprocess/segments/739630_0095.wav,जी मै आपको मै आपको सलाह देना चाहूंगा जैसे जो आटा होता है तो आटा को ज्यादा टाइम मतलब जीतना आप गूंथते है उसको डेढ़ गुना दो गुना टाइम दीजिए गूंथिए हल्का हल्का पानी देके तो उससे मुलायम हो जाता है कुछ देर छोड़ दीजिए
739630,224142,hi,96,924.38,939.38,15.0,/kaggle/working/Hindi-ASR-Whisper-Pipeline/artifacts/q1/preprocess/segments/739630_0096.wav,तो मुलायम होगा आटा तो उससे जो रोटी बनेगा अच्छा बनेगा ठीक है जी मेरे साथ भी बहुत गलतियां हुआ है बहुत गलतियां हुआ है कहने का मतलब है
739630,224142,hi,97,939.38,947.81,8.43,/kaggle/working/Hindi-ASR-Whisper-Pipeline/artifacts/q1/preprocess/segments/739630_0097.wav,गलतियाँ होते रहती है बहुत ऐसा गलती है जिसे कि हम सुधार नहीं कर पाते हैं लेकिन उससे सीख मिल जाता है कि हमें कैसे करना चाहिए
739630,224142,hi,98,950.18,962.87,12.69,/kaggle/working/Hindi-ASR-Whisper-Pipeline/artifacts/q1/preprocess/segments/739630_0098.wav,जनरली मैं बताना चाहूंगा कि जैसे आपको खाना बनाते है चावल बनाते है तो आपको किच किसी बर्तन से नाप के यूज़ कीजिए जैसे मान लेते हैं कि आपको रोटी पकाना है तो आपको कुछ जो
739630,224142,hi,99,962.99,970.25,7.26,/kaggle/working/Hindi-ASR-Whisper-Pipeline/artifacts/q1/preprocess/segments/739630_0099.wav,कटोरा टाइप का हो गया उससे नापकर लीजिए पानी भी उससे नाप के डालिए जिससे क्या होगा कि कभी गलती होने की संभावना नहीं होगी
739630,224142,hi,100,972.32,978.11,5.79,/kaggle/working/Hindi-ASR-Whisper-Pipeline/artifacts/q1/preprocess/segments/739630_0100.wav,जी तो ये हमें सिख मिलता है कि नाप के काने के बाद ज्यादा अच्छा अनुभव मिलता है
739630,224142,hi,102,987.08,999.71,12.63,/kaggle/working/Hindi-ASR-Whisper-Pipeline/artifacts/q1/preprocess/segments/739630_0102.wav,सफल असफल अनुभव अनुभव की तुलना करना सफल आ असफल अनुभव की तुलना करना देखिए सफल तो देखिए सफलता कब मिलती है असफल होने के बाद ही सफलता मिलती है कोई काम करता है
739630,224142,hi,103,999.92,1012.7,12.78,/kaggle/working/Hindi-ASR-Whisper-Pipeline/artifacts/q1/preprocess/segments/739630_0103.wav,आदमी ज़्यादातर आदमी को क्या होता है पहले असफलता मिलता है फिर उसके बाद धीरे धीरे आदमी सीखता है सुधार करता है तब जाके सफल मिलता है दोनों में देखिए जमीन आसमान का फर्क है और दोनों में टाइम लगता है
739630,224142,hi,104,1013.06,1026.2,13.14,/kaggle/working/Hindi-ASR-Whisper-Pipeline/artifacts/q1/preprocess/segments/739630_0104.wav,जैसे सेकेंड वाले में तो टाइम सफल में सफलता में तो टाइम लगता है तो इसमें तो जमीन असमान का फर्क है जी तो पहले हमें असफलता से होकर गुजरना पड़ता है जी
739630,224142,hi,107,1047.8,1053.17,5.37,/kaggle/working/Hindi-ASR-Whisper-Pipeline/artifacts/q1/preprocess/segments/739630_0107.wav,जी
739630,224142,hi,109,1077.35,1090.82,13.47,/kaggle/working/Hindi-ASR-Whisper-Pipeline/artifacts/q1/preprocess/segments/739630_0109.wav,हां जी नेक्स्ट टॉपिक मैं बताना चाहूंगा उस चीज को फिर से एक साथ उस चीज को फिर से एक साथ बनाने की योजना बनाना जो कोई डिश है आपसे गलती हों गया है तो फिर आप दुबारा उसको बनाने की कोशिश किए हैं
739630,224142,hi,111,1105.61,1112.27,6.66,/kaggle/working/Hindi-ASR-Whisper-Pipeline/artifacts/q1/preprocess/segments/739630_0111.wav,जी ठीक है आपसे बात कर के अच्छा लगा टाइम का अभाव है ठीक है सर उन्नीस पास कर गया ठीक है धन्यवाद
753435,278010,hi,0,0.39,15.0,14.61,/kaggle/working/Hindi-ASR-Whisper-Pipeline/artifacts/q1/preprocess/segments/753435_0000.wav,काम किस प्रकार का है उसके बारे में बिल्कुल डिटेल्स में बात करते हैं जब हमें पुराना दोस्त मिलता है उससे हमारे सुख दुख की बात सारी बातें शेयर करते हैं हमारे परिवारजन कैसे है उनके परिवारजन कैसे उसके बारे में भी
753435,278010,hi,1,15.0,27.57,12.57,/kaggle/working/Hindi-ASR-Whisper-Pipeline/artifacts/q1/preprocess/segments/753435_0001.wav,चलिए डिटेल में बात किया जाता है जैसे जैसे लाइफ कैसे चल रही है जीवन कैसे चल रहा है काम के प्रति काम करते हो हां काम करके कितनी डिफिकल्टी आ रही है कितनी मुश्किल है आ रही है
753435,278010,hi,2,27.75,30.63,2.88,/kaggle/working/Hindi-ASR-Whisper-Pipeline/artifacts/q1/preprocess/segments/753435_0002.wav,ये सारी चीजे हम जब पुराना दोस्त मिलता है तो डिस्कस करते हैं
753435,278010,hi,3,33.48,36.63,3.15,/kaggle/working/Hindi-ASR-Whisper-Pipeline/artifacts/q1/preprocess/segments/753435_0003.wav,आप इससे सहमत हो
753435,278010,hi,4,38.91,51.72,12.81,/kaggle/working/Hindi-ASR-Whisper-Pipeline/artifacts/q1/preprocess/segments/753435_0004.wav,ह्म्म और दूसरा पॉइंट है स्कूल या कॉलेज के दिनों की यादें ताजा करना बट ऑफीशियली जब पूराना दोस्त मिलता है काफी समय के बाद स्कूल कॉलेज का और जो कि कि अब आजकल एक बार जॉब खतम आफ और
753435,278010,hi,5,51.84,66.57,14.73,/kaggle/working/Hindi-ASR-Whisper-Pipeline/artifacts/q1/preprocess/segments/753435_0005.wav,कॉलेज खत्म होने के बाद सभी अपने रस्ते में जॉब वाब में लग जाते हैं परिवार में लग जाते हैं तो पूरा पुराने दोस्तों को टाइम ही नहीं मिल पता लेकिन जब पुराने दोस्त मिलते हैं पुराने दोस्त मिलते हैं तो स्कूल और कॉलेज की दिनों में जोजो मजामस्ती किये हुए हैं उसकी.
753435,278010,hi,6,66.6,76.92,10.32,/kaggle/working/Hindi-ASR-Whisper-Pipeline/artifacts/q1/preprocess/segments/753435_0006.wav,सारी सारी सारी यादे ताजा की जाती है क्या कितनी मस्ती की है कितनी खाये पिए कहां घूमने के आपको आवाज आ रही है ना मेरी
753435,278010,hi,7,78.93,91.2,12.27,/kaggle/working/Hindi-ASR-Whisper-Pipeline/artifacts/q1/preprocess/segments/753435_0007.wav,हां हां हां खूब मस्ती जो किए हैं यहां वहां घूमे है कैसे एंजॉय किया है किधर किधर घूमेंगे तो सारी सारी पुरानी बातें पुरानी यादें ताजा हो जाती है ओ
753435,278010,hi,8,91.23,103.17,11.94,/kaggle/working/Hindi-ASR-Whisper-Pipeline/artifacts/q1/preprocess/segments/753435_0008.wav,और एक अलग से अलग से फूर्तिला बन आता है वो यह बाते और उस बातों को याद करके हमको हसी भी आ जाती है हमने क्या क्या किया था हमारे कॉलेज दिनों में हमारे स्कूल के दिनों में हमने कितनी मस्तिया की थी
753435,278010,hi,9,103.29,115.62,12.33,/kaggle/working/Hindi-ASR-Whisper-Pipeline/artifacts/q1/preprocess/segments/753435_0009.wav,हमने पढ़ाई कैसे की थी हमने खेले कैसे थे हम कूदे कैसे थे हमने किसी की छेड़ कैसे निकाली थी किसी से मस्ती कैसे की थी ये सारे सब कुछ याद आ जाते है हमको आपका ऐसा कुछ अनुभव है
753435,278010,hi,10,118.23,131.07,12.84,/kaggle/working/Hindi-ASR-Whisper-Pipeline/artifacts/q1/preprocess/segments/753435_0010.wav,हम्म
753435,278010,hi,12,144.48,148.17,3.69,/kaggle/working/Hindi-ASR-Whisper-Pipeline/artifacts/q1/preprocess/segments/753435_0012.wav,बरोबर बरोबर
753435,278010,hi,13,150.87,154.56,3.69,/kaggle/working/Hindi-ASR-Whisper-Pipeline/artifacts/q1/preprocess/segments/753435_0013.wav,ब्लैंक
753435,278010,hi,14,158.64,164.79,6.15,/kaggle/working/Hindi-ASR-Whisper-Pipeline/artifacts/q1/preprocess/segments/753435_0014.wav,हूं
753435,278010,hi,15,168.9,176.28,7.38,/kaggle/working/Hindi-ASR-Whisper-Pipeline/artifacts/q1/preprocess/segments/753435_0015.wav,बिल्कुल.
753435,278010,hi,16,179.73,187.05,7.32,/kaggle/working/Hindi-ASR-Whisper-Pipeline/artifacts/q1/preprocess/segments/753435_0016.wav,हां.
753435,278010,hi,17,190.98,205.74,14.76,/kaggle/working/Hindi-ASR-Whisper-Pipeline/artifacts/q1/preprocess/segments/753435_0017.wav,कर दे बहल जाता है बहल जाता बहल जाता है हु
753435,278010,hi,18,205.89,219.42,13.53,/kaggle/working/Hindi-ASR-Whisper-Pipeline/artifacts/q1/preprocess/segments/753435_0018.wav,अभी अगला हां बिल्कुल अगला टॉपिक है अगला पॉइंट पिछले मिलने के बाद पिछले मिलने के बाद हुए बदलाव की तुलना कराओ बट ओबीयसली पे जब दोस्त मिलता है अपनी पुरानी यादें शेयर करते हैं
753435,278010,hi,19,219.72,232.29,12.57,/kaggle/working/Hindi-ASR-Whisper-Pipeline/artifacts/q1/preprocess/segments/753435_0019.wav,फिर उसके जीवन में क्या चल रहा है हवा में चीजें चल रहा है क्या चल रहा है तो उसमें क्या चेंजेज़ लाना चाहिए ये सब बदलाव की हम बात तो करते हैं और उस बदलाव की तुलना भी करते हैं कि मैं पहले कैसा था आप पहले कैसे थे अभी तुम्हारे में चेंज ये बातचीत से
753435,278010,hi,20,232.29,246.15,13.86,/kaggle/working/Hindi-ASR-Whisper-Pipeline/artifacts/q1/preprocess/segments/753435_0020.wav,इंसान के बातचीत से पता चलता है कि उसमें क्या स्वभाव में चेंज आई है देखिए जैसे जैसे हम बड़े होते जाते है वैसे वैसे हम काम पे लगते है परिवार वाले बनते है हमारे बदलाव में वो बात और बात करने के इस में भी हमारी काफी चेंजेज आते
753435,278010,hi,21,247.2,259.29,12.09,/kaggle/working/Hindi-ASR-Whisper-Pipeline/artifacts/q1/preprocess/segments/753435_0021.wav,तो वो वो वो उस उस चीजों को ये करके बदलाव की हम लोग तुलना करना चालू कर देते है तो तू पहले ऐसा नहीं था तू अभी ऐसा हो गया है या मै पहले ऐसा नहीं था मै पहले ऐसा हो तो ये ये सब चीजे है जो हमलोग बदलाव की तुलना करते है
753435,278010,hi,22,260.61,274.77,14.16,/kaggle/working/Hindi-ASR-Whisper-Pipeline/artifacts/q1/preprocess/segments/753435_0022.wav,अगला पॉइंट है भविष्य के लक्ष्य और सपनों पर बात करने ओबियसली जब पुराने दोस्तों को मिलते हैं तो हम लोग सीधा डायरेक्टली पूछी लेते हैं लाइफ में आगे क्या करने का इरादा है बराबर और क्या तेरा ड्रीम है ये चीजें तो बातें करती है
753435,278010,hi,23,275.07,289.26,14.19,/kaggle/working/Hindi-ASR-Whisper-Pipeline/artifacts/q1/preprocess/segments/753435_0023.wav,फिर उसमें जो जो फील्ड मे हम काम कर रहे हैं उसमें क्या लक्ष्य सादा है और किया करना है उसके ऊपर बोलते है फिर अपना दोस्त पुराना दोस्त उसके ऊपर इनपुट देता है अरे नहीं तू अगर ये फील्ड मे है तो तू ऐसा कर सकता है
753435,278010,hi,24,289.62,304.38,14.76,/kaggle/working/Hindi-ASR-Whisper-Pipeline/artifacts/q1/preprocess/segments/753435_0024.wav,तो ऐसा कर सकते है तो ऐसा डायरेक्शन से बाहर जा सकते है ऐसे डायरेक्शन में लेके ये चीजें कर सकता हैं तो एक तरह से एक तरह से हमको उस तरह का वो मार्गदर्शन ही मिलता है कोई चीजें मैं इंप्रूवमेंट लाने का अगर मान लो हम लोगों को कोई चीज कर रहे हैं और उसमें
753435,278010,hi,25,304.41,318.33,13.92,/kaggle/working/Hindi-ASR-Whisper-Pipeline/artifacts/q1/preprocess/segments/753435_0025.wav,मान लो थोड़ा गलत जा रहे है तो एक मित्र मिलता है पुराने टाइम का वो सीधा बताता है तू ऐसे मत कर तू ऐसे कर क्योंकि मैंने ये चीज की हुई है तो ये ये चीजों का हमें काफीकाफी काफी फायदा मिलता है जो भविष्य के हैलो
753435,278010,hi,26,318.72,327.57,8.85,/kaggle/working/Hindi-ASR-Whisper-Pipeline/artifacts/q1/preprocess/segments/753435_0026.wav,भविष्य को लक्ष्य और जो सपना देखना लक्ष्य और सपना देखा है उसमें उसमें उसको पूरा करने में
753435,278010,hi,27,330.78,333.06,2.28,/kaggle/working/Hindi-ASR-Whisper-Pipeline/artifacts/q1/preprocess/segments/753435_0027.wav,हाँ
753435,278010,hi,28,336.33,351.24,14.91,/kaggle/working/Hindi-ASR-Whisper-Pipeline/artifacts/q1/preprocess/segments/753435_0028.wav,हां रोक देता है हां अरे तू ये गलत जा रहा है हम्म हा
753435,278010,hi,29,351.36,357.18,5.82,/kaggle/working/Hindi-ASR-Whisper-Pipeline/artifacts/q1/preprocess/segments/753435_0029.wav,भटक चुका हूँ बिल्कुल हम्म हम्म
753435,278010,hi,30,359.34,362.49,3.15,/kaggle/working/Hindi-ASR-Whisper-Pipeline/artifacts/q1/preprocess/segments/753435_0030.wav,REDACTED
753435,278010,hi,31,366.57,369.27,2.7,/kaggle/working/Hindi-ASR-Whisper-Pipeline/artifacts/q1/preprocess/segments/753435_0031.wav,हुं हुं
753435,278010,hi,32,371.37,373.95,2.58,/kaggle/working/Hindi-ASR-Whisper-Pipeline/artifacts/q1/preprocess/segments/753435_0032.wav,काम रहता है बलोबर बरोबर
753435,278010,hi,33,377.91,386.49,8.58,/kaggle/working/Hindi-ASR-Whisper-Pipeline/artifacts/q1/preprocess/segments/753435_0033.wav,बिल्कुल बिल्कुल
753435,278010,hi,34,391.47,405.24,13.77,/kaggle/working/Hindi-ASR-Whisper-Pipeline/artifacts/q1/preprocess/segments/753435_0034.wav,हाँ मैं तो कवर कर लिया था अभी अगला पॉइंट है साजा यादों पर हसना बिल्कुल जब मिलते हैं तो पुरानी बातें यादें तो कुछ मज़ेदार बातें करते हैं तो उसके ऊपर हसी तो आना ही आना है क्योंकि हमने वो हरकते वैसी
753435,278010,hi,35,405.36,419.37,14.01,/kaggle/working/Hindi-ASR-Whisper-Pipeline/artifacts/q1/preprocess/segments/753435_0035.wav,हरकतें वैसे की होती हैं एक दुसरे के साथ मस्ती मजाक किये होते हैं तो ऑटोमेटिकली उस यादों को हम लोग हंसते और काफी देर तक बात करते रहते है वोही चीजों पर अरे हम ऐसा करते थे हम वैसा करते थे तो वो वो वो काफी कंजन
753435,278010,hi,36,419.52,422.46,2.94,/kaggle/working/Hindi-ASR-Whisper-Pipeline/artifacts/q1/preprocess/segments/753435_0036.wav,हाँ बोलो बोलो बोलो
753435,278010,hi,37,425.55,429.57,4.02,/kaggle/working/Hindi-ASR-Whisper-Pipeline/artifacts/q1/preprocess/segments/753435_0037.wav,हं
753435,278010,hi,39,438.3,439.89,1.59,/kaggle/working/Hindi-ASR-Whisper-Pipeline/artifacts/q1/preprocess/segments/753435_0039.wav,हु
753435,278010,hi,40,443.58,451.92,8.34,/kaggle/working/Hindi-ASR-Whisper-Pipeline/artifacts/q1/preprocess/segments/753435_0040.wav,हु हु हु हु
753435,278010,hi,41,455.97,459.99,4.02,/kaggle/working/Hindi-ASR-Whisper-Pipeline/artifacts/q1/preprocess/segments/753435_0041.wav,हूं बिल्कुल बिल्कुल बिल्कुल
753435,278010,hi,42,470.49,481.41,10.92,/kaggle/working/Hindi-ASR-Whisper-Pipeline/artifacts/q1/preprocess/segments/753435_0042.wav,हु हु हां बिल्कुल बिल्कुल सही बात बोला आपने
753435,278010,hi,43,481.53,495.81,14.28,/kaggle/working/Hindi-ASR-Whisper-Pipeline/artifacts/q1/preprocess/segments/753435_0043.wav,REDACTED
753435,278010,hi,45,500.61,515.01,14.4,/kaggle/working/Hindi-ASR-Whisper-Pipeline/artifacts/q1/preprocess/segments/753435_0045.wav,नही मैं बोल रहा अभी दो पॉइंट बाकी है अगली मुलाकत की योजना यह तो बाकाइद हम जाते हैं जब मिलते हैं दोस्ते पुरा तो डिसाइड करते न पूरा बात चित करने के बाद अगली बार कहां मिला जाए कैसे मिला जाए क्योंकि ओ दोस्त
753435,278010,hi,46,515.13,528.21,13.08,/kaggle/working/Hindi-ASR-Whisper-Pipeline/artifacts/q1/preprocess/segments/753435_0046.wav,इसके साथ मिलके पुरानी यादें साझे उत्कल हो हेलो हेलो हेलो
753435,278010,hi,47,528.27,534.93,6.66,/kaggle/working/Hindi-ASR-Whisper-Pipeline/artifacts/q1/preprocess/segments/753435_0047.wav,हैलो
753435,278010,hi,48,537.51,540.15,2.64,/kaggle/working/Hindi-ASR-Whisper-Pipeline/artifacts/q1/preprocess/segments/753435_0048.wav,हलो
767685,217689,hi,1,6.15,12.9,6.75,/kaggle/working/Hindi-ASR-Whisper-Pipeline/artifacts/q1/preprocess/segments/767685_0001.wav,अब आ रही है सर फ़िर बोलिए तो नमस्ता सर कैसे हैं आप
767685,217689,hi,2,18.21,20.43,2.22,/kaggle/working/Hindi-ASR-Whisper-Pipeline/artifacts/q1/preprocess/segments/767685_0002.wav,बस सर कोल आ गया था एक यस सर बोलिए .
767685,217689,hi,3,23.55,30.45,6.9,/kaggle/working/Hindi-ASR-Whisper-Pipeline/artifacts/q1/preprocess/segments/767685_0003.wav,हेलो सर हेलो मैं कहता कि आप अपना जारी रखिए आवाज कट रही हैं कभी कभी
767685,217689,hi,4,33.75,40.23,6.48,/kaggle/working/Hindi-ASR-Whisper-Pipeline/artifacts/q1/preprocess/segments/767685_0004.wav,जी सर मै ये कह रहा था कि आप अपना टॉपिक जारी रखें जिससे हमारे कॉल थोड़ा व्यर्थ न जाए आबाज थोड़ा मेरी तरफ से नेटवर्क गड़बड़ हो रहा है सर
767685,217689,hi,5,43.74,57.45,13.71,/kaggle/working/Hindi-ASR-Whisper-Pipeline/artifacts/q1/preprocess/segments/767685_0005.wav,बिलकुल सई सर आप अपना थोड़ा सा इस टॉपिक पे बोल दीजिए ताकि हमारे कोई काम आ जाए सर नेटवर्क इतना हि आ रहा है इस तम्मे कृपया आप थोड़ा सा ऐसा करिए आप इस टॉपिक मैं थोड़ा अपनी बात बता दीजिए ताकि हमारे सात मिनट तक तो चल जा
767685,217689,hi,7,66.84,76.02,9.18,/kaggle/working/Hindi-ASR-Whisper-Pipeline/artifacts/q1/preprocess/segments/767685_0007.wav,REDACTED
767685,217689,hi,9,89.13,98.19,9.06,/kaggle/working/Hindi-ASR-Whisper-Pipeline/artifacts/q1/preprocess/segments/767685_0009.wav,सर मैं कह रहा था कि इस कॉल को सात मिनट तक कनेक्ट करके रखिएगा नेटवर्क थोड़ा सा गड़बड़ कर रहा है क्योंकि मौसम खराब है इस समय हैलो सर
767685,217689,hi,10,103.38,105.75,2.37,/kaggle/working/Hindi-ASR-Whisper-Pipeline/artifacts/q1/preprocess/segments/767685_0010.wav,हम बात करते है अपने दैनिक दिन चरिया पे
767685,217689,hi,11,111.21,118.56,7.35,/kaggle/working/Hindi-ASR-Whisper-Pipeline/artifacts/q1/preprocess/segments/767685_0011.wav,बिल्कुल सर इस कॉल को सात मिनट तक कनेक्ट करके रखियेगा सर हो सकता है नेटवर्क इरर हो जाए लेकिन आप सात में तक करिये ताकि
767685,217689,hi,13,146.1,147.63,1.53,/kaggle/working/Hindi-ASR-Whisper-Pipeline/artifacts/q1/preprocess/segments/767685_0013.wav,जी सर
767685,217689,hi,16,220.77,235.5,14.73,/kaggle/working/Hindi-ASR-Whisper-Pipeline/artifacts/q1/preprocess/segments/767685_0016.wav,जी सर अगर मैं अपनी दिनचर्या की बात करु तो मैं कॉम्पिटिव एग्जाम की तैयारी कर रहा हूं तो सर मैं छह साढ़े छह बजे उठ जाता हूं थोड़ा सा योग योगा करता हूं आधा घंटे का जिससे थोड़ा सा मेरा माइंड स्वास्थ सही रहता हैं और तनाव जो है
767685,217689,hi,17,235.5,248.22,12.72,/kaggle/working/Hindi-ASR-Whisper-Pipeline/artifacts/q1/preprocess/segments/767685_0017.wav,दूर हो जाता उसके बाद थोड़ी सी जो याद करने की चीजें होती हैं यह कुछ ऐसा टॉपिक होता जो मुझे याद करना है तो वह थोड़ा आधा एक घंटा तो मैं याद करता हूं क्योंकि हमारा मस्तीक़ क्या होता है पूर्ण रूप से खुला हुआ होता है तो इसको
767685,217689,hi,18,248.22,261.12,12.9,/kaggle/working/Hindi-ASR-Whisper-Pipeline/artifacts/q1/preprocess/segments/767685_0018.wav,लाइफ में पैसे ही जो चीजें जो याद करनी को तो वो उस समय करता हूं उसके बाद अपने जो देनिक दिनचर्या होते हैं नहाना धोना अपना बात वगैरह का जो कार्य होता है वो करके मैं नाश्ता लेता हूं और फिर
767685,217689,hi,19,261.78,276.63,14.85,/kaggle/working/Hindi-ASR-Whisper-Pipeline/artifacts/q1/preprocess/segments/767685_0019.wav,नाश्ता करने के बाद थोड़ा सा थोड़ी देर क्या है आधा एक घंटा अपने मन को बहलाने के लिए मोबाइल फोन का उपयोग करता हूँ फिर मैं दो घंटे के लिए एक टाइम सेट करके अपना पढ़ाई करने बैठ जाता हूँ उसके बाद थोड़ा सा मैं बाहर घूमने चला जाता हुं
767685,217689,hi,20,277.08,290.52,13.44,/kaggle/working/Hindi-ASR-Whisper-Pipeline/artifacts/q1/preprocess/segments/767685_0020.wav,इसे थोड़ा सा दिमाग क्या है कि वो अपने फुर्सत में मतलब दिमाग थोड़ा शांत रहे और थोड़ा सा म मन बहल जाए उसके आ मतलब घुम के आने के बाद मैं खाना खाता हूं खाना खाने को एक घंटी की थोड़ी सी नींद लेता हूं
767685,217689,hi,21,291.12,305.55,14.43,/kaggle/working/Hindi-ASR-Whisper-Pipeline/artifacts/q1/preprocess/segments/767685_0021.wav,सर उसके बाद मैं यह अपना पढ़ पढ़ने फिर से बैठ जाता हूं सर सिर्फ दो घंटे दो या ढाई घंटे में थोड़ा सा अपनी पढ़ाई करता हूं उसके बाद मोबाइल मोबाइल का उपयोग करता हूं एक दो डेढ़ घंटे के लिए उसके बाद फिर मैं
767685,217689,hi,22,305.85,319.68,13.83,/kaggle/working/Hindi-ASR-Whisper-Pipeline/artifacts/q1/preprocess/segments/767685_0022.wav,एक घंटे थोड़ा और पड़ता हूं फिर एक घंटे बाद में अपने बाहर चला जाता हूं दोस्तों से खेलने के लिए पार्क वह गलता है घूमने के लिए प्रेसिडेट खुली हवा में खुदी वाल लेने के लिए बिल्कुल उसके बाद दर्म है
767685,217689,hi,23,319.95,333.27,13.32,/kaggle/working/Hindi-ASR-Whisper-Pipeline/artifacts/q1/preprocess/segments/767685_0023.wav,घूमते हम दोस्तों के साथ बात चीज करते हैं और फिर शाम को मैं अपने घर आता हूं फिर थोडा नाश्ता करता हूं मतलब जो शाम का नाश्ता बनताहै फिर यह उसके बाद या तो कोई मूवी मूवी शो देख लेते है अपना
767685,217689,hi,24,333.33,348.15,14.82,/kaggle/working/Hindi-ASR-Whisper-Pipeline/artifacts/q1/preprocess/segments/767685_0024.wav,मोबाइल चला लेता हूं और फिर अपना रात के खाने का समय हो जाता है तो खाना खा के थोड़ा एक या डेढ़ घंटे जो कोईकोई मेथ का सवाल हो या कोई भी सब्जेक्ट अपना सवाल उसे हल करने हल कर का लेता हूं या फिर क्लास नहीं हो तो वो लेता हूं फिर मैं सो जाता हूं सर
767685,217689,hi,25,348.84,351.51,2.67,/kaggle/working/Hindi-ASR-Whisper-Pipeline/artifacts/q1/preprocess/segments/767685_0025.wav,REDACTED
767685,217689,hi,26,384.78,399.09,14.31,/kaggle/working/Hindi-ASR-Whisper-Pipeline/artifacts/q1/preprocess/segments/767685_0026.wav,जी बिल्कुल सर ऐसा मैंने अनुभव किया है देर रात तक अगर जैसे मैं हॉस्टल के समय कॉलेज में रहा करता था तो देर रात तक जागता था मूवीस वेब सीरीज देखता था और सुबह उठता था तो थोड़ा सा सर में दर्द रहता था थोड़ा
767685,217689,hi,27,399.12,410.52,11.4,/kaggle/working/Hindi-ASR-Whisper-Pipeline/artifacts/q1/preprocess/segments/767685_0027.wav,तनाव रहता था और इतनी फुर्सत फुर्ती नहीं रहती थी शरीर में लेकिन जब मैं जल्दी उठता हूं तो थोड़ा शरीर में फुर्ती रहती है लचीला पन सा वो रहता है प्लस शरीर क्या है कोई भी कार्य करने के लिए तैयार रहता है
767685,217689,hi,29,440.91,445.5,4.59,/kaggle/working/Hindi-ASR-Whisper-Pipeline/artifacts/q1/preprocess/segments/767685_0029.wav,जी सर सर हमारा अगला पॉइंट हैं
767685,217689,hi,30,455.43,470.16,14.73,/kaggle/working/Hindi-ASR-Whisper-Pipeline/artifacts/q1/preprocess/segments/767685_0030.wav,जी सर ऐसे बात करें तो थोड़ा सा अगर जैसे कभी कभी दिमाग थोड़ा ज्यादा टेंशन में चला जाता है तो मैं थोड़ी देर दस पंद्रह मिनट का ध्यान कर लेता हू जिससे मेरा मन शांत हो जाता है और ये कह सकते हैं मेरे जो दैनिक दिनचर्या है जो कभी कभी अस्त व्यस्त हो जाती है उस
767685,217689,hi,31,470.16,471.87,1.71,/kaggle/working/Hindi-ASR-Whisper-Pipeline/artifacts/q1/preprocess/segments/767685_0031.wav,को संतुलित करने में मदद करता है
767685,217689,hi,32,495.0,496.08,1.08,/kaggle/working/Hindi-ASR-Whisper-Pipeline/artifacts/q1/preprocess/segments/767685_0032.wav,जी बिल्कुल सर
767685,217689,hi,33,500.79,509.85,9.06,/kaggle/working/Hindi-ASR-Whisper-Pipeline/artifacts/q1/preprocess/segments/767685_0033.wav,जी सर अपना अगला प्वाइंट है सर आपने अपनी भलाई के लिए कौन सी आदत हाल ही में अपनाई है जिसने सकारात्मक प्रभाव डाला
767685,217689,hi,35,538.32,551.52,13.2,/kaggle/working/Hindi-ASR-Whisper-Pipeline/artifacts/q1/preprocess/segments/767685_0035.wav,जी सर अगर आप मेरी बात करें तो सर मैं जो मेरी दिनचर्या थी क्या भी कोई क्या मैं अब तो मतलब फिक्स दो टाइम या तीन घंटा इतना पढ़ना लेकिन पहले क्या कोई समय नहीं ता कभी हो सकता था
767685,217689,hi,36,551.52,565.05,13.53,/kaggle/working/Hindi-ASR-Whisper-Pipeline/artifacts/q1/preprocess/segments/767685_0036.wav,मैं मोबाइल चला चला इतना बेस्ट हुआ कि पूरे दिन में कुछ पढ़ा ही नहीं कभी ऐसा होता तो एक घंटा पढ़ लिया फिर दो घंटे मुबाईल चला ले लेकिन आज की समय मैंने जो अपना टाइम टेबल फिक्स किया जो डेली दिनचर्या को सेट किया वो काफी लाभदायक रहा है मेरे लिए
767685,217689,hi,37,571.56,584.55,12.99,/kaggle/working/Hindi-ASR-Whisper-Pipeline/artifacts/q1/preprocess/segments/767685_0037.wav,जी सर सर अगला पॉइंट है अपना अगर आपको अपनी दिनचर्या को बिल्कुल नई तरीके से दुबारा डिजाइन करने का मौका मिले तो आप सबसे पहले क्या बदलेंगे सर
767685,217689,hi,38,590.25,604.5,14.25,/kaggle/working/Hindi-ASR-Whisper-Pipeline/artifacts/q1/preprocess/segments/767685_0038.wav,जी सर बिल्कुल देर रात तक जगना तो काफी हानिकारक होता ही है और जल्दी जगने के काफी फायदे भी होते हैं उसके साथ अगर मैं अपने दिनचर्या में बदलाव चाहूंगा तो थोड़ा जो स्क्रीन टाइम यानि कि मोबाइल चलाने का समय या फिर जो फालतू के कार्यों में मेरा समय
767685,217689,hi,39,604.5,606.99,2.49,/kaggle/working/Hindi-ASR-Whisper-Pipeline/artifacts/q1/preprocess/segments/767685_0039.wav,ज्यादा भेटोट है उसको कम करना चाहूंगा
767685,217689,hi,40,631.47,636.69,5.22,/kaggle/working/Hindi-ASR-Whisper-Pipeline/artifacts/q1/preprocess/segments/767685_0040.wav,जी सर बिल्कुल बिल्कुल बिल्कुल
767685,217689,hi,41,645.84,655.29,9.45,/kaggle/working/Hindi-ASR-Whisper-Pipeline/artifacts/q1/preprocess/segments/767685_0041.wav,जी सर अब बदलाब तो काफी की है मैंने सर जैसे की कॉलेज देश में तो कहाँ ही लोग पढ़ा करते हैं इग्ज़ैम के समय ही पढ़ाई पढ़ा करते हैं लेकिन हां
767685,217689,hi,42,655.32,668.22,12.9,/kaggle/working/Hindi-ASR-Whisper-Pipeline/artifacts/q1/preprocess/segments/767685_0042.wav,अब जब से मैंने कॉम्पटेटिव एग्जाम्स की तैयारी की है क्योंकि थोड़ा टेंशन भी रहता है कि करियर बनाना नौकरी करनी ही है जैसे कि उम्र बढ़ने लगती है आप वयस्क होने लगते है तो आपके कोई न कहीं परिवार का भी दबाव होने लगता है तो अपनी दिनचर्या उसी हिसाब से
767685,217689,hi,43,668.34,679.2,10.86,/kaggle/working/Hindi-ASR-Whisper-Pipeline/artifacts/q1/preprocess/segments/767685_0043.wav,आपको बदलने में भी पड़ती है जो पढ़ाई करने का जो दवाब है वह पेरेंट्स नहीं ज्यादा करते हैं आपके खुद ही दवाब रहता है आपके मन से पढ़ाई करना चाहते हैं तो हाँ कह सकते हैं दिनचर्या में काफी बदलाव भी आया था
767685,217689,hi,45,717.93,731.55,13.62,/kaggle/working/Hindi-ASR-Whisper-Pipeline/artifacts/q1/preprocess/segments/767685_0045.wav,जी बिल्कुल सही क्योंकि हम में क्या है अपनी जिम्मेदारियों का अहसास होने लगता है तो शायद लगता है हमे सर कि अपनी दिनचर्या में जो है व्यर्थ की चीजों को त्याग कर जो काम की चीज़े हैं उन्हें अपनाना चाहिए बिल्कुल सर
767685,217689,hi,46,731.64,733.83,2.19,/kaggle/working/Hindi-ASR-Whisper-Pipeline/artifacts/q1/preprocess/segments/767685_0046.wav,तो आप इस विषय पर और कुछ कहना चाहेंगे सर
767685,217689,hi,47,756.99,770.07,13.08,/kaggle/working/Hindi-ASR-Whisper-Pipeline/artifacts/q1/preprocess/segments/767685_0047.wav,बिल्कुल सर बिल्कुल सर हमारी जो दिनचर्या है उसे पूरी सुव्यवस्थित रूप से बनाना चाहिए और उसका पालन भी करना चाहिए ऐसा होता है कि हम टाइम टेबल तो बना लेते हैं यह करना है यह करना है लेकिन कभी कभी उसका पालन नहीं कर
767685,217689,hi,48,770.67,777.87,7.2,/kaggle/working/Hindi-ASR-Whisper-Pipeline/artifacts/q1/preprocess/segments/767685_0048.wav,तो हां उस दिन पूर्व रूप से अपने में पालन ही करना चहिए सर तो सर आप बिल्कुल सर बोलिए
767685,217689,hi,49,795.72,800.82,5.1,/kaggle/working/Hindi-ASR-Whisper-Pipeline/artifacts/q1/preprocess/segments/767685_0049.wav,जी सर बिल्कुल सर सर आपसे आपके विचार साझा करके काफी अच्छा लगा सर
767685,217689,hi,50,802.95,804.81,1.86,/kaggle/working/Hindi-ASR-Whisper-Pipeline/artifacts/q1/preprocess/segments/767685_0050.wav,बिल्कुल सर आप धन्यवाद सर
767869,288667,hi,0,3.54,12.42,8.88,/kaggle/working/Hindi-ASR-Whisper-Pipeline/artifacts/q1/preprocess/segments/767869_0000.wav,हेलो अभी भी नहीं आ रही है सर ठीक से जी अब आ रही है हाँ आ रही है हेलो .
767869,288667,hi,1,16.17,18.24,2.07,/kaggle/working/Hindi-ASR-Whisper-Pipeline/artifacts/q1/preprocess/segments/767869_0001.wav,फ़िर से नहीं आ रही है
767869,288667,hi,2,23.52,36.36,12.84,/kaggle/working/Hindi-ASR-Whisper-Pipeline/artifacts/q1/preprocess/segments/767869_0002.wav,हेलो जी सर अब आ रही है हा
767869,288667,hi,3,39.18,41.82,2.64,/kaggle/working/Hindi-ASR-Whisper-Pipeline/artifacts/q1/preprocess/segments/767869_0003.wav,हां थोड़ा नेटवर्क
767869,288667,hi,5,47.49,49.23,1.74,/kaggle/working/Hindi-ASR-Whisper-Pipeline/artifacts/q1/preprocess/segments/767869_0005.wav,आप थोड़ा नेटवर्क में आएंगे
767869,288667,hi,6,55.68,60.36,4.68,/kaggle/working/Hindi-ASR-Whisper-Pipeline/artifacts/q1/preprocess/segments/767869_0006.wav,हेलो हेलो
767869,288667,hi,7,62.43,65.88,3.45,/kaggle/working/Hindi-ASR-Whisper-Pipeline/artifacts/q1/preprocess/segments/767869_0007.wav,हैलो हाँ सर अब आवाज आ रही है
767869,288667,hi,8,71.82,79.5,7.68,/kaggle/working/Hindi-ASR-Whisper-Pipeline/artifacts/q1/preprocess/segments/767869_0008.wav,REDACTED
767869,288667,hi,9,82.38,87.78,5.4,/kaggle/working/Hindi-ASR-Whisper-Pipeline/artifacts/q1/preprocess/segments/767869_0009.wav,पूरी आवाज आपकी बस आवाज आ रही है इतना ही सुना था उसके बाद आप जो बोल रहे है वो आवाज नहीं आ रही है
767869,288667,hi,12,103.35,113.55,10.2,/kaggle/working/Hindi-ASR-Whisper-Pipeline/artifacts/q1/preprocess/segments/767869_0012.wav,जी जी तो ठीक है मैं मैं अपनी दिन चर्या सुनाना चाह रहा हूं ओके
767869,288667,hi,13,116.43,124.71,8.28,/kaggle/working/Hindi-ASR-Whisper-Pipeline/artifacts/q1/preprocess/segments/767869_0013.wav,ठीक है कि जैसे जैसे कि मेरी दिनचर्या है मैं उठता हूं जैसे आ में सुबह आ सुबह उठ कर डायरेक्ट
767869,288667,hi,14,127.23,141.96,14.73,/kaggle/working/Hindi-ASR-Whisper-Pipeline/artifacts/q1/preprocess/segments/767869_0014.wav,मैं सुबह उठ कर डायरेक्ट आह वाशरूम जाता हु वाशरूम से हो कर फ्रेश ब्रेश होता हु उसके बाद मंजन करता हु मंजन करने के बाद आह मंजन करने के बाद उसके बाद नाश्ता बनाता हू नाश्ता खा कर
767869,288667,hi,15,141.99,155.16,13.17,/kaggle/working/Hindi-ASR-Whisper-Pipeline/artifacts/q1/preprocess/segments/767869_0015.wav,अ नाश्ता खाने के बाद उसके बाद थोड़ी देर फोन चलाता हूं फोन चलाने के बाद एक दो घंटे अ एक घंटे के बाद मै थोड़ा रेस्ट लेता हूं उसके बाद नहाता धोता हूँ उसके बाद भगवान जी
767869,288667,hi,16,155.85,168.24,12.39,/kaggle/working/Hindi-ASR-Whisper-Pipeline/artifacts/q1/preprocess/segments/767869_0016.wav,हां भगवान जी की पूजा उजा करना उसके बाद अ मंदिर जाना मंंदिर से होकर कॉलेज जाना कॉलेज जाकर जो क्लास अ क्लास होती है उसके लिए
767869,288667,hi,17,168.24,180.87,12.63,/kaggle/working/Hindi-ASR-Whisper-Pipeline/artifacts/q1/preprocess/segments/767869_0017.wav,अटेंडेंस के लिए पंच लगाना पंच लगाने के बाद में फिर लेक्चर अटेंड करता हूं सेकंड फिर थर्ड दिन उसके बाद लंच का टाइम हो जाता है लंच करने के बाद क्या बोलते हैं
767869,288667,hi,18,180.99,192.51,11.52,/kaggle/working/Hindi-ASR-Whisper-Pipeline/artifacts/q1/preprocess/segments/767869_0018.wav,फिर डबल से लेक्चर स्टार्ट हो जाते हैं लंच के बाद मेरे चार लेक्चर रहते हैं चारों लेक्चर अटैंड करने के बाद पंच लगाता हू पंच आउट उसके बाद मैं कॉलेज आता हू अ कॉलेज में आ
767869,288667,hi,19,192.63,207.21,14.58,/kaggle/working/Hindi-ASR-Whisper-Pipeline/artifacts/q1/preprocess/segments/767869_0019.wav,पहले ऐसे पैदल रूम पर आता हूं रूम पर आने के बाद फिर मै थोड़ी देर रेस्ट लेता हूं एक घंटे का फिर उसके बाद फिर फोन चलाता हूं उसके बाद अ अ हाथ पैर धोता हूं थोड़ा उसके बाद अ खाना वाना बनाने की तैयारी करता हूं
767869,288667,hi,20,207.45,221.4,13.95,/kaggle/working/Hindi-ASR-Whisper-Pipeline/artifacts/q1/preprocess/segments/767869_0020.wav,उसके बाद थोड़ी बहुत सब्जीवब्जी लेने जानी हो तो तो सब्जी लेकर आता हूं खाना वना खा पीकर उसके बाद पढ़ने बेठ जाता हूं तो दस से एक तक पढ़ता हूँ उसके बाद फिर सो जाता हूं वैसे आपकी दिन चरिया किसी के
767869,288667,hi,21,226.29,229.5,3.21,/kaggle/working/Hindi-ASR-Whisper-Pipeline/artifacts/q1/preprocess/segments/767869_0021.wav,जी
767869,288667,hi,22,232.32,237.72,5.4,/kaggle/working/Hindi-ASR-Whisper-Pipeline/artifacts/q1/preprocess/segments/767869_0022.wav,REDACTED
767869,288667,hi,23,239.94,243.15,3.21,/kaggle/working/Hindi-ASR-Whisper-Pipeline/artifacts/q1/preprocess/segments/767869_0023.wav,जी
767869,288667,hi,25,255.48,256.98,1.5,/kaggle/working/Hindi-ASR-Whisper-Pipeline/artifacts/q1/preprocess/segments/767869_0025.wav,जी
767869,288667,hi,26,259.08,262.86,3.78,/kaggle/working/Hindi-ASR-Whisper-Pipeline/artifacts/q1/preprocess/segments/767869_0026.wav,जी
767869,288667,hi,27,273.66,275.64,1.98,/kaggle/working/Hindi-ASR-Whisper-Pipeline/artifacts/q1/preprocess/segments/767869_0027.wav,जी
767869,288667,hi,28,286.35,290.16,3.81,/kaggle/working/Hindi-ASR-Whisper-Pipeline/artifacts/q1/preprocess/segments/767869_0028.wav,जी
767869,288667,hi,29,295.59,296.85,1.26,/kaggle/working/Hindi-ASR-Whisper-Pipeline/artifacts/q1/preprocess/segments/767869_0029.wav,जी
767869,288667,hi,30,299.94,301.68,1.74,/kaggle/working/Hindi-ASR-Whisper-Pipeline/artifacts/q1/preprocess/segments/767869_0030.wav,जी .
767869,288667,hi,31,304.56,306.9,2.34,/kaggle/working/Hindi-ASR-Whisper-Pipeline/artifacts/q1/preprocess/segments/767869_0031.wav,जी
767869,288667,hi,32,317.19,320.91,3.72,/kaggle/working/Hindi-ASR-Whisper-Pipeline/artifacts/q1/preprocess/segments/767869_0032.wav,जी जी
767869,288667,hi,33,324.9,326.88,1.98,/kaggle/working/Hindi-ASR-Whisper-Pipeline/artifacts/q1/preprocess/segments/767869_0033.wav,जी
767869,288667,hi,34,328.95,330.9,1.95,/kaggle/working/Hindi-ASR-Whisper-Pipeline/artifacts/q1/preprocess/segments/767869_0034.wav,जी
767869,288667,hi,35,334.23,342.03,7.8,/kaggle/working/Hindi-ASR-Whisper-Pipeline/artifacts/q1/preprocess/segments/767869_0035.wav,जी
767869,288667,hi,37,349.2,360.27,11.07,/kaggle/working/Hindi-ASR-Whisper-Pipeline/artifacts/q1/preprocess/segments/767869_0037.wav,जी अच्छा जल्दी उठने वाले या देर रात तक जागने वाले होने से आपके रिश्ते या उत्पादक पर क्या प्रभाव पड़ा जैसे कि जल्दी उठना
767869,288667,hi,38,360.48,375.48,15.0,/kaggle/working/Hindi-ASR-Whisper-Pipeline/artifacts/q1/preprocess/segments/767869_0038.wav,जल्दी उठने से तो बहुत सारी चीज़ें होती हैं जो शरीर मे अच्छा शुद्ध सुबह से ऑक्सीजन अच्छी मिल जाती है जैसे बाहर घूमने जाता उसका आवरण अच्छा लगता है शांत माहौल उसके बाद मन हलका हो जाता है वो जैसे रात में जैसे जागने जागना
767869,288667,hi,39,375.48,383.97,8.49,/kaggle/working/Hindi-ASR-Whisper-Pipeline/artifacts/q1/preprocess/segments/767869_0039.wav,रात मैं जो देर रात तक जागते हैं उसका सिर भारी होने लगता है आपने सुना है ये चीज़ जो रात देर रात तक जागते हैं उनको पीलिया हो जाता है
767869,288667,hi,40,386.88,387.93,1.05,/kaggle/working/Hindi-ASR-Whisper-Pipeline/artifacts/q1/preprocess/segments/767869_0040.wav,जी जो
767869,288667,hi,42,401.7,403.77,2.07,/kaggle/working/Hindi-ASR-Whisper-Pipeline/artifacts/q1/preprocess/segments/767869_0042.wav,जी
767869,288667,hi,44,411.75,426.39,14.64,/kaggle/working/Hindi-ASR-Whisper-Pipeline/artifacts/q1/preprocess/segments/767869_0044.wav,जी जेसे की मैं भी जेसे पहले मैं एग्जाम के टाइम पर मै भी देर रात तक जा कर पढ़ता हूं उसके बाद एग्जाम देने सुबह चला जाता हूं मुझे मेरी आंख जो है ना में ज जैसी इधर से मै उजाले मे गया तो मुझे बताऊं
767869,288667,hi,45,426.51,440.01,13.5,/kaggle/working/Hindi-ASR-Whisper-Pipeline/artifacts/q1/preprocess/segments/767869_0045.wav,एकदम से आँख दर्द होने लगती है आँख सूज जाती है ऑंख भारी भारी लगती है उसके बाद फिर दर्द होने लगता है और जैसे ही क एक्जाम देकर आओ उसके बाद तुरंत सोना पड़ता है नहीं तो हाथ पैर उसके बाद सिर दर्द होना ये बहुत सारी चीजें होने लगती है
767869,288667,hi,46,442.44,454.35,11.91,/kaggle/working/Hindi-ASR-Whisper-Pipeline/artifacts/q1/preprocess/segments/767869_0046.wav,जी ऐसा कौन सा साधारण दैनिक अभ्यास है जो जीवन की आप आपाधापी में आपको स्थिर से संतुलन में लाता है
767869,288667,hi,47,470.73,485.04,14.31,/kaggle/working/Hindi-ASR-Whisper-Pipeline/artifacts/q1/preprocess/segments/767869_0047.wav,जी जैसे अ मेरा जैसे की कोई आ आ क्या बोलूं जैसे मेरा सिर दर्द होता है तो मैं चाय पीने पी लेता हूँ तो इससे मेरा मेरा सिर है ना दुखता है वो बंद हो जाता है
767869,288667,hi,48,485.4,493.92,8.52,/kaggle/working/Hindi-ASR-Whisper-Pipeline/artifacts/q1/preprocess/segments/767869_0048.wav,कई बार ऐसा होता है कि सिर बहुत ज्यादा दुखता है तो फिर वह ऐसा लगता है कि चाय पीओ तो ही अच्छा होगा ऐसा माइंडसेट बनाकर रखा हुआ है
767869,288667,hi,49,496.2,500.13,3.93,/kaggle/working/Hindi-ASR-Whisper-Pipeline/artifacts/q1/preprocess/segments/767869_0049.wav,वो चीजें है वो चीजें है जो मुझे बहुत अच्छी लगती है
767869,288667,hi,50,510.6,525.45,14.85,/kaggle/working/Hindi-ASR-Whisper-Pipeline/artifacts/q1/preprocess/segments/767869_0050.wav,जी तो मै बताना चाहूंगा कि जैसे मैं पहले मन से पढ़ता नहीं था पहले मुझे पढ़ाने के लिए जैसे कि अ मम्मी पापा फोर्स करते थे बेटा पढ़ पढ़ पढ़ और तब मै पढ़ता था पढ़ने बैठता था बट अब ऐसा हो गया है कि अपना मन से जैसे
767869,288667,hi,51,525.57,537.39,11.82,/kaggle/working/Hindi-ASR-Whisper-Pipeline/artifacts/q1/preprocess/segments/767869_0051.wav,पढ़ना हो तो उस सुबह से उठकर पढ़ना उसके बाद और जब भी जायदा टाइम्स मोबाइल चला लेता हूं तो खुद से अपने आप से ऐसा फील होने लगता है कि अभी मुझे पढ़ना चाहिए
767869,288667,hi,53,563.64,574.2,10.56,/kaggle/working/Hindi-ASR-Whisper-Pipeline/artifacts/q1/preprocess/segments/767869_0053.wav,जी जी तो वैसे दिनचर्या होती है
767869,288667,hi,54,583.11,592.32,9.21,/kaggle/working/Hindi-ASR-Whisper-Pipeline/artifacts/q1/preprocess/segments/767869_0054.wav,सबसे पहले तो जल्दी उठना उसके बाद इधर जल्दी उठना और उधर दे रात तक जो सोता हूँ उसको कम करना जी
767869,288667,hi,55,606.87,621.54,14.67,/kaggle/working/Hindi-ASR-Whisper-Pipeline/artifacts/q1/preprocess/segments/767869_0055.wav,जी बस यह स्किन टाइमिंग जो है ना मोबाइल की वो थोड़ी कम करना है तो जैसे कि मैं तुम ऐसे अभी मेरी दिन चर्या हम फोन बहुत कम चलाता हूं क्योंकि मुझे ऐसा लगता है मन से फील होता है अंदर से कि ये
767869,288667,hi,56,621.54,635.16,13.62,/kaggle/working/Hindi-ASR-Whisper-Pipeline/artifacts/q1/preprocess/segments/767869_0056.wav,फोन में कोई रख कुछ चीज़ें रखी नहीं है बाकी इतना है जो जो ज्ञान की चीजें हैं उसके लिए ज्यादा उपयोग करता हूं उससे ज्यादा उपयोग नहीं करता हूं ये आलतु फालतु चीजें अब नहीं चलाता हूं जी आपकी दिन
767869,288667,hi,57,636.27,644.49,8.22,/kaggle/working/Hindi-ASR-Whisper-Pipeline/artifacts/q1/preprocess/segments/767869_0057.wav,ऐसे आपकी दिनचर्या में जो पहले से जो अभी बदलाव है जो थोड़े बहुत हुए है जो पहले दिनचर्या थी वो अभी अलग दिनचर्या है
767869,288667,hi,60,680.07,693.45,13.38,/kaggle/working/Hindi-ASR-Whisper-Pipeline/artifacts/q1/preprocess/segments/767869_0060.wav,जी ये बात तो आपने सही बोली हैं कि मन से अभी जैसे जैसे उम्र बढ़ती जाती हैं वैसे वैसे अपने को मन में फील होने लगता हैं कि हां मुझे मेरा ये काम करना था करना चाहिए अभी अभी टाइम है ये चीजें होती है
767869,288667,hi,61,694.41,706.35,11.94,/kaggle/working/Hindi-ASR-Whisper-Pipeline/artifacts/q1/preprocess/segments/767869_0061.wav,मन से अपनी अपनी दिनचर्या बन जाती है पहले दिनचर्या कोई सैटल नही था जो अभी जैसे मै कालेज लाइफ मे अभी भी कोलेज चल रहाँ है मेरा तो पहले फस्ट ईयर कुछ नही करना बस कालेज जाना आना पड़ना लिखना नहीं कुछ नही
767869,288667,hi,62,706.38,720.45,14.07,/kaggle/working/Hindi-ASR-Whisper-Pipeline/artifacts/q1/preprocess/segments/767869_0062.wav,कोई टेंशन दबाव नहीं पर जैसी थर्ड ईयर में आता गया आता गया मेरे को ऐसा फील होने लगा कि मुझे कुछ करना चाहिए तो मेरी भी दिन एक दिनचर्या है जो बनती जा रही है उसके बाद मैं उसपर काम करता जा रहा हूं जी
767869,288667,hi,63,729.78,731.19,1.41,/kaggle/working/Hindi-ASR-Whisper-Pipeline/artifacts/q1/preprocess/segments/767869_0063.wav,जी .
767869,288667,hi,64,734.88,749.1,14.22,/kaggle/working/Hindi-ASR-Whisper-Pipeline/artifacts/q1/preprocess/segments/767869_0064.wav,जी बस में यही कहना चाहूंगा कि जो अपनी दिनचर्या उसको और मॉडिफाई करो उसके बाद अपडेट करो जिसे कि टाईमिंग देर रात तक सोने के लिए ए ज्यादा टाइमिंग नहीं उसके बाद टाईमिंग कम करो उधर से इधर से सोने जल्दी उठने की अ.
767869,288667,hi,65,749.1,759.12,10.02,/kaggle/working/Hindi-ASR-Whisper-Pipeline/artifacts/q1/preprocess/segments/767869_0065.wav,टिप करो उसके बाद अभी जो अपना करियर बनाने के लिए अपनी दिनचर्या है उसको और थोड़ा स्ट्रॉन्ग बनाओ बस यही है और क्या है
767869,288667,hi,67,774.63,783.66,9.03,/kaggle/working/Hindi-ASR-Whisper-Pipeline/artifacts/q1/preprocess/segments/767869_0067.wav,जी किई बार ऐसा होता है जी किई बार ऐसा होता है कि उस दिनचर्या पर काम नहीं कर पाते तो वो
767869,288667,hi,68,783.69,796.71,13.02,/kaggle/working/Hindi-ASR-Whisper-Pipeline/artifacts/q1/preprocess/segments/767869_0068.wav,कई बार यह होता है पर अह जो मन से अपन सोचते हैं ना कि यार आज नहीं कल कर लेंगे दिनचर्या बनाने के बाद ऐसा सोचते हैं कि आज नहीं कल कर लेंगे अह कल कल कभी होता ही नहीं है बट जो है आज करना है
767869,288667,hi,70,801.66,807.99,6.33,/kaggle/working/Hindi-ASR-Whisper-Pipeline/artifacts/q1/preprocess/segments/767869_0070.wav,जी धन्यवाद जी धन्यवाद
781184,105360,hi,0,0.05,2.06,2.01,/kaggle/working/Hindi-ASR-Whisper-Pipeline/artifacts/q1/preprocess/segments/781184_0000.wav,जी
781184,105360,hi,1,4.1,18.74,14.64,/kaggle/working/Hindi-ASR-Whisper-Pipeline/artifacts/q1/preprocess/segments/781184_0001.wav,जी
781184,105360,hi,2,19.46,31.82,12.36,/kaggle/working/Hindi-ASR-Whisper-Pipeline/artifacts/q1/preprocess/segments/781184_0002.wav,हां जी अ जिसे फर्स्ट टाइम मेरी नौकरी लगी थी तो पहले तो मैं काफी एक्साइटेड थी एज अ टीचर मेरी जॉब लगी थी कि मैं बच्चों को क्याक्या सिखाऊंगी
781184,105360,hi,3,31.91,46.55,14.64,/kaggle/working/Hindi-ASR-Whisper-Pipeline/artifacts/q1/preprocess/segments/781184_0003.wav,REDACTED
781184,105360,hi,4,46.58,59.54,12.96,/kaggle/working/Hindi-ASR-Whisper-Pipeline/artifacts/q1/preprocess/segments/781184_0004.wav,और जैसे हमारे घर में शायद परंपरा है ही है कि कोई अच्छा काम करने जाते है तो उससे पहले दही चीनी खाना चाहिए तो वहीं मेरी मम्मी ने किया था कि मेरे को दही चीनी खिलाया था तब मैं गई थी पढ़ाने के लिए
781184,105360,hi,5,59.54,70.79,11.25,/kaggle/working/Hindi-ASR-Whisper-Pipeline/artifacts/q1/preprocess/segments/781184_0005.wav,तो मुझे काफी अच्छा फील हुआ था मतलब मेरे को पता चला कि मै पढ़ने के साथ साथ पढ़ा भी सकती हूं तो मेरा काफी अच्छा एक्सपीरियंस रहा था जी
781184,105360,hi,6,72.98,74.81,1.83,/kaggle/working/Hindi-ASR-Whisper-Pipeline/artifacts/q1/preprocess/segments/781184_0006.wav,जी
781184,105360,hi,7,78.5,80.18,1.68,/kaggle/working/Hindi-ASR-Whisper-Pipeline/artifacts/q1/preprocess/segments/781184_0007.wav,जी
781184,105360,hi,8,93.05,99.38,6.33,/kaggle/working/Hindi-ASR-Whisper-Pipeline/artifacts/q1/preprocess/segments/781184_0008.wav,एजी
781184,105360,hi,9,103.61,105.65,2.04,/kaggle/working/Hindi-ASR-Whisper-Pipeline/artifacts/q1/preprocess/segments/781184_0009.wav,अच्छा ओके
781184,105360,hi,10,108.77,122.54,13.77,/kaggle/working/Hindi-ASR-Whisper-Pipeline/artifacts/q1/preprocess/segments/781184_0010.wav,अच्छा हां यह तो है हां अगर मैं बताऊं तो हां नई मतलब मेरे को अहं मैं थोड़ा एक्स्ट्रोवर्ट हूं
781184,105360,hi,11,124.01,129.02,5.01,/kaggle/working/Hindi-ASR-Whisper-Pipeline/artifacts/q1/preprocess/segments/781184_0011.wav,अच्छा अपने हा- हा पहले मैं बता दू नए साथियों से मिलने के बाद
781184,105360,hi,12,132.05,146.6,14.55,/kaggle/working/Hindi-ASR-Whisper-Pipeline/artifacts/q1/preprocess/segments/781184_0012.wav,REDACTED
781184,105360,hi,13,146.6,150.11,3.51,/kaggle/working/Hindi-ASR-Whisper-Pipeline/artifacts/q1/preprocess/segments/781184_0013.wav,जी
781184,105360,hi,14,155.57,167.87,12.3,/kaggle/working/Hindi-ASR-Whisper-Pipeline/artifacts/q1/preprocess/segments/781184_0014.wav,हाँ ये तो चीज मतलब सबके साथ ही होती है कि हम कहीं पर भी जाते हैं तो हम अपना बेस्ट देने की कोशिश करते हैं चाहे वो जॉब पे हो गया चाहे जिसे मैं टीचर हूँ तो जब मैं पढ़ाने गई थी तो भी
781184,105360,hi,15,167.9,181.94,14.04,/kaggle/working/Hindi-ASR-Whisper-Pipeline/artifacts/q1/preprocess/segments/781184_0015.wav,कि हमें कंप्लेन ना आए किसी चीज कि हम अपना बेस्ट ही करते हैं कि हमारा बोस भी हमसे हैप्पी रहे और जिसमें बच्चों को पढ़ाती तो बच्चे भी तो मैं उनसे पढ़ाने के बाद फीडबैक भी लेती थी कि अगर आपको कहीं कमी दिखती है तो आप मुझे बताओ
781184,105360,hi,16,181.97,195.59,13.62,/kaggle/working/Hindi-ASR-Whisper-Pipeline/artifacts/q1/preprocess/segments/781184_0016.wav,मैं उस पर काम करूगी और उसको और बैटर करने की कोशिश करूगी तो ये हमारी मतलब मेरी ये थॉट हमेशा होती है कि अपने काम में मैं वेस्ट देती थी बाकि अब जो भी रिजल्ट आएगा तो उसका हम कुछ भी नहीं कर सकते हैं
781184,105360,hi,17,195.71,201.83,6.12,/kaggle/working/Hindi-ASR-Whisper-Pipeline/artifacts/q1/preprocess/segments/781184_0017.wav,जी नेक्स्ट टॉपिक है ऑफिस का काम काजी माहूल समझना आप बताएंगे
781184,105360,hi,19,240.5,254.18,13.68,/kaggle/working/Hindi-ASR-Whisper-Pipeline/artifacts/q1/preprocess/segments/781184_0019.wav,हाँ जी आपने सही कहा हम फर्स्ट डे जाते हैं तो हम सारी चीजें तो सीख नहीं लेते हैं एक हु दिन में थोड़ा टाइम तो लगता है एज अ ट्रेनर हमें ट्रेनिंग भी दी जाती है काम को समझने के लिए ताकि हम भविष्य में
781184,105360,hi,20,254.33,269.21,14.88,/kaggle/working/Hindi-ASR-Whisper-Pipeline/artifacts/q1/preprocess/segments/781184_0020.wav,कम से कम गलतियां करें तो ये चीजें तो जरूरी होती है कि हमें वहां का माहौल समझना पड़ेगा जब एक बार हम माहौल समझ लेते हैं तो फिर हमारे लिए काम करना इजी हो जाता है जैसे अगर हम जोस टॉक प्लेटफॉर्म का ही एग्जांपल है तो फर्स्ट के जे रिकॉर्डिंग का काम में फर्स्ट टाइम कर रही हूं
781184,105360,hi,21,269.24,279.8,10.56,/kaggle/working/Hindi-ASR-Whisper-Pipeline/artifacts/q1/preprocess/segments/781184_0021.wav,तो पहले दो से तीन दिन मैंने कंटिन्यूसली वहाँ सेशस लिए थे मीटिंग्स अटेंड की थी ताकि मुझे काम समझ आ जाए और जो भी डाउट थे वो मैंने टीचर से क्लियर किए तो अब मैं काफ़ी स्मूथली काम कर पाती हूँ
781184,105360,hi,24,303.02,311.03,8.01,/kaggle/working/Hindi-ASR-Whisper-Pipeline/artifacts/q1/preprocess/segments/781184_0024.wav,हा जी अ मेरा भी मन है हा जी हा जी
781184,105360,hi,25,313.73,327.77,14.04,/kaggle/working/Hindi-ASR-Whisper-Pipeline/artifacts/q1/preprocess/segments/781184_0025.wav,जी जी हां हम कहीं पर भी काम करते हैं तो हमारे फैमिली वालो को तो हमारी फिकर हमेशा से ही लगी रहती है चाहें हम कहीं पढ़ने जा रहे हों कहीं मतलब घूमने जा रहे हों या कहीं काम पे भी जा रहे हों
781184,105360,hi,26,327.86,342.44,14.58,/kaggle/working/Hindi-ASR-Whisper-Pipeline/artifacts/q1/preprocess/segments/781184_0026.wav,तो ये चीज़े तो पेरेंटस को हमेशा लगी रहती हैं तो मैं भी ऐसा करती थी जैसे लंच में एक बार मम्मी को कॉल कर ली और फिर शाम को जैसे खाना सब साथ में ही खाते हैं तो फिर मेरे लिए यही होता था कि कुछ भी चीज़े बतानी हो या किसी को भी शेयर करनी हो दीदी को
781184,105360,hi,27,342.44,357.35,14.91,/kaggle/working/Hindi-ASR-Whisper-Pipeline/artifacts/q1/preprocess/segments/781184_0027.wav,उनको अपने जॉब का जो भी एक्सपीरियंस बताना हो या मेरे को तो शाम को खाने खाते टाइम ही सब लोग बाते करते थे बाते की बाते हो जाती थी फिर खाना भी सब का साथ में हो जाता था जैसे कि आज के टाइम में हो गया है कि लोग बस फोन देखते हैं खाना खाते हैं अकेले अकेले
781184,105360,hi,28,357.41,372.38,14.97,/kaggle/working/Hindi-ASR-Whisper-Pipeline/artifacts/q1/preprocess/segments/781184_0028.wav,तो ऐसे चीजें नहीं होती मेरे घर में और नहीं होना भी चाहिए कि एक टाइम तो ऐसा होना चाहिए कि जब फैमिली को मिलना चाहिए तो ये रात के डिनर के टाइम बहुत अच्छा माहौल रहता है जी
781184,105360,hi,29,374.99,378.38,3.39,/kaggle/working/Hindi-ASR-Whisper-Pipeline/artifacts/q1/preprocess/segments/781184_0029.wav,ज़ी
781184,105360,hi,30,385.58,386.93,1.35,/kaggle/working/Hindi-ASR-Whisper-Pipeline/artifacts/q1/preprocess/segments/781184_0030.wav,ओके
781184,105360,hi,31,397.91,412.7,14.79,/kaggle/working/Hindi-ASR-Whisper-Pipeline/artifacts/q1/preprocess/segments/781184_0031.wav,ओके ऐसा
781184,105360,hi,32,413.12,419.9,6.78,/kaggle/working/Hindi-ASR-Whisper-Pipeline/artifacts/q1/preprocess/segments/781184_0032.wav,ओके मतलब मेरा मानना है की एस ए फ्रेशर
781184,105360,hi,33,419.93,434.81,14.88,/kaggle/working/Hindi-ASR-Whisper-Pipeline/artifacts/q1/preprocess/segments/781184_0033.wav,आपको अगर नौकरी मिल जाती है तो बहुत अच्छी बात है लेकिन अगर नहीं मिलती हाँ तो जिसे आपने कहा इंटर्नशिप हमें करनी चाहिए वो पेड हो चाहे अनपेड हो इससे हमें एक्सपिरियंस काफी अच्छा खासा मिलता है तो जब हम फर्स्ट नौकरी करते हैं सीधा तो वो भी हमें ट्रैनिंग देते ही हैं
781184,105360,hi,34,434.84,449.78,14.94,/kaggle/working/Hindi-ASR-Whisper-Pipeline/artifacts/q1/preprocess/segments/781184_0034.wav,और अगर हमने पहले से ही अ कही पे इंटर्नशिप कर रखी है तो वो काफी हमारे सी_वी को इनहांस करता है और हमें वो काम समझना और ज़्यादा आसान हो जाता है तो मेरा यह मानना है जी
781184,105360,hi,35,449.78,460.82,11.04,/kaggle/working/Hindi-ASR-Whisper-Pipeline/artifacts/q1/preprocess/segments/781184_0035.wav,लंच ब्रेकस के दौरान दोस्ती करना
781184,105360,hi,36,481.16,496.01,14.85,/kaggle/working/Hindi-ASR-Whisper-Pipeline/artifacts/q1/preprocess/segments/781184_0036.wav,जी जी अह जैसा हमने एक लाइन सुनी होगी कि दिल का रास्ता पेट से होके जाता है तो मतलब खाना तो सबको पसंद हांजी तो खाना तो सबको पसंद ही आता है मतलब एक खाना ही चीज होती है जो इंसान को पिघला देती है
781184,105360,hi,37,496.07,505.94,9.87,/kaggle/working/Hindi-ASR-Whisper-Pipeline/artifacts/q1/preprocess/segments/781184_0037.wav,मतलब अगर टेस्टी खाना मिल जाए तो तो हां ये मेरे साथ भी है की मतलब मेरे को यह ज्यादा पसंद की मैं खुद से बना कर ले जाऊ मुझे खाना बनाना पसंद है
781184,105360,hi,38,505.94,518.63,12.69,/kaggle/working/Hindi-ASR-Whisper-Pipeline/artifacts/q1/preprocess/segments/781184_0038.wav,कि अपने लिए अपना काम मैं खुद से करूं सारी चीजें अपने रेड्डी करके रखूं जिसे ना टी_वी वगैरह में निकदे आदमी जो लोग होते हैं उनको चइये उनके बी_वी बनाके दें उनके कपड़े निकाल के रखे उनके वाॅच वाॅलेट सब तो ये सारे चीजें मेंको पसंद नई हैं ज्यादा
781184,105360,hi,39,519.56,533.06,13.5,/kaggle/working/Hindi-ASR-Whisper-Pipeline/artifacts/q1/preprocess/segments/781184_0039.wav,मैं अपना काम स्वयं करना पसंद करती हूँ तो हाँ मेरे को दोस्ती करना बहुत पसंद है पर लंच के दौरान तो शायद मैं खाना ही खाऊँगी इतना टाइम नहीं मिल पाता मतलब बाते हो सकती हैं पर नहीं दोस्ती होना तो शायद मुश्किल हो जाता है जी.
781184,105360,hi,41,557.06,570.53,13.47,/kaggle/working/Hindi-ASR-Whisper-Pipeline/artifacts/q1/preprocess/segments/781184_0041.wav,खाना खाने में मज़ा भी सबके साथ ही आता है जी अच्छा है
781184,105360,hi,42,577.7,591.53,13.83,/kaggle/working/Hindi-ASR-Whisper-Pipeline/artifacts/q1/preprocess/segments/781184_0042.wav,जी बहुत अच्छी बात है जी मेरे साथ ऐसा था कि जब मैं बाहर रहती थी तो मैं खुद खाना जैसे पीजी वगैरा में रहो तो वहाँ का खाना ज़्यादा पसंद नहीं आता
781184,105360,hi,43,591.56,606.02,14.46,/kaggle/working/Hindi-ASR-Whisper-Pipeline/artifacts/q1/preprocess/segments/781184_0043.wav,तो मेरे लिए भी मेरे फ्रेंड्स जो थे वो खाना लेके आते थे तो उन्हें पता है कि बाहर का खाना अनहेल्दी रोज रोज बाहर का खाएंगे तो इसलिए वो खुद ही लेके आ जाते थे तो मुझे काफ़ी अच्छा लगता था वो मेरे इतना ध्यान देते हैं जी
781184,105360,hi,44,607.01,610.04,3.03,/kaggle/working/Hindi-ASR-Whisper-Pipeline/artifacts/q1/preprocess/segments/781184_0044.wav,हमारे टॉपिक तो लगभग हो गए है आप कुछ और बतना चाहेगी
781184,105360,hi,45,613.43,620.12,6.69,/kaggle/working/Hindi-ASR-Whisper-Pipeline/artifacts/q1/preprocess/segments/781184_0045.wav,ठीक है आपसे बात करके बहुत अच्छा लगा
781184,105360,hi,46,622.64,625.73,3.09,/kaggle/working/Hindi-ASR-Whisper-Pipeline/artifacts/q1/preprocess/segments/781184_0046.wav,आपको बहुत बहुत धन्यवाद मैम
781268,95637,hi,0,1.01,15.05,14.04,/kaggle/working/Hindi-ASR-Whisper-Pipeline/artifacts/q1/preprocess/segments/781268_0000.wav,नौकरी पे जाना चाहिए क्योंकि माता पिता तो आशीरवाद देते हैं और घर में और भी कोई बड़े हैं तो उन उनसे भी आशीरवाद लेना चाहिए हमें
781268,95637,hi,1,17.6,21.23,3.63,/kaggle/working/Hindi-ASR-Whisper-Pipeline/artifacts/q1/preprocess/segments/781268_0001.wav,आगे आपको आपको आपका क्या कहना है इस बारे में
781268,95637,hi,2,25.25,32.45,7.2,/kaggle/working/Hindi-ASR-Whisper-Pipeline/artifacts/q1/preprocess/segments/781268_0002.wav,हूं हूं हूं
781268,95637,hi,5,42.86,44.63,1.77,/kaggle/working/Hindi-ASR-Whisper-Pipeline/artifacts/q1/preprocess/segments/781268_0005.wav,ह्म्म
781268,95637,hi,7,52.67,56.75,4.08,/kaggle/working/Hindi-ASR-Whisper-Pipeline/artifacts/q1/preprocess/segments/781268_0007.wav,दरींगी लगता है हां हम्म
781268,95637,hi,8,59.75,62.6,2.85,/kaggle/working/Hindi-ASR-Whisper-Pipeline/artifacts/q1/preprocess/segments/781268_0008.wav,हूउ हूउ
781268,95637,hi,9,66.53,77.66,11.13,/kaggle/working/Hindi-ASR-Whisper-Pipeline/artifacts/q1/preprocess/segments/781268_0009.wav,हु नेक्स्ट इवेंट क्या है नए साथियों से मिलना अब जहां पे हम नौकरी करने जा रहे हैं वहां पे नएनए साथियों से अपने मिलेंगे
781268,95637,hi,10,78.56,93.02,14.46,/kaggle/working/Hindi-ASR-Whisper-Pipeline/artifacts/q1/preprocess/segments/781268_0010.wav,कल इनसे मिलेंगे और बॉस जो मतलब जो हमारे ऊपर के जो बॉस होते है उनसे मिलेंगे पहली बार अपने आपको इंट्रोड्यूस उनको अपने आप को इंट्रोड्यूस करना पड़ेगा उनके सामने
781268,95637,hi,12,97.34,111.59,14.25,/kaggle/working/Hindi-ASR-Whisper-Pipeline/artifacts/q1/preprocess/segments/781268_0012.wav,और कुछ जो बनाने के लिए कुछ खिलाना वगैरह भी पड़े तो वो भी करना चाहिए क्योंकि वह वह नौकरी का पहला दिन हैं वह लोग मांगते हैं कि आपसे ट्रीट चाहिए
781268,95637,hi,13,113.3,123.44,10.14,/kaggle/working/Hindi-ASR-Whisper-Pipeline/artifacts/q1/preprocess/segments/781268_0013.wav,हाँ और है अच्छी छाप छोड़ने को लेके लेकर घबराना
781268,95637,hi,14,128.3,141.59,13.29,/kaggle/working/Hindi-ASR-Whisper-Pipeline/artifacts/q1/preprocess/segments/781268_0014.wav,हमें हम जब नौकरी करने जाते हैं तो हमें यही होता है कि हमारी छाप जो है सब पे अच्छी पड़े मतलब
781268,95637,hi,15,141.74,154.52,12.78,/kaggle/working/Hindi-ASR-Whisper-Pipeline/artifacts/q1/preprocess/segments/781268_0015.wav,मतलब उनको लगे कि हां ये ये बंदा ये बंदी ये ठीक है हमारा इंप्रेशन उनके उपर अच्छा पड़े तो आपका क्या कहना है इस बारे में
781268,95637,hi,16,164.81,168.05,3.24,/kaggle/working/Hindi-ASR-Whisper-Pipeline/artifacts/q1/preprocess/segments/781268_0016.wav,हम्म
781268,95637,hi,17,172.7,179.78,7.08,/kaggle/working/Hindi-ASR-Whisper-Pipeline/artifacts/q1/preprocess/segments/781268_0017.wav,REDACTED
781268,95637,hi,18,182.09,189.08,6.99,/kaggle/working/Hindi-ASR-Whisper-Pipeline/artifacts/q1/preprocess/segments/781268_0018.wav,हम्म हम्म
781268,95637,hi,20,194.51,205.1,10.59,/kaggle/working/Hindi-ASR-Whisper-Pipeline/artifacts/q1/preprocess/segments/781268_0020.wav,हु सही बात है नेक्स्ट टॉपिक है ऑफिस का कामकाजी माहौल समझना
781268,95637,hi,21,205.97,219.02,13.05,/kaggle/working/Hindi-ASR-Whisper-Pipeline/artifacts/q1/preprocess/segments/781268_0021.wav,जी पहले दिन जाएंगे तो जो हमसे सीनियर है या कलीग्स हैं हमारे तो वो हमें काम सिखाएंगे क्योंकि हमें पहले तो पहले से तो पता नहीं होता कि हमने क्या काम करना वहाँ पे
781268,95637,hi,22,219.14,233.0,13.86,/kaggle/working/Hindi-ASR-Whisper-Pipeline/artifacts/q1/preprocess/segments/781268_0022.wav,थोड़े दस पंद्रह दिन की मतलब सिखाएंगे फिर जाके हम इसलिए कलीग्स का अच्छा होना बहुत जरूरी है मतलब हमारे बॉस वगैरा और साथ में जो काम करते हैं उनका अच्छा होना बहुत जरूरी है
781268,95637,hi,23,233.06,239.51,6.45,/kaggle/working/Hindi-ASR-Whisper-Pipeline/artifacts/q1/preprocess/segments/781268_0023.wav,क्योंकि अगर वो वो अ मतलब समझाएंगे नहीं तो हमें काम समझ में नहीं आएगा आएगा
781268,95637,hi,24,249.05,252.62,3.57,/kaggle/working/Hindi-ASR-Whisper-Pipeline/artifacts/q1/preprocess/segments/781268_0024.wav,हा वो तो है ही हु
781268,95637,hi,26,259.43,267.14,7.71,/kaggle/working/Hindi-ASR-Whisper-Pipeline/artifacts/q1/preprocess/segments/781268_0026.wav,ह्म्म ह्म्म ह्म्म ह्म्म
781268,95637,hi,28,274.19,286.94,12.75,/kaggle/working/Hindi-ASR-Whisper-Pipeline/artifacts/q1/preprocess/segments/781268_0028.wav,ह्म्म ह्म्म ह्म्म अगला टॉपिक यह है परिवार को अपडेट देना
781268,95637,hi,29,287.18,300.02,12.84,/kaggle/working/Hindi-ASR-Whisper-Pipeline/artifacts/q1/preprocess/segments/781268_0029.wav,परिवार को जो शाम को परिवार बैठेगा तो उनको ऑफिस की बातें सुनाना माँ बाब को सुनाना भाई भैंन को सुनाना कि वहाँ पे क्या हुआ था आज
781268,95637,hi,30,300.08,314.69,14.61,/kaggle/working/Hindi-ASR-Whisper-Pipeline/artifacts/q1/preprocess/segments/781268_0030.wav,ऑफिस में क्या हुआ था उनको अपडेट देते रहना चाहिए क्योंकि उनको भी हमारी फिक्र होती है ना मां बाप को उनको हमारी फिक्र होती है इसलिए उनको बताना चाहिए क्या हो रहा है क्या नहीं हो रहा है
781268,95637,hi,32,321.32,324.71,3.39,/kaggle/working/Hindi-ASR-Whisper-Pipeline/artifacts/q1/preprocess/segments/781268_0032.wav,हां
781268,95637,hi,33,328.19,331.07,2.88,/kaggle/working/Hindi-ASR-Whisper-Pipeline/artifacts/q1/preprocess/segments/781268_0033.wav,हहु
781268,95637,hi,34,334.49,339.2,4.71,/kaggle/working/Hindi-ASR-Whisper-Pipeline/artifacts/q1/preprocess/segments/781268_0034.wav,हूं हूं
781268,95637,hi,36,345.8,349.1,3.3,/kaggle/working/Hindi-ASR-Whisper-Pipeline/artifacts/q1/preprocess/segments/781268_0036.wav,हूँ हूं
781268,95637,hi,38,361.49,375.02,13.53,/kaggle/working/Hindi-ASR-Whisper-Pipeline/artifacts/q1/preprocess/segments/781268_0038.wav,हुह हुह हुह सही कह रहे आप इंटर्नशिप के अनुभव से तुलना करना
781268,95637,hi,39,375.35,390.35,15.0,/kaggle/working/Hindi-ASR-Whisper-Pipeline/artifacts/q1/preprocess/segments/781268_0039.wav,अह मेरे ख्याल से अगर मुझे नौकरी मिलती है तो मैं इंटर्नशिप नहीं करना करन करना चाहूँगी डायरेक्ट अगर नौकरी मिलती है तो क्योंकि अम अम्म इंटर्नशिप में पहले इंटर्न एज़ ए इंटर्न काम मत अह
781268,95637,hi,40,390.35,404.96,14.61,/kaggle/working/Hindi-ASR-Whisper-Pipeline/artifacts/q1/preprocess/segments/781268_0040.wav,इंटरन की तरह काम करना पड़ता है फिर पता नहीं रखते हैं भी हैं या की हमें के नहीं रखते हैं ये मतलब कुछ रहता है तो इसलिए मेरे हिसाब से जो सही है वो नौकरी कर करनी जरूरी है
781268,95637,hi,41,405.89,420.74,14.85,/kaggle/working/Hindi-ASR-Whisper-Pipeline/artifacts/q1/preprocess/segments/781268_0041.wav,REDACTED
781268,95637,hi,42,420.92,434.21,13.29,/kaggle/working/Hindi-ASR-Whisper-Pipeline/artifacts/q1/preprocess/segments/781268_0042.wav,REDACTED
781268,95637,hi,44,441.44,446.12,4.68,/kaggle/working/Hindi-ASR-Whisper-Pipeline/artifacts/q1/preprocess/segments/781268_0044.wav,ह्म्म और ज्यादा आसान हो जाता है सही
781268,95637,hi,45,448.88,463.79,14.91,/kaggle/working/Hindi-ASR-Whisper-Pipeline/artifacts/q1/preprocess/segments/781268_0045.wav,अगला टॉ अगला क्या है अह लंच ब्रेक के दौरान दोस्ती हाँ लंच ब्रेक के दौरान मतलब दोस्ती बनाना खाना घर से लेके आना या उनके लिए भी खाना ले आना जो बॉसेज हैं
781268,95637,hi,46,463.82,475.07,11.25,/kaggle/working/Hindi-ASR-Whisper-Pipeline/artifacts/q1/preprocess/segments/781268_0046.wav,तो वो इस खाना खिलाने से भी बॉसेज मतलब खुश हो जाते हैं कलीग्स भी खुश हो जाते हैं तो मेरे ख्याल से
781268,95637,hi,47,475.52,479.81,4.29,/kaggle/working/Hindi-ASR-Whisper-Pipeline/artifacts/q1/preprocess/segments/781268_0047.wav,हमें उनको खाना खिलाना चाहिए और इसी से ही दोस्ती की शुरुआत होती है
781268,95637,hi,48,485.39,489.23,3.84,/kaggle/working/Hindi-ASR-Whisper-Pipeline/artifacts/q1/preprocess/segments/781268_0048.wav,हंजी पेड़ सोक्खि जातै हां
781268,95637,hi,49,491.54,493.37,1.83,/kaggle/working/Hindi-ASR-Whisper-Pipeline/artifacts/q1/preprocess/segments/781268_0049.wav,सबको पसंद है हाँ
781268,95637,hi,50,496.25,498.98,2.73,/kaggle/working/Hindi-ASR-Whisper-Pipeline/artifacts/q1/preprocess/segments/781268_0050.wav,अह हा
781268,95637,hi,51,503.3,509.36,6.06,/kaggle/working/Hindi-ASR-Whisper-Pipeline/artifacts/q1/preprocess/segments/781268_0051.wav,हुँ हुँ कर हां
781268,95637,hi,52,513.2,520.88,7.68,/kaggle/working/Hindi-ASR-Whisper-Pipeline/artifacts/q1/preprocess/segments/781268_0052.wav,हम्मम ह्म्म हम्म
781268,95637,hi,53,524.15,527.15,3.0,/kaggle/working/Hindi-ASR-Whisper-Pipeline/artifacts/q1/preprocess/segments/781268_0053.wav,हूं
781268,95637,hi,54,530.48,544.88,14.4,/kaggle/working/Hindi-ASR-Whisper-Pipeline/artifacts/q1/preprocess/segments/781268_0054.wav,हुं उ मैं भी जॉब करी थी अभी कुछ दो साल पहले गुड़गाव में जॉब करी थी तो मैंने भी यह चीज़ देखी कि मतलब बॉसेज को या कलीग्स को खाना
781268,95637,hi,55,544.97,558.35,13.38,/kaggle/working/Hindi-ASR-Whisper-Pipeline/artifacts/q1/preprocess/segments/781268_0055.wav,खिलाके बहुत अच्छा आ मतलब जल्दी वो हो जाती है तरक्की भी हो जाती है उनके साथ मिल बाट के खाओ तो बहुत अच्छी दोस्ती भी हो जाती है और
781268,95637,hi,56,559.73,571.58,11.85,/kaggle/working/Hindi-ASR-Whisper-Pipeline/artifacts/q1/preprocess/segments/781268_0056.wav,हां मैं वहाँ रहती थी तो मैं घर का खाना नहीं खाती थी बजार का ही खाती थी तो कई लोग घर में से मेरा खाना ले आते थे
781268,95637,hi,57,571.7,584.42,12.72,/kaggle/working/Hindi-ASR-Whisper-Pipeline/artifacts/q1/preprocess/segments/781268_0057.wav,तो फिर इस तरह फिर उनसे दोस्ती की शुरुआत हुई मेरी तो बहुत ऐसे मतलब बहुत अच्छा लगा मुझे वहाँ का महौ महौल
781268,95637,hi,58,587.54,592.19,4.65,/kaggle/working/Hindi-ASR-Whisper-Pipeline/artifacts/q1/preprocess/segments/781268_0058.wav,ह्म्म ह्म्म
781268,95637,hi,59,594.89,602.27,7.38,/kaggle/working/Hindi-ASR-Whisper-Pipeline/artifacts/q1/preprocess/segments/781268_0059.wav,उ हू हां जी उ हूं
781268,95637,hi,60,605.12,606.38,1.26,/kaggle/working/Hindi-ASR-Whisper-Pipeline/artifacts/q1/preprocess/segments/781268_0060.wav,हाँ ये तो है
781268,95637,hi,61,608.87,621.86,12.99,/kaggle/working/Hindi-ASR-Whisper-Pipeline/artifacts/q1/preprocess/segments/781268_0061.wav,हो गया बस और तो कुछ नहीं है ख़त्म करें ये बोटा मोग की रिए आप से बात करूं मुझे भी मुझे भी
783966,237998,hi,0,2.48,8.72,6.24,/kaggle/working/Hindi-ASR-Whisper-Pipeline/artifacts/q1/preprocess/segments/783966_0000.wav,तो ऐसा कुछ इसके बारे में आपको बताएं हाँ बताइए बताइए
783966,237998,hi,2,27.35,28.85,1.5,/kaggle/working/Hindi-ASR-Whisper-Pipeline/artifacts/q1/preprocess/segments/783966_0002.wav,जी जी हूँ
783966,237998,hi,3,34.19,37.49,3.3,/kaggle/working/Hindi-ASR-Whisper-Pipeline/artifacts/q1/preprocess/segments/783966_0003.wav,जी जी सही बात है
783966,237998,hi,4,53.42,66.74,13.32,/kaggle/working/Hindi-ASR-Whisper-Pipeline/artifacts/q1/preprocess/segments/783966_0004.wav,नहीं नहीं मैं हस नही हस नही रहा हु मैं तो एक्चुअली हस नहीं रहा था ह ह एक्चुअली हस नहीं रहा था ये हुआ था कि वो थोड़ा यहां पे वो कुछ पल हुआ था इधर पास में इसलिए थोड़ा बाकी कुछ नहीं
783966,237998,hi,5,69.68,73.43,3.75,/kaggle/working/Hindi-ASR-Whisper-Pipeline/artifacts/q1/preprocess/segments/783966_0005.wav,हाँ नहीं नहीं नहीं बोलिए बोलिए आप बोलिए
783966,237998,hi,6,101.93,112.97,11.04,/kaggle/working/Hindi-ASR-Whisper-Pipeline/artifacts/q1/preprocess/segments/783966_0006.wav,जी जी बिल्कुल बिल्कुल होती है ना बिल्कुल होती है वो कोई गलत बात नहीं इमानदारी तो एक्चुली होनी ही चाहिए जिसे की यही बात है ना जिसे अपन कोई अ मेरा से किछ हुआ था ऐसी घटना हुई थी जैसे की
783966,237998,hi,7,113.15,126.44,13.29,/kaggle/working/Hindi-ASR-Whisper-Pipeline/artifacts/q1/preprocess/segments/783966_0007.wav,होती रहती है घटनाएं होती रहती की कई अपन जाते से पेट्रोल बलवा भरवाते हैं तो पेट्रोल भरवाते समय होता है की अपन वहा पेट्रोल भरवा लिया ओर उसके बाद क्या होता हैं की अपन वहां से निक मतलब अपने को भी भूल जा अपन वो जो होता है ना वहां वाला
783966,237998,hi,8,126.53,140.42,13.89,/kaggle/working/Hindi-ASR-Whisper-Pipeline/artifacts/q1/preprocess/segments/783966_0008.wav,वो भूल जाता है कि लेना भूल जाता है वहां वाला लेना भूल जाता है और अपन फिर क्या अपन ने अपनी उस हां भीड़ रहती है न तो अपन सोचते हैं की अपने वो भुल गया है चलो निकल जाते हैं लेकिन वही पल अगर वापस याद आ जाए की हां यार नही यार
783966,237998,hi,9,140.45,151.22,10.77,/kaggle/working/Hindi-ASR-Whisper-Pipeline/artifacts/q1/preprocess/segments/783966_0009.wav,हमने गलत किया उसके साथ कि उसको वापिस देना चाहिए तो यही ईमानदारी है कि अपन सोच ले और वापिस दे देना तो सबसे वेस्ट यही है जिसे मेरा एक दोस्त के साथ हुआ है इसलिए मेरे को थोड़ा याद है कि
783966,237998,hi,10,151.22,165.29,14.07,/kaggle/working/Hindi-ASR-Whisper-Pipeline/artifacts/q1/preprocess/segments/783966_0010.wav,ये चीज हुई थी उसने फिर मेरेको आ के बताया यार माई तो वाहा देना भूल गया वो खुद भूल गया लेना भी भूल गया था सच में फिर उसको मैंने कहा कि देख यार उसके भी पगार से कट जाएंगे कियू की वाहा से वो लिखता है ना जैसे पेट्रोलजाता है तो
783966,237998,hi,11,165.95,175.52,9.57,/kaggle/working/Hindi-ASR-Whisper-Pipeline/artifacts/q1/preprocess/segments/783966_0011.wav,उसने डिस्ट्रीब्यूट किया तो उसके पगार से ही कटेंगे ओबिएस्ली तो उसको क्योंकि उसकी तो बहुत पगार कम ही होती है जो अह क्या कहते हैं पेमेंट बहुत कम ही होता है अगर उसका कट रहा है तो अ
783966,237998,hi,12,175.88,185.93,10.05,/kaggle/working/Hindi-ASR-Whisper-Pipeline/artifacts/q1/preprocess/segments/783966_0012.wav,अच्छा नहीं लगता हैं तो फिर हम मैं हम वापिस गए वहां पे पेट्रोल पंप और उसको वापिस दिलवाया हैं तो यही होना हैं कि इमानदारी तो होना जरूरी है क्योंकि अगर नहीं रहे तो
783966,237998,hi,13,186.26,194.72,8.46,/kaggle/working/Hindi-ASR-Whisper-Pipeline/artifacts/q1/preprocess/segments/783966_0013.wav,काफी बहुत लोगों को ट्रस्ट भी नहीं रहता फिर अगर इमानदार नहीं तो कहीं जैसे अपने सामान ले आए तो उधार पर भी ले आते हैं और बहुत सारी चीज़े होती है ना तो
783966,237998,hi,14,200.48,203.51,3.03,/kaggle/working/Hindi-ASR-Whisper-Pipeline/artifacts/q1/preprocess/segments/783966_0014.wav,जी जी जी
783966,237998,hi,15,207.56,209.21,1.65,/kaggle/working/Hindi-ASR-Whisper-Pipeline/artifacts/q1/preprocess/segments/783966_0015.wav,जी जी
783966,237998,hi,16,213.8,219.62,5.82,/kaggle/working/Hindi-ASR-Whisper-Pipeline/artifacts/q1/preprocess/segments/783966_0016.wav,बिल्कुल आपकी आवाज कट रई
783966,237998,hi,17,222.83,225.95,3.12,/kaggle/working/Hindi-ASR-Whisper-Pipeline/artifacts/q1/preprocess/segments/783966_0017.wav,जी जी हां बोलिए बोलिए हां अब आ रही है
783966,237998,hi,18,253.7,258.23,4.53,/kaggle/working/Hindi-ASR-Whisper-Pipeline/artifacts/q1/preprocess/segments/783966_0018.wav,जी जी जी जी हु हु हु
783966,237998,hi,19,276.86,277.88,1.02,/kaggle/working/Hindi-ASR-Whisper-Pipeline/artifacts/q1/preprocess/segments/783966_0019.wav,जी जी जी बिल्कुल
783966,237998,hi,20,284.45,298.43,13.98,/kaggle/working/Hindi-ASR-Whisper-Pipeline/artifacts/q1/preprocess/segments/783966_0020.wav,हां ये हां बिल्कुल बिल्कुल बिल्कुल यही होता है ना जैसे अपन कि कुछ चीजें रह ही जाती तो फिर वह मन को अपने तो सच लो ठीक है सबको बहलाना अच्छी बात है लेकिन मन को कौन बहलाएगा
783966,237998,hi,21,298.73,309.5,10.77,/kaggle/working/Hindi-ASR-Whisper-Pipeline/artifacts/q1/preprocess/segments/783966_0021.wav,मन तो यही कहेगा न कि यार गलत किया यार और फिर वो वही थॉट्स बार- बार रहेगी माइंड में तो कब उससे बढ़िया यही है न कि वो दे के छुटकारा पालो कम से कम तो
783966,237998,hi,22,309.65,315.59,5.94,/kaggle/working/Hindi-ASR-Whisper-Pipeline/artifacts/q1/preprocess/segments/783966_0022.wav,बेस्ट तो ये ही है न थोड़ा ईमानदार रहे लो तो सही है अच्छा आप जैसे आप कह रहे हो ना तो आपकी बातें सही है काफी सही है
783966,237998,hi,23,318.05,322.19,4.14,/kaggle/working/Hindi-ASR-Whisper-Pipeline/artifacts/q1/preprocess/segments/783966_0023.wav,उसके अलावा जी बोलिए
783966,237998,hi,24,324.77,328.97,4.2,/kaggle/working/Hindi-ASR-Whisper-Pipeline/artifacts/q1/preprocess/segments/783966_0024.wav,नेक्स्ट पॉइंट है किसी जी
783966,237998,hi,25,332.99,335.81,2.82,/kaggle/working/Hindi-ASR-Whisper-Pipeline/artifacts/q1/preprocess/segments/783966_0025.wav,किसी ऐसी हाँ आप बोलिये बोलिये
783966,237998,hi,26,346.22,347.39,1.17,/kaggle/working/Hindi-ASR-Whisper-Pipeline/artifacts/q1/preprocess/segments/783966_0026.wav,आपकी आवाज कट रही है
783966,237998,hi,27,352.43,367.04,14.61,/kaggle/working/Hindi-ASR-Whisper-Pipeline/artifacts/q1/preprocess/segments/783966_0027.wav,निर्दोष झूठ का अ निर्दोष वर्णन कीजिए जो आपने कहा और उसके दूर गमी प्रभाव क्या रहे निर्दोष झूठ क्या रहो सकता है अ
783966,237998,hi,28,367.22,371.99,4.77,/kaggle/working/Hindi-ASR-Whisper-Pipeline/artifacts/q1/preprocess/segments/783966_0028.wav,जैसे कि हां निर्दोष जूठ का एक एक थोडा यू कह सकते कि जैसे
783966,237998,hi,29,376.07,378.92,2.85,/kaggle/working/Hindi-ASR-Whisper-Pipeline/artifacts/q1/preprocess/segments/783966_0029.wav,हां जी जी बताइये बताइये
783966,237998,hi,33,415.79,428.48,12.69,/kaggle/working/Hindi-ASR-Whisper-Pipeline/artifacts/q1/preprocess/segments/783966_0033.wav,बिल्कुल बिल्कुल बिल्कुल हां सही बात है कि ये एक्चुअली निर्दोष निर्दोष जो तो फिर सेहन ही नहीं होता है ना अगर अपने ने कुछ चीज की नही हो ना और वो अपने पे आरोप लगा है तो फिर वो तो बिल्कुल गलत है तो
783966,237998,hi,34,428.63,440.15,11.52,/kaggle/working/Hindi-ASR-Whisper-Pipeline/artifacts/q1/preprocess/segments/783966_0034.wav,उसके फिर दूरगामी प्रभाव तो यही रहेंगे कि वो फिर अगर ऐसा ऐसा कह दिया तो अपने को मन और मस्तिष्क फिर वो बहोत ही बोझ पड़ जाता है और कहीं पे भी जाते हैं फिर वो फिर वो सहन नहीं होता है कि यार
783966,237998,hi,35,440.3,451.34,11.04,/kaggle/working/Hindi-ASR-Whisper-Pipeline/artifacts/q1/preprocess/segments/783966_0035.wav,ऐसे तो मैंने कुछ किया ही नहीं तो मेरे पर एक गलत इल्जाम कैसे लगा दिया कि यार मैंने कुछ चोरी की नहीं है वो कुछ भी नहीं किया तो मेरे पे ऐसे कलंक लग गया ह्म्म
783966,237998,hi,36,451.79,464.3,12.51,/kaggle/working/Hindi-ASR-Whisper-Pipeline/artifacts/q1/preprocess/segments/783966_0036.wav,तो उसका दूरगामी प्रभाव तो यह रहता है मेरा ऐसा मानना है दूरगामी प्रभाव विश्वास टूट जाता है और अगर अपन कहीं जाते हैं न तो रास्ते से जाते हैं तो अपन एकदम शर्मिंदगी का फल मतलब महसूस करते हैं कि
783966,237998,hi,37,464.63,478.31,13.68,/kaggle/working/Hindi-ASR-Whisper-Pipeline/artifacts/q1/preprocess/segments/783966_0037.wav,हां मतलब एकदम से मुंह नीचा करके जा रहे हैं और एकदम यूं मतलब अपने को एक कंफर्ट जोन नहीं आता है फीलिंग मतलब कॉन्फिडेंस वाली नहीं आती कहीं पर भी जाते हैं तो कि क्योंकि पता भी चली जाता है लगभग कि हां इस व्यक्ति ने ऐसा किया होगा ऐसा
783966,237998,hi,38,478.34,481.94,3.6,/kaggle/working/Hindi-ASR-Whisper-Pipeline/artifacts/q1/preprocess/segments/783966_0038.wav,तो ये पता भी चल जाता है तो उसके दूरगामी प्रभाव तो बहुत ही खतरनाक होते हैं.
783966,237998,hi,39,492.89,494.66,1.77,/kaggle/working/Hindi-ASR-Whisper-Pipeline/artifacts/q1/preprocess/segments/783966_0039.wav,बिल्कुल बिल्कुल सही बात है आपकी
783966,237998,hi,40,497.0,507.26,10.26,/kaggle/working/Hindi-ASR-Whisper-Pipeline/artifacts/q1/preprocess/segments/783966_0040.wav,ह्म्म उसके अलावा पॉइंट है अगला कब अगर कभी आपको लगता है कि सच्चाई को थोड़ा मोड़ना एक अधिक दयालू विकल्प होता है
783966,237998,hi,41,509.57,524.51,14.94,/kaggle/working/Hindi-ASR-Whisper-Pipeline/artifacts/q1/preprocess/segments/783966_0041.wav,कब अगर कपिल आपको लगता है सच हां बिल्कुल अगर सच्चाई को अगर किसी चीज से मोड़ ले और अगर सही हो चीजे तो कोई प्रॉब्लम जैसे की ऐसे नहीं ईमानदारी में नहीं कह रहे लेकिन कुछ बात कह रहे है जैसे घर की कोई बात हो है ना और
783966,237998,hi,42,524.9,536.75,11.85,/kaggle/working/Hindi-ASR-Whisper-Pipeline/artifacts/q1/preprocess/segments/783966_0042.wav,कि अगर अपन घर से थोड़ा लेट आ रहे हैं और घरवाले पूछ रहे हैं कि कहा थे और अपन यू कह दे ना कि ठीक है दोस्त के साथ ही थे यही थे यू ऐसा नहीं कि भाई कि कुछ की ऐसा मतलब
783966,237998,hi,43,537.47,545.36,7.89,/kaggle/working/Hindi-ASR-Whisper-Pipeline/artifacts/q1/preprocess/segments/783966_0043.wav,हां तो घरवालों को यु लगे कि इतना ही तो मतलब उनको यह सच थोट नहीं देनी कम से कम उनको ऐसा नहीं सोचने देना है कि यार कुछ
783966,237998,hi,46,581.93,596.03,14.1,/kaggle/working/Hindi-ASR-Whisper-Pipeline/artifacts/q1/preprocess/segments/783966_0046.wav,हां बिल्कुल बिल्कुल झूठ तो वैसे नहीं पसंद होता है किसी को भी सही बात है लेक हां आप जैसे कुछ बताना चाहेंगे इसके बारे में तो मेरे को पता चलेगा वैसे मेरे को थोड़ा आइडिया नहीं लग रहा है
783966,237998,hi,47,604.7,618.83,14.13,/kaggle/working/Hindi-ASR-Whisper-Pipeline/artifacts/q1/preprocess/segments/783966_0047.wav,अच्छा अच्छा फिर फिर फिर तो नेक्स्ट पॉइंट ले लो हां हां नेक्स्ट पॉइंट ले लो ऐसा कोई अनुभव साझा कीजिए जब आप आपकी साफ साफसाफ ईमानदारी ने अप्रत्यक्ष परिणाम ला लिए
783966,237998,hi,48,619.46,632.69,13.23,/kaggle/working/Hindi-ASR-Whisper-Pipeline/artifacts/q1/preprocess/segments/783966_0048.wav,लव ऐसा कोई अनुभव सजाएंक दीजिए आपकी साफ साफ ईमानदारी ने अप्रत्याकशित परिणाम ला लिए मतलब प्रत्याकशित तो होते हैं जो प्रत्यक्ष होते हैं ना और अप्रत्यक्ष जो प्रत्यक्ष प्रणाम परिणाम नहीं मिले हो
783966,237998,hi,49,632.81,643.01,10.2,/kaggle/working/Hindi-ASR-Whisper-Pipeline/artifacts/q1/preprocess/segments/783966_0049.wav,तो बहुत बार ऐसा होता है कि जब अपन ईमानदारी से कुछ काम करते हैं लेकिन अपने को पर जी हां बताइए बताइए आप बताइए थोड़ा आपको शायद मेरेको लग रहा है वी
783966,237998,hi,50,648.62,650.93,2.31,/kaggle/working/Hindi-ASR-Whisper-Pipeline/artifacts/q1/preprocess/segments/783966_0050.wav,हे हे अच्छा अच्छा
783966,237998,hi,51,674.84,683.51,8.67,/kaggle/working/Hindi-ASR-Whisper-Pipeline/artifacts/q1/preprocess/segments/783966_0051.wav,हा मैं समझ रहा हूं आपकी भावनों को समझ रहा हूं कि जैसे कि मान लो कि कोई यही ना कि अ
783966,237998,hi,52,685.67,697.49,11.82,/kaggle/working/Hindi-ASR-Whisper-Pipeline/artifacts/q1/preprocess/segments/783966_0052.wav,बिल्कुल बिल्कुल समझ रहा हूं कि यहा आ के कोई व्यक्ति ऐसा हो जो जिसे मैं बोलना बोल लो तो कोई प्रोबलम है ना कोई प्रोबलम तो नहीं है ना इसमें ठीक है ठीक है ठीक
783966,237998,hi,53,699.77,712.94,13.17,/kaggle/working/Hindi-ASR-Whisper-Pipeline/artifacts/q1/preprocess/segments/783966_0053.wav,हां तो जिसे जिसे आपने का उसपे बोलता हूं क्योंकि मेरे को कुछ चीजें मुझे याद नहीं आ रही है वह जैसे आपने कहा कोई जैसे व्यक्ति अपन ईमानदारी से उससे बातें कर रहे हैं ना वहीं ना तो अपन उससे बातें कर रहे हैं है ना वही ना तो अपन उससे बातें कर रहे हैं लेकिन वही व्यक्ति कहीं और लगा हुआ है
783966,237998,hi,54,713.66,727.13,13.47,/kaggle/working/Hindi-ASR-Whisper-Pipeline/artifacts/q1/preprocess/segments/783966_0054.wav,कहीं किसी और से बातें कर रहा हैं तो हाँ तो वो काफी चीजें हर्ट करती और अपन ईमानदारी से काम कर रहें अपन ईमानदारी से बाते कर रहे हैं सब कुछ कर रहे है लेकिन वही व्यक्ति कहीं और संपर्क जुड़ा मतलब जुड़ाया हुआ है
783966,237998,hi,55,727.16,738.98,11.82,/kaggle/working/Hindi-ASR-Whisper-Pipeline/artifacts/q1/preprocess/segments/783966_0055.wav,तो वो चीजें काफी हट करते हैं सही बात है और उसके अलावा यह हो गया ना कि अपने तो अपन तो अपनी चीज में इमानदारी है लगभग लेकिन अपन जैसे उसकी उसको पूछते हैं कि भाई .
783966,237998,hi,56,739.25,753.23,13.98,/kaggle/working/Hindi-ASR-Whisper-Pipeline/artifacts/q1/preprocess/segments/783966_0056.wav,हाँ उससे पूछते हैं कि भई तू कहां मतलब अंह जैसे हम बात बात फोन लगाएं तो बिजी आता है तो पूछ लेते कहां फोन लग हा तो वो फिर झूठ बोलता है कि नई नई में तो बस ये क्या कहते टास्क को क्या बोल रहे
783966,237998,hi,57,754.31,765.8,11.49,/kaggle/working/Hindi-ASR-Whisper-Pipeline/artifacts/q1/preprocess/segments/783966_0057.wav,जी हाल जाओ यहां लगा हूं तो वो तो फिर अपने को पता भी चल जाता है कि यार तो नॉर्मल है ना इंसान को कि नॉर्मल चीजें तो पता रहती है कि यार यह जूट बोल रहा हूं
783966,237998,hi,58,765.95,771.59,5.64,/kaggle/working/Hindi-ASR-Whisper-Pipeline/artifacts/q1/preprocess/segments/783966_0058.wav,तो वही हैं ना कि अगर अपने को वो चीजें पता चलती तो वो फिर हर्ट करता और अप्रत्याक्षित तो बहुती ही
783966,237998,hi,59,773.81,786.17,12.36,/kaggle/working/Hindi-ASR-Whisper-Pipeline/artifacts/q1/preprocess/segments/783966_0059.wav,REDACTED
783966,237998,hi,60,786.17,789.95,3.78,/kaggle/working/Hindi-ASR-Whisper-Pipeline/artifacts/q1/preprocess/segments/783966_0060.wav,लंबे समय में भरोसे को कैसे प्रभावित करते हैं
783966,237998,hi,61,793.04,796.76,3.72,/kaggle/working/Hindi-ASR-Whisper-Pipeline/artifacts/q1/preprocess/segments/783966_0061.wav,हां बिल्कुल बिल्कुल जैसे अपन बिल्कुल यही होता है ना जैसे
783966,237998,hi,62,799.22,802.73,3.51,/kaggle/working/Hindi-ASR-Whisper-Pipeline/artifacts/q1/preprocess/segments/783966_0062.wav,मै कुछ और बोलता हूँ ऐसा नही है कि इस टॉपिक पे बोलता हूं थोड़ा लम्बा करतें हैं कोई दिक्कत नहीं
783966,237998,hi,63,805.58,812.75,7.17,/kaggle/working/Hindi-ASR-Whisper-Pipeline/artifacts/q1/preprocess/segments/783966_0063.wav,अच्छा अच्छा ठीक है ठीक है ठीक ओके ओके रखते हैं चलो ठीक
798121,250439,hi,0,1.04,15.11,14.07,/kaggle/working/Hindi-ASR-Whisper-Pipeline/artifacts/q1/preprocess/segments/798121_0000.wav,हां सर होता है क्योंकि कभी कभी हां नहीं नहीं हुआ है सर ऐसा तो होता है कि हमें ऐसा लगता है कि ईमानदारी जो है हमारी बहुत जरूरी है लेकिन हम उस पर खरें नहीं उतर पाते हैं
798121,250439,hi,1,15.11,29.75,14.64,/kaggle/working/Hindi-ASR-Whisper-Pipeline/artifacts/q1/preprocess/segments/798121_0001.wav,कभी कभी क्योंकि कभी जैसे कुछ गलत हो जाता है तो हम उसको बता भी नहीं पाते कि हमसे गलती हो गई है करके तो उसपे खरा उतरना थोड़ा मुश्किल भी होता है और मुझे ऐसा लगता
798121,250439,hi,2,29.78,44.39,14.61,/kaggle/working/Hindi-ASR-Whisper-Pipeline/artifacts/q1/preprocess/segments/798121_0002.wav,पहले कि ईमानदारी तो बहुत अच्छी चीज़ है और मैं तो होनेस्टली बताऊं मैं त मैं तो बहुत ईमानदार हूं मतलब कि मेरे साथ ऐसा होता है कि अगर मुझे कोई अपनी हंसिए मत देखिए
798121,250439,hi,3,44.39,56.12,11.73,/kaggle/working/Hindi-ASR-Whisper-Pipeline/artifacts/q1/preprocess/segments/798121_0003.wav,कभी क्या होता है अभी कोई मुझे अपनी प्राइवेसी वाली बाते बता देता है तो वो मेरे पास पूरे रहता है कि हां लोग मेरे पे बहुत ट्रस्ट करते है की नहीं ये तो नहीं बताएगी कही या या मुझे किसी ने मेरे अकाउंट में बात
798121,250439,hi,5,66.29,69.71,3.42,/kaggle/working/Hindi-ASR-Whisper-Pipeline/artifacts/q1/preprocess/segments/798121_0005.wav,अच्छ अच्छ अच्छा मुझे ऐसा लगा कि मैंने ऐसे बोली तो
798121,250439,hi,6,73.25,86.3,13.05,/kaggle/working/Hindi-ASR-Whisper-Pipeline/artifacts/q1/preprocess/segments/798121_0006.wav,हां तो अब जैसे क्या होता जैसे मेरे मेरे पास कभी कभी क्या होता है कि जैसे कभी गलती से उम्म मेरे अकाउंट में जैसे गलती से नहीं मतलब अपने घर वाले हो गया कोई फ्रेंड्स हो गया पैसे डाल देते हैं अकाउंट में उम्म
798121,250439,hi,7,86.33,101.21,14.88,/kaggle/working/Hindi-ASR-Whisper-Pipeline/artifacts/q1/preprocess/segments/798121_0007.wav,वो बोलते हैं कि तुम रख लो ये कर लो तो मुझे लेना भी अच्छा नहीं लगता किसी से पैसे भी अगर कभी किसी के पैसे भी रहे है ना किसी के पांच रूपये भी रहे ना तो में उसे रिटर्न कर देती हु मतलब ईमानदारी तो कूट कूट कर भरी है मेरे अंदर मुझे ऐसा लगता है आप बताइए आप
798121,250439,hi,8,124.31,132.29,7.98,/kaggle/working/Hindi-ASR-Whisper-Pipeline/artifacts/q1/preprocess/segments/798121_0008.wav,हां हां भीड़ भी रहती है कभी हां भीड़ रहती है
798121,250439,hi,9,135.59,136.64,1.05,/kaggle/working/Hindi-ASR-Whisper-Pipeline/artifacts/q1/preprocess/segments/798121_0009.wav,हां हां
798121,250439,hi,12,171.98,174.23,2.25,/kaggle/working/Hindi-ASR-Whisper-Pipeline/artifacts/q1/preprocess/segments/798121_0012.wav,हां हां हां
798121,250439,hi,13,192.08,206.81,14.73,/kaggle/working/Hindi-ASR-Whisper-Pipeline/artifacts/q1/preprocess/segments/798121_0013.wav,हां हां तो वो ट्रस्ट पर ही चलता है यह सब तो मैं में भी बताती हू मेरे साथ एक इंसिडेंट हुआ था कि अभी कुछ दिनों पहले हम लोग गए थे मेरी और मेरी हम लोग तीन फ्रेंड लोग गए थे एक शॉप में शॉपिंग करने
798121,250439,hi,14,206.93,221.45,14.52,/kaggle/working/Hindi-ASR-Whisper-Pipeline/artifacts/q1/preprocess/segments/798121_0014.wav,लड़कियों के स्टोर होते हैं वहा पर ज्वैलरी का सामान होता है मेकअप का सामान होता है तो अब क्या हुआ था मुझे मेरे मतलब मेरे पास सब कुछ रख हुआ था तो मुझे कुछ नहीं लेना था मेरे पास सारी चीज़े थी हेलो हेलो
798121,250439,hi,15,223.07,237.62,14.55,/kaggle/working/Hindi-ASR-Whisper-Pipeline/artifacts/q1/preprocess/segments/798121_0015.wav,हेलो आ रही है सर हा तो मेरे पास सब कुछ रखा हुआ था मै सिर्फ उन लोगो की साथ घूमने चले गई थी तो अब क्या हुआ है हम रिंग पहनने का ट्राई कर रहे थे रिंग ले रहे थे हा तो मेरी फ्रेंड ने बोली कि तू भी रिंग ले ले तो मैंने रिंग ली और मैने अपनी फिंगर मे
798121,250439,hi,16,237.62,251.0,13.38,/kaggle/working/Hindi-ASR-Whisper-Pipeline/artifacts/q1/preprocess/segments/798121_0016.wav,पहन ली अब क्या हुआ फिंगर में पहन ली ना तो में मतलब पहन ली और जो दुकान वाले भैया थे उनको भी याद नहीं रहा कि इनसे पैसे लेना है वो शायद ना टू ट्वेंटी की थी या एसे कुछ या टु फिफ्टी की थी टू फिफ्टी की थी
798121,250439,hi,17,251.54,264.65,13.11,/kaggle/working/Hindi-ASR-Whisper-Pipeline/artifacts/q1/preprocess/segments/798121_0017.wav,तो अब मैने रिंग ले ली तो अब वो भूल ही गए वो भईया ने पूरा सब मेरी फ्रेंड लोग का सामान पैक कर दिए सब कर दिए हम लोग बाहर निकल गए फिर मेरे मुझे याद था फिर मेरे याद आया कि मतलब
798121,250439,hi,18,264.68,276.89,12.21,/kaggle/working/Hindi-ASR-Whisper-Pipeline/artifacts/q1/preprocess/segments/798121_0018.wav,मेरे हाथ में रिंग है वो टू फिफ्टी की थी तो मेरी फ्रेंड बोलती नी नी नी बोले रहने दे बोले अब तो भैया ने ही सब कर दिए बोले अपने को कौन पहचान रहा है ऐसा वैसा करके फिर मैंने बोली नई नई दे देती फिर मेरी फ्रेंड बोलती मत दे
798121,250439,hi,19,276.89,285.26,8.37,/kaggle/working/Hindi-ASR-Whisper-Pipeline/artifacts/q1/preprocess/segments/798121_0019.wav,फिर मेरा मनी नहीं माना मैंने उनको ले जाके अपने टू फिफ्टी रुपीज दे दी मतलब भाई अभी सोच रहते की और कोई रहता तो नहीं लाके देता
798121,250439,hi,22,300.77,304.85,4.08,/kaggle/working/Hindi-ASR-Whisper-Pipeline/artifacts/q1/preprocess/segments/798121_0022.wav,हां हां हां
798121,250439,hi,24,314.66,317.51,2.85,/kaggle/working/Hindi-ASR-Whisper-Pipeline/artifacts/q1/preprocess/segments/798121_0024.wav,जी जी हमारा नेक्स्ट पॉइंट क्या है फिर
798121,250439,hi,25,319.52,328.4,8.88,/kaggle/working/Hindi-ASR-Whisper-Pipeline/artifacts/q1/preprocess/segments/798121_0025.wav,नेक्स्ट पॉइंट है कि जी बोलिए यह मेरा नेक्स्ट प्वाइंट है जी बोलिए
798121,250439,hi,26,330.89,332.33,1.44,/kaggle/working/Hindi-ASR-Whisper-Pipeline/artifacts/q1/preprocess/segments/798121_0026.wav,मैं बोलो सर
798121,250439,hi,27,334.94,349.91,14.97,/kaggle/working/Hindi-ASR-Whisper-Pipeline/artifacts/q1/preprocess/segments/798121_0027.wav,किसी ऐसी कथित निर्दोष झूठ का वर्णन कीजिये जो आपने कहा और उसमें उसके दूर्गामी प्रभाव क्या रहे निर्दोष झूठ निर्दोष झूठ बताना है कोई
798121,250439,hi,28,350.18,352.04,1.86,/kaggle/working/Hindi-ASR-Whisper-Pipeline/artifacts/q1/preprocess/segments/798121_0028.wav,हैलो सर
798121,250439,hi,29,363.56,369.44,5.88,/kaggle/working/Hindi-ASR-Whisper-Pipeline/artifacts/q1/preprocess/segments/798121_0029.wav,निर्दोस झूट मतलब कि जिसमें आपका दोस नहीं है मैं बता रही हूँ ना जैसे
798121,250439,hi,30,372.74,385.79,13.05,/kaggle/working/Hindi-ASR-Whisper-Pipeline/artifacts/q1/preprocess/segments/798121_0030.wav,जैसे जिसमें अपना दोस नहीं है और हमको जबरदस्ती दोसी ठहरा है जारे नी नी आपने किया है उसको हम निर्दोस छूट बोलेंगे जैसे कभी कभी होता है जैसे कि हमने कोई चीज नहीं की होती है जैसे मान लो कहीं हम गए
798121,250439,hi,31,386.12,397.37,11.25,/kaggle/working/Hindi-ASR-Whisper-Pipeline/artifacts/q1/preprocess/segments/798121_0031.wav,किसी के घर हम महमान गए ठीक है वहाँ पर मान लो हजार रुपे रखे ठीक है अब हजार रुपे है वहाँ पर बहुत सारी लोग थे अब वहाँ आपको बोल दी कि नहीं नहीं ये पैसे आप ने उठाए ठीक
798121,250439,hi,32,397.4,411.83,14.43,/kaggle/working/Hindi-ASR-Whisper-Pipeline/artifacts/q1/preprocess/segments/798121_0032.wav,और सारे लोग ब्लेम करने लगे की नहीं ये पैसे आप ने ही लिये आप ने ही लिये आप ने ही लिए और हम बोले रहें नहीं नी नहीं हम ने नहीं लिये हमने चोरी नहीं किये चोरी नहीं किये तो वो जो मुमेंट होता है वो बहुत बेकार होता है उसको ही हम बोलेगे की हम निर्दोष है फिर भी हम पर झूठ का आरोप लगा दिया गया
798121,250439,hi,35,431.66,438.59,6.93,/kaggle/working/Hindi-ASR-Whisper-Pipeline/artifacts/q1/preprocess/segments/798121_0035.wav,REDACTED
798121,250439,hi,36,442.19,446.66,4.47,/kaggle/working/Hindi-ASR-Whisper-Pipeline/artifacts/q1/preprocess/segments/798121_0036.wav,अब कहीं ना कहीं ना वो
798121,250439,hi,37,449.0,451.91,2.91,/kaggle/working/Hindi-ASR-Whisper-Pipeline/artifacts/q1/preprocess/segments/798121_0037.wav,और कहीं न कहीं लोगों से विश्वास भी उठ जाता है
798121,250439,hi,39,463.25,467.36,4.11,/kaggle/working/Hindi-ASR-Whisper-Pipeline/artifacts/q1/preprocess/segments/798121_0039.wav,च हाँ
798121,250439,hi,40,472.01,473.93,1.92,/kaggle/working/Hindi-ASR-Whisper-Pipeline/artifacts/q1/preprocess/segments/798121_0040.wav,हाँ
798121,250439,hi,41,480.68,489.35,8.67,/kaggle/working/Hindi-ASR-Whisper-Pipeline/artifacts/q1/preprocess/segments/798121_0041.wav,और हमने वो किया भी नहीं होता है फिर भी हमको वो सहना पड़ता है तो फिर और बेखार लगता है यह हमने किये नहीं है फिर भी हमको यह सब सहना पड़ रहा है
798121,250439,hi,43,505.7,507.44,1.74,/kaggle/working/Hindi-ASR-Whisper-Pipeline/artifacts/q1/preprocess/segments/798121_0043.wav,जी
798121,250439,hi,45,537.29,552.05,14.76,/kaggle/working/Hindi-ASR-Whisper-Pipeline/artifacts/q1/preprocess/segments/798121_0045.wav,जी जी मेरे अम्म हां जी मेरे साथ तो ये जो है हां जी मेरे साथ तो ऐसा कुछ ऐसा कुछ हादसा हो चुका है कुछ दिनों पहले ही कि मेरा मतलब अ
798121,250439,hi,46,552.44,566.33,13.89,/kaggle/working/Hindi-ASR-Whisper-Pipeline/artifacts/q1/preprocess/segments/798121_0046.wav,REDACTED
798121,250439,hi,47,566.75,581.75,15.0,/kaggle/working/Hindi-ASR-Whisper-Pipeline/artifacts/q1/preprocess/segments/798121_0047.wav,तो में तो थोड़ी इतनी स्टिक हु की बहुत साल का जो हमारा रिलेशन था मेम तो खत्म कर दिया एक झूठ में छोटे से झूठ में पूरा खत्म कर दाया आई ब्लॉक हिम एवरी व्हेयर तो मुझे तो पसन्द नहीं है बिल्कुल भी
798121,250439,hi,48,581.93,588.41,6.48,/kaggle/working/Hindi-ASR-Whisper-Pipeline/artifacts/q1/preprocess/segments/798121_0048.wav,बस किराया सर
798121,250439,hi,49,592.19,605.69,13.5,/kaggle/working/Hindi-ASR-Whisper-Pipeline/artifacts/q1/preprocess/segments/798121_0049.wav,बताना तो चाहेंगी वो बताने में अगर लग तो मै रो दूंगी इसलिए नेक्स्ट प्वाइंट पे आते हैं बड़ी मुश्किल से दिमाग अभी थोड़ा सही हो पा रहा है
798121,250439,hi,50,606.83,609.71,2.88,/kaggle/working/Hindi-ASR-Whisper-Pipeline/artifacts/q1/preprocess/segments/798121_0050.wav,हाँ हम्म
798121,250439,hi,51,627.62,642.08,14.46,/kaggle/working/Hindi-ASR-Whisper-Pipeline/artifacts/q1/preprocess/segments/798121_0051.wav,हम्म नी हम्म हां हां धोका खाया वाले इंसान ये धाे धोखा
798121,250439,hi,52,642.17,657.14,14.97,/kaggle/working/Hindi-ASR-Whisper-Pipeline/artifacts/q1/preprocess/segments/798121_0052.wav,धोखा खाया वाले इंसानी बहुत अच्छा से शेयर कर सकता हैं मुझे ऐसा लगता है जिस जिस इंसान को कहीं न कहीं जिस भी फील्ड में धोखा मिला हुआ ता है वो बहौत अच्छे से इस चीज को एक्स्प्लेन कर सकता है चाहे वो घर परिवार हो या कोई रिश्ता हो या कुछ भी ऐसा हो
798121,250439,hi,53,657.5,671.57,14.07,/kaggle/working/Hindi-ASR-Whisper-Pipeline/artifacts/q1/preprocess/segments/798121_0053.wav,तो होता है बहुत सारी चीज़े ऐसी होती है अगर हम हर चीज़ हर चीज के लिए ईमानदार रहते हैं सके होते हैं और जब हमारा हमको धोखा मिलता है तो बहुत ज्यादा तकलीफ होती है और वो तकलीफ इतनी होती है कि उसको फिर कोई एक्सप्लेन भी नहीं कर सकता है.
798121,250439,hi,54,672.65,686.18,13.53,/kaggle/working/Hindi-ASR-Whisper-Pipeline/artifacts/q1/preprocess/segments/798121_0054.wav,जी गलत टॉफी का आ गया यार हां
798121,250439,hi,55,690.05,704.27,14.22,/kaggle/working/Hindi-ASR-Whisper-Pipeline/artifacts/q1/preprocess/segments/798121_0055.wav,न न ना ना मुझे कोई प्रॉब्लम नहीं है अपना टॉपिक ही है वो बात करने के लिए तो हमें चर्चा करना ही पड़ेगा जी
798121,250439,hi,56,711.05,714.89,3.84,/kaggle/working/Hindi-ASR-Whisper-Pipeline/artifacts/q1/preprocess/segments/798121_0056.wav,जी हुं
798121,250439,hi,57,734.81,735.83,1.02,/kaggle/working/Hindi-ASR-Whisper-Pipeline/artifacts/q1/preprocess/segments/798121_0057.wav,जी
798121,250439,hi,58,741.74,747.17,5.43,/kaggle/working/Hindi-ASR-Whisper-Pipeline/artifacts/q1/preprocess/segments/798121_0058.wav,हां तो वो जो जी
798121,250439,hi,59,763.16,769.1,5.94,/kaggle/working/Hindi-ASR-Whisper-Pipeline/artifacts/q1/preprocess/segments/798121_0059.wav,सर प्लीज सर प्लीज सर प्लीज
798121,250439,hi,60,771.47,780.98,9.51,/kaggle/working/Hindi-ASR-Whisper-Pipeline/artifacts/q1/preprocess/segments/798121_0060.wav,सर प्लीज प्लीज सर हाहा और कोई बात कर लीजिए जी
798121,250439,hi,61,786.77,793.7,6.93,/kaggle/working/Hindi-ASR-Whisper-Pipeline/artifacts/q1/preprocess/segments/798121_0061.wav,सर सॉरी मैं यह टॉपिक यहीं पर खत्म करती हू
798121,250439,hi,62,795.83,810.71,14.88,/kaggle/working/Hindi-ASR-Whisper-Pipeline/artifacts/q1/preprocess/segments/798121_0062.wav,सर ये टॉपिक मेरे लिए है ही नही यार क्योंकि हां हां हां ठीक ठीक जी सर ठीक है नहीं सर बोल सकते है आप ऐसा
825727,291038,hi,2,11.63,14.96,3.33,/kaggle/working/Hindi-ASR-Whisper-Pipeline/artifacts/q1/preprocess/segments/825727_0002.wav,जी जी जी
825727,291038,hi,3,17.78,21.8,4.02,/kaggle/working/Hindi-ASR-Whisper-Pipeline/artifacts/q1/preprocess/segments/825727_0003.wav,जी जी जी
825727,291038,hi,4,25.88,27.44,1.56,/kaggle/working/Hindi-ASR-Whisper-Pipeline/artifacts/q1/preprocess/segments/825727_0004.wav,हां उधर हां
825727,291038,hi,6,39.83,53.78,13.95,/kaggle/working/Hindi-ASR-Whisper-Pipeline/artifacts/q1/preprocess/segments/825727_0006.wav,हा हा पहली बार था पहली बार था क्या आप लोग का जंगल में कैंपिंग जी हा वहां का जो रास्ते होते है थोड़े हा रास्ते होते है वो उबड़खाबड़ रास्ते होते है
825727,291038,hi,7,54.71,56.81,2.1,/kaggle/working/Hindi-ASR-Whisper-Pipeline/artifacts/q1/preprocess/segments/825727_0007.wav,जी जी जी
825727,291038,hi,9,67.19,74.48,7.29,/kaggle/working/Hindi-ASR-Whisper-Pipeline/artifacts/q1/preprocess/segments/825727_0009.wav,जी डर डर डर लगा
825727,291038,hi,10,78.92,90.08,11.16,/kaggle/working/Hindi-ASR-Whisper-Pipeline/artifacts/q1/preprocess/segments/825727_0010.wav,मतलब होते हैं जंगलों में जब हम किसी जंगलों में एडवेंचर करने जाते हैं जंगलों में हम जब कैंपिंग करने जाते हैं तो इसी रात की माहौल होता है उसे डर तो डर सबको लगता है
825727,291038,hi,11,101.36,104.18,2.82,/kaggle/working/Hindi-ASR-Whisper-Pipeline/artifacts/q1/preprocess/segments/825727_0011.wav,जी जी जी आह
825727,291038,hi,13,120.2,126.14,5.94,/kaggle/working/Hindi-ASR-Whisper-Pipeline/artifacts/q1/preprocess/segments/825727_0013.wav,ही बहुत जी जी हा हा
825727,291038,hi,14,129.95,131.3,1.35,/kaggle/working/Hindi-ASR-Whisper-Pipeline/artifacts/q1/preprocess/segments/825727_0014.wav,जी जी
825727,291038,hi,15,134.21,137.03,2.82,/kaggle/working/Hindi-ASR-Whisper-Pipeline/artifacts/q1/preprocess/segments/825727_0015.wav,हाँ
825727,291038,hi,17,143.15,148.1,4.95,/kaggle/working/Hindi-ASR-Whisper-Pipeline/artifacts/q1/preprocess/segments/825727_0017.wav,हा उठा के सीधे आप सोई हुए थे आप सोई हुए थे आपको सोई हुए टांक की लिया है बाहर
825727,291038,hi,18,150.11,152.39,2.28,/kaggle/working/Hindi-ASR-Whisper-Pipeline/artifacts/q1/preprocess/segments/825727_0018.wav,हा
825727,291038,hi,19,155.42,162.05,6.63,/kaggle/working/Hindi-ASR-Whisper-Pipeline/artifacts/q1/preprocess/segments/825727_0019.wav,हा अच्छा अच्छा मतलब एक मतलब अजीब साउन बहुत हाँ ये आपके लिए है न
825727,291038,hi,20,166.28,173.12,6.84,/kaggle/working/Hindi-ASR-Whisper-Pipeline/artifacts/q1/preprocess/segments/825727_0020.wav,हाहाहाआपको डर भी लग रहा होगा और अजीब ही अहम हुआ था डर भी लग रहा था
825727,291038,hi,21,176.57,191.15,14.58,/kaggle/working/Hindi-ASR-Whisper-Pipeline/artifacts/q1/preprocess/segments/825727_0021.wav,जो खतरा महसूस उनको लगा है कोई मतलब बाहरी आ गया है कुछ अ कुछ करने आ गया जी जी टी हाँ हाँ जी
825727,291038,hi,22,193.04,195.65,2.61,/kaggle/working/Hindi-ASR-Whisper-Pipeline/artifacts/q1/preprocess/segments/825727_0022.wav,हाँ
825727,291038,hi,23,199.1,214.01,14.91,/kaggle/working/Hindi-ASR-Whisper-Pipeline/artifacts/q1/preprocess/segments/825727_0023.wav,अच्छा अच्छा अह जहां तक मेरा एक्सपीरियंस रहा है कि अगर जंगलों या हिल स्टेशन पर कैंम्पिंग करने की योजना बनाये तो हमने एक बार जो नेपाल का जंगल है नेपाल में काफी कुख्यात जंगल है
825727,291038,hi,24,214.55,228.98,14.43,/kaggle/working/Hindi-ASR-Whisper-Pipeline/artifacts/q1/preprocess/segments/825727_0024.wav,बहोत बड़ी जंगल नेपाल की बोर्डर बिहा बिहार की बिहार और नेपाल को बॉर्डर है और भारत भारत और नेपाल का भी बॉर्डर है वहां पर बहुत बड़ा जंगल है बहुत घनां जंगल है लगभग मेरे को लगता है बारह किलोमीटर मे फैला हुआ है वो जंगल हाँ
825727,291038,hi,25,231.2,246.08,14.88,/kaggle/working/Hindi-ASR-Whisper-Pipeline/artifacts/q1/preprocess/segments/825727_0025.wav,जी जी जी तो मैं बता रहा हूँ न तो हम हम लोग गए थे अह्ह्ह तो वो मतलब बिहार ओर भारत के मतलब भारत ओर गुरु उसके बॉर्डर पे था तो हम लोग जब कैंपिंग करने गए थे अह्ह् कैंपिंग करने गये तो हम लोगो ने मतलब ऐसे घूमने की घूमने की अहह मतलब हम जंगल घूमने गए थे
825727,291038,hi,26,246.38,260.12,13.74,/kaggle/working/Hindi-ASR-Whisper-Pipeline/artifacts/q1/preprocess/segments/825727_0026.wav,ठीक हैं तो हम लोग ऐसे घूमने के शोक मैं तो हम लोग चार दोस्त कैंप वगैरह जो भी चीज होती हैं वह चीज लेकर निकल गए थे वह एक अजीब सा वह था की मतलब ट्रेन पकड़ वह जाकर स्टील ज्वेलर्स
825727,291038,hi,27,262.97,276.47,13.5,/kaggle/working/Hindi-ASR-Whisper-Pipeline/artifacts/q1/preprocess/segments/825727_0027.wav,जी जी जी वो तो मतलब जरूरी जरूरी चीजे मैं लेके जैसे मै था हम लोगों का पहला बार था तो उतना एक्सपीरियंस नहीं था जो हम लोग वीडियो से देख कर सीखा था वही लेकर हम लोग गए थे वही लेकर हम लोग कैंपिंग किए थे जंगल में मिजोरम में जंगल घूमने गए थे तो क्या हुआ कि मैं आपको बता रहा हूं
825727,291038,hi,28,276.47,291.35,14.88,/kaggle/working/Hindi-ASR-Whisper-Pipeline/artifacts/q1/preprocess/segments/825727_0028.wav,तो वो बहुत ही घना जंगल है वहां पे अभी भी मतलब सेर और बाग घूमते है ऐसे रातों को घूमते है वो तो क्या हुआ जब स्टेशन जहां उस जंगल का स्टेशन है वहां पर जब ट्रेन रुकी ना तो जब ही ट्रेन रुकी ना तो चारों तरफ से बंदर
825727,291038,hi,29,291.44,306.41,14.97,/kaggle/working/Hindi-ASR-Whisper-Pipeline/artifacts/q1/preprocess/segments/825727_0029.wav,ये कोई ऐसे ऐसे पक्षियों और ऐसे ऐसे पशु थे जो ट्रेन के पास आ गए थे तो हमें वहीं से डर लगना स्टार्ट हो गया था मैंने कहा हम लोगों ने मतलब वो जो रात बिताई काफी भयानक रात थी मतलब जिस जगह पे हम लोग सोए थे
825727,291038,hi,30,306.44,314.36,7.92,/kaggle/working/Hindi-ASR-Whisper-Pipeline/artifacts/q1/preprocess/segments/825727_0030.wav,जो ह जो भी हमारे जो भी हमारे चीट हम लोके गए थे लो के लेके गए थे हाँ तो वहां पे जब हम लोग सोए थे रात को तो स सा मतलब
825727,291038,hi,31,314.42,327.53,13.11,/kaggle/working/Hindi-ASR-Whisper-Pipeline/artifacts/q1/preprocess/segments/825727_0031.wav,शेर की दहाड़ने की आवाज आ रही थी लोग काफी मतलब भयानक चीज़ मुझ लग रहा था कि शेर कब आएगा कब मतलब पूरी इसकी चक्कर में पूरी रात सोन नहीं पाए तो काफी मतलब डरावना और काफी मतलब डरावना बोले और मज़ेदार दोनों
825727,291038,hi,32,327.59,342.41,14.82,/kaggle/working/Hindi-ASR-Whisper-Pipeline/artifacts/q1/preprocess/segments/825727_0032.wav,REDACTED
825727,291038,hi,33,342.47,355.79,13.32,/kaggle/working/Hindi-ASR-Whisper-Pipeline/artifacts/q1/preprocess/segments/825727_0033.wav,तंबू और खाना जैसे जरूरी चीजों को पैक करना तो जहां तक मुझे याद है तो हम लोगों ने जो वीडियो विडोज़ देखे थे उसके थ्रू हमने ओनलाइन तंबू मंगाया था तंबू लेके गए थे लोग और एक मजा एक चीज होता है ना कि अब
825727,291038,hi,34,355.88,369.77,13.89,/kaggle/working/Hindi-ASR-Whisper-Pipeline/artifacts/q1/preprocess/segments/825727_0034.wav,नहीं जाते वहां पर बना की खाने का जो मजा होता है ना वो अलग होता है तो हम लोगों ने रात को मतलब हम तो खाने वाले सामान लेके गए थे वहाँ पर बनाने के लिए जो सारी सामान सारी सभी साम्रगी में वो लेकर गए थे वहां पर हम रात के रात को मतलब उसके
825727,291038,hi,35,370.01,375.44,5.43,/kaggle/working/Hindi-ASR-Whisper-Pipeline/artifacts/q1/preprocess/segments/825727_0035.wav,लकड़ी जला के जंगलों से मतलब जैसे पहले लोग पुराने लोग करते थे न लकड़ी जला के
825727,291038,hi,37,385.52,390.32,4.8,/kaggle/working/Hindi-ASR-Whisper-Pipeline/artifacts/q1/preprocess/segments/825727_0037.wav,बिल्कुल बिल्कुल तो हम लोगों ने किया था वैसे हम लोगों ने किया था मैं बता रहा हू ठंड का मौसम था वो तो
825780,245746,hi,0,0.11,14.42,14.31,/kaggle/working/Hindi-ASR-Whisper-Pipeline/artifacts/q1/preprocess/segments/825780_0000.wav,अब काफी अच्छा होता है क्योंकि उनकी जनसंख्या बहुत कम दी जा रही है तो हमें उनको देखना था तो एक देखना था मतलब वो तो देखना था लेकिन हमारा प्रोजेक्ट भी था कि जो जन जाती पाई जाती है उधर कि उधर की एरिया में उसके बारे में देखना अब
825780,245746,hi,1,14.42,29.03,14.61,/kaggle/working/Hindi-ASR-Whisper-Pipeline/artifacts/q1/preprocess/segments/825780_0001.wav,अनुभव करके कुछ लिखना था तो वह तो बिना देखिए नहीं हो सकती थी तो हम वहां गया थे कुड़रमा घाटी तरफ पर दिवोग काफी जंगली एरिया है वह जो खांड जनजाति पाए जाती ना वहां पाए जाती है तो
825780,245746,hi,2,29.03,41.84,12.81,/kaggle/working/Hindi-ASR-Whisper-Pipeline/artifacts/q1/preprocess/segments/825780_0002.wav,जंगल का सफर होता है जब हम रहने के लिए गए थे नातो चाहते के साथ जैसे हम वहाँ पहले एंटर किये थे तो पहले तो गिर गया थे लगड़ा के उपर से नीचे
825780,245746,hi,3,42.47,50.57,8.1,/kaggle/working/Hindi-ASR-Whisper-Pipeline/artifacts/q1/preprocess/segments/825780_0003.wav,पहली बारी था क्योंकि चलना नहीं आता न वहाँ का जो लैंड एरिया होता है इधर उधर काफी इधर जाओ तो उधर लुढ़क जाओगे
825780,245746,hi,4,52.7,66.83,14.13,/kaggle/working/Hindi-ASR-Whisper-Pipeline/artifacts/q1/preprocess/segments/825780_0004.wav,हां तो फिर वहां जो दिन भर तो दिन में तो खोजने में वक्त बीत गया जब रात की बारी आई तो हमने टेंट गड़ा और रहा तो जब पता जैसी रात हुआ ना शाम मतलब छै सात में इतना
825780,245746,hi,5,66.83,80.51,13.68,/kaggle/working/Hindi-ASR-Whisper-Pipeline/artifacts/q1/preprocess/segments/825780_0005.wav,अजीब सा आवाज आने लगा बहुत अजीब सा डर तो इतना लगा था कि अगर कोई आता तो हम टैंट उखाड़ ही बाग जाते लेकिन कुछ आया नहीं ऐसा कुछ हुआ नहीं
825780,245746,hi,6,89.06,103.19,14.13,/kaggle/working/Hindi-ASR-Whisper-Pipeline/artifacts/q1/preprocess/segments/825780_0006.wav,डर लगता है लेकिन बहुत सारे थे तो पता सब अपना अपना कैम्प डाल के रह रहा था और हम अकेली थे क्योंकि हमें बहुत सारा प्रोजेक्ट लिखना था तो हम अकेली बैठे थे कि मुझे करनी भी तो है न क्योंकि वहाँ घूमने तो गए नहीं थे और तो
825780,245746,hi,7,103.19,117.29,14.1,/kaggle/working/Hindi-ASR-Whisper-Pipeline/artifacts/q1/preprocess/segments/825780_0007.wav,ऐसा ही बात था तो पता है रात को मतलब जैसे छः सात आठ किलोमीटर में नौ बजे है नौ उसके बाद लेकिन शांति लेकिन सुकुन बहुत मिला और जैसे सुबह हुआ ना जैसे घर में तो सुबह उठते हैं तो ये काम करो वो काम करो तो
825780,245746,hi,8,117.38,129.92,12.54,/kaggle/working/Hindi-ASR-Whisper-Pipeline/artifacts/q1/preprocess/segments/825780_0008.wav,लगता है कि सर सुबह हो गया लेकिन कोई उठाने वाला नहीं था पता आराम से सो रहे थे सुबह दस बज गया था और जो जन जाती हैं हमने हां सुना है कि वहां की खंड जन जाती पाए जाती है तो पता ऐसे
825780,245746,hi,9,130.25,144.83,14.58,/kaggle/working/Hindi-ASR-Whisper-Pipeline/artifacts/q1/preprocess/segments/825780_0009.wav,हम्म हम लोग की तो सुबह होती है की मम्मी उठाने आती है तो वह मम्मी नहीं उठाने के लिए वो लोग उठाने के लिए आए थे अब पता है कैसे उठाएं उठा के हम को बाहर कर दिया टेंट से बाहर उखाड़ मतलब उखाड़ कर हाँ
825780,245746,hi,10,146.18,158.21,12.03,/kaggle/working/Hindi-ASR-Whisper-Pipeline/artifacts/q1/preprocess/segments/825780_0010.wav,अराम से हां आराम से सो रहे थे हम और पता है जब उठे ना तो ऐसे उन लोग चिला रहे थे तो मेको समझ में आ नहीं रहा था कि क्या बोल रहे ऐसे हुर कुछ हुर कुछ के बदक बदक उड़न्टा साथ कुछ रहे थे
825780,245746,hi,11,160.67,173.24,12.57,/kaggle/working/Hindi-ASR-Whisper-Pipeline/artifacts/q1/preprocess/segments/825780_0011.wav,बहुत अजीब सा अनुभव था क्योंकि वो पता है उठा उठा के उनको पटक रहे थे बार बार और वो किस भाषा में बात कर रहे थे मुझे समझ में नहीं आ रही थे तो जो हमारे गार्ड अंकल थे न वो आके फिर बताए कि नहीं नहीं ये लोग
825780,245746,hi,12,173.24,176.27,3.03,/kaggle/working/Hindi-ASR-Whisper-Pipeline/artifacts/q1/preprocess/segments/825780_0012.wav,उनको लगा कि सायद उनको खतरा महसूस हो रहा था हम लोग से
825780,245746,hi,13,178.34,190.85,12.51,/kaggle/working/Hindi-ASR-Whisper-Pipeline/artifacts/q1/preprocess/segments/825780_0013.wav,हां बाहरी आ गया तो वहां के जो थे ना वो अपने भाषा में कुछ बात किए तो हमको तो कुछ समझ में नहीं आया लेकिन वो अपने भाषा में बात कर रहे थे तो फिर फिर पता है हम को छोड़ दिए फिर घर घर तो नहीं
825780,245746,hi,14,191.06,202.34,11.28,/kaggle/working/Hindi-ASR-Whisper-Pipeline/artifacts/q1/preprocess/segments/825780_0014.wav,अ रोड पे होता है न रोड का जो एरिया वो रोड पे हम लोग को छोड़ने आए और कुछ अपनी भाषा में ही बात कर रहे थे तो समझ में तो आए न लेकिन अब दुबारा हम घाटे तो नहीं जाएंगे
825780,245746,hi,16,224.42,229.73,5.31,/kaggle/working/Hindi-ASR-Whisper-Pipeline/artifacts/q1/preprocess/segments/825780_0016.wav,और फिर अमेजन का जंगन होता है ना वो उससे भी थोड़ा मतलब जुड़ा हुआ है
825780,245746,hi,19,257.66,264.08,6.42,/kaggle/working/Hindi-ASR-Whisper-Pipeline/artifacts/q1/preprocess/segments/825780_0019.wav,पता है लेकिन जब लोग घूमने जाते हैं तो लाइट वगैरा लेकर जाने चाहिए हम ने मिस्टेक किए कि हम लाइट नहीं ले गए थे
825780,245746,hi,20,308.21,310.1,1.89,/kaggle/working/Hindi-ASR-Whisper-Pipeline/artifacts/q1/preprocess/segments/825780_0020.wav,एरिया
825780,245746,hi,21,329.24,336.71,7.47,/kaggle/working/Hindi-ASR-Whisper-Pipeline/artifacts/q1/preprocess/segments/825780_0021.wav,तो जहां डर रहेगा वहा थोड़ा सा मजा आएगा वहा पर मजा आएगा वहा पर डर भी तो होनी चाहिए थोड़ा सा बढ़ना हम लोग भूल जायेगा न
825780,245746,hi,23,373.55,384.47,10.92,/kaggle/working/Hindi-ASR-Whisper-Pipeline/artifacts/q1/preprocess/segments/825780_0023.wav,आपको पता है आपको एक बात पता जब तंबू गाड़ के रहते हैं ना हम लोग टेंट वगेरा अगर कहीं भी कैम्पिंग करने जाते हैं तो आसपास की एरिया मतलब कुछ एरिया में थोड़ा पता है आग लहरा देना चाहिए
840781,350216,hi,0,0.1,13.63,13.53,/kaggle/working/Hindi-ASR-Whisper-Pipeline/artifacts/q1/preprocess/segments/840781_0000.wav,अह जिस गती के साथ भारत की अर्थव्यवस्था बढ़ रही है ऐसी बात नहीं है कि यह नीचे नहीं जाती है लेकिन जिस एक ग्रेजुएली जिस गती के साथ बढ़ रही है तो मैं दो हजार अ पैंतालीस तक भारत को एक विकसित राष्ट्र के रूप में देखता हूं आगे भविष्य में
840781,350216,hi,1,14.17,27.37,13.2,/kaggle/working/Hindi-ASR-Whisper-Pipeline/artifacts/q1/preprocess/segments/840781_0001.wav,इसके काफी सारे इसके काफी सारे पहलू हैं चाहे हम शिक्षा की बात करें जो की सबसे एहम पहलू हैं उसमें भी हमारा देश जो है काफी ज्यादा उन्नति की ओर अग्रसर है जैसे की हमारे देश में जो शैक्षणिक संस्थान हैं आप
840781,350216,hi,2,27.4,40.51,13.11,/kaggle/working/Hindi-ASR-Whisper-Pipeline/artifacts/q1/preprocess/segments/840781_0002.wav,चाहें एम्स लीजिए चाहे आई आई टी लीजिए वहां के जो ग्रेजुएट्स है वो काफी तरह की अच्छी अच्छी चीजें कर रहे हैं तो यहां तो शिक्षा की बात हो गई उसके अलावा जो हमारी सांस्कृतिक धरोहर है उसका भी हमने काफी अच्छे से ख्याल रखा हुआ है और उसको हालांकि
840781,350216,hi,3,40.54,54.46,13.92,/kaggle/working/Hindi-ASR-Whisper-Pipeline/artifacts/q1/preprocess/segments/840781_0003.wav,पिछले सत्तर सालों में इतना अच्छ मैनिज्मन्ट नहीं रहा प्रबंधन मौजूदा सरकार की तरफ से में ऐसा नहीं कहूँगा की उन्होंने बोहोत ज्यादा किया लेकिन जितना किया है ठीक है ट्वेंटी फोरटी परसेंट तक हम उम्मीद कर सकते है गोवर को हम जो है
840781,350216,hi,4,54.79,66.64,11.85,/kaggle/working/Hindi-ASR-Whisper-Pipeline/artifacts/q1/preprocess/segments/840781_0004.wav,काफी तरीके से हमारे देश की प्रगति में वो भी एक हिस्सा होगा और बाकी हमारा देश एक पुरी तरीके से युवा देश है तो ये हमारा है सबसे बड़ा एक पल्स पॉइंट जिसे मैं कहे सकता हु वो है
840781,350216,hi,5,67.21,72.01,4.8,/kaggle/working/Hindi-ASR-Whisper-Pipeline/artifacts/q1/preprocess/segments/840781_0005.wav,तो ये हमारे विजन ये हमारे विजन को ज्यादा मजबूती प्रदान करता है और कूछ आप इस विषय में बोलना चाहेंगे
840781,350216,hi,7,105.88,107.86,1.98,/kaggle/working/Hindi-ASR-Whisper-Pipeline/artifacts/q1/preprocess/segments/840781_0007.wav,तो जी
840781,350216,hi,8,111.94,124.42,12.48,/kaggle/working/Hindi-ASR-Whisper-Pipeline/artifacts/q1/preprocess/segments/840781_0008.wav,इस अ ठीक हैं अब मैं बदलाव की बात आपने पंजाब का उदाहरण दिया है इसके लिए तो जो भी आप बोल रही है अगर हम उस संदर्भ में बात करे जिसकी आपने बात कि हैं कॉम्पिटिशन की आपने बात की है यानि कि बहुत ज्यादा
840781,350216,hi,9,124.42,137.38,12.96,/kaggle/working/Hindi-ASR-Whisper-Pipeline/artifacts/q1/preprocess/segments/840781_0009.wav,मतलब कॉम्पीटेशन बढ़ गया उसके पीछे तो सबसे बड़ी सबसे बड़ी परेशानी आबादी हैं अगर सरकार किसी तरीके से अब ये नियंत्रण खैर ये आम लोगों के हाथ में सबसे ज्यादा होता हैं सरकार तो कोई भी कोई भी नियमावली के अनुसार
840781,350216,hi,10,137.77,152.56,14.79,/kaggle/working/Hindi-ASR-Whisper-Pipeline/artifacts/q1/preprocess/segments/840781_0010.wav,कोई एक प्रोग्राम लॉन्च कर दी थी हम दो हमारे दो लेकिन आबादी के अलावा और भी बहुत सारी चीजे जिसे पंजाब के अंदर अदर स्टेट के लोग जाते हैं अभी बहुत सारे पहलू हूं लेकिन कंपटीशन का सबसे बड़ा कारण है कि बोहत ज्यादा
840781,350216,hi,11,152.86,167.35,14.49,/kaggle/working/Hindi-ASR-Whisper-Pipeline/artifacts/q1/preprocess/segments/840781_0011.wav,अफसर उजागर नहीं हो सके तो उसके लिए आम नागरिकों को कुछ आगे बढ़कर करना पड़ेगा जैसे कि स्टार्टअप कल्चर अब भारत के अंदर आ रहा है जितने ज्यादा लोग नौकरियां देने वाले होंगे आबादी एक प्लस पॉइंट भी हो सकता है मैंने इसका एक नकारात्मक पहलू नकारात्मक
840781,350216,hi,12,167.35,181.06,13.71,/kaggle/working/Hindi-ASR-Whisper-Pipeline/artifacts/q1/preprocess/segments/840781_0012.wav,पहलू आपको बताया कि बहुत ज़्यादा आबादी होती है इसलिए हमको लगता है कि बहुत ज़्यादा कंपटीशन है लेकिन अगर हम इसी आबादी का परियोग जो है अच्छे अच्छे चीजों के लिए करें तो हम बहुत को जनरेट कर सकते हैं एक तो हम
840781,350216,hi,13,185.92,199.03,13.11,/kaggle/working/Hindi-ASR-Whisper-Pipeline/artifacts/q1/preprocess/segments/840781_0013.wav,ठीक है मैम मैं कोशिश करता हूँ तो चलिए मैं आपने पंजाब का उधारन लिया है मैं दिल्ली में हूँ तो मैं दिल्ली से एक एग्जाम्पल आपको देता हूँ जैसे कि हमारे दिल्ली में जो यूथ है जो मैक्सिमम जो
840781,350216,hi,14,199.03,212.98,13.95,/kaggle/working/Hindi-ASR-Whisper-Pipeline/artifacts/q1/preprocess/segments/840781_0014.wav,दिल्ली में कोई वैसे प्रॉपर दिल्ली के तो बहोत कम लोग होते हैं ज्यातर सब बाहर से स्टेट से आते है यहां पे हम पहले शिक्षा की बात कर लेतें हैं तो शिक्षा जब यहां पे हम लेने आते है तो हमें काफी ज्यादा वू काॅम्पटीशन हमें देखने को मिलता है अगर हम काॅम्पटीशन
840781,350216,hi,15,213.13,226.42,13.29,/kaggle/working/Hindi-ASR-Whisper-Pipeline/artifacts/q1/preprocess/segments/840781_0015.wav,सिर्फ एक ही चीज के पीछे भागने को छोड़कर के अगर हम अलगअलग पहलू जो सरकार ने एक अलगअलग प्रोग्राम बना रखे हैं कि आप इसके पीछे जाएं स्टार्टअप करें अगर अप उसको हम ज्यादा ज्यादा ज्यादा वृद्धि की ओर
840781,350216,hi,16,226.51,239.83,13.32,/kaggle/working/Hindi-ASR-Whisper-Pipeline/artifacts/q1/preprocess/segments/840781_0016.wav,उस तरफ हम ज्यादा ध्यान लगाते हैं तो काफी ज्यादा अग्रसर होंगे तरक्की की ओर जैसे कि अगर हम पचास साल पहले के अमेरिका को देखते हैं या और जितने भी डेवलप्ड यानि की विकसित देश हैं भा यूरोप के अंदर हैं चाहे अमेरिकाज़ में हैं
840781,350216,hi,17,240.73,255.31,14.58,/kaggle/working/Hindi-ASR-Whisper-Pipeline/artifacts/q1/preprocess/segments/840781_0017.wav,इन सबों इन इन आह चाहे जापा है इन सबकी जो शुरुवात हुई थी वो बहौत आम लोगों के द्वारा जो क्रांति की गई थी मेहनत की गई थी सबसे अच्छा एग्जांपल चीन है हमारे बगल में तो आम लोगों ने जिस तरीके से अपने आप को सुधारा था और विभिन्न प्रकार की जो
840781,350216,hi,18,255.34,269.8,14.46,/kaggle/working/Hindi-ASR-Whisper-Pipeline/artifacts/q1/preprocess/segments/840781_0018.wav,हम्म गतिविधियां थी उनको उनको मतलब उजाकर करके अपने लोगों के लिए खुद को अवसरो के लिए खरा किया था उस हिसाब से चला जाए तो कांप्टीशन कही पे भी किसी में भी बहुत ज्यादा कांप्टीशन नहीं होगा और जाहिर सी बात है कि महारा देश एक विकसित
840781,350216,hi,19,269.95,276.79,6.84,/kaggle/working/Hindi-ASR-Whisper-Pipeline/artifacts/q1/preprocess/segments/840781_0019.wav,हां विकसित जो भारत का जो एक सपना है उसको लेकर के आगे जरूर बढ़ेगा मैम मैं अगला टॉपिक पढ़ता हूँ एक सेकंड
840781,350216,hi,20,279.7,282.1,2.4,/kaggle/working/Hindi-ASR-Whisper-Pipeline/artifacts/q1/preprocess/segments/840781_0020.wav,हां
840781,350216,hi,21,292.09,293.29,1.2,/kaggle/working/Hindi-ASR-Whisper-Pipeline/artifacts/q1/preprocess/segments/840781_0021.wav,एक सेकंड
840781,350216,hi,22,296.35,309.97,13.62,/kaggle/working/Hindi-ASR-Whisper-Pipeline/artifacts/q1/preprocess/segments/840781_0022.wav,सर क्वेश्चन में रचनात्मक बाधा है जिससे पे सबसे पहले मै तो इसके लिए सबसे पहले क्रॉप्सन को मै मानता हु भ्रष्टाचार को अगर हम देश की देश की नौकरशाही की बात करें यूरोक्रसी की बात करे चाहे हम पॉलिटीशन को छोड़ देते हैं फिलाल है
840781,350216,hi,23,310.84,325.09,14.25,/kaggle/working/Hindi-ASR-Whisper-Pipeline/artifacts/q1/preprocess/segments/840781_0023.wav,आम लोग देखिए राजनीती में तो अफ़सरवादित को बहुत ज़्यादा बढ़ावा मिलता है जो बहुत ज़्यादा अफसरवादी होता है वो आगे जाता है लेकिन अगर हम सिंपली अगर एक बिरोक्रेट एक इंसान बनता है कोई भी मेहनत करके बन सकता है
840781,350216,hi,24,325.24,338.71,13.47,/kaggle/working/Hindi-ASR-Whisper-Pipeline/artifacts/q1/preprocess/segments/840781_0024.wav,वहा पे अगर भ्रष्टाचार होगा और हर एक सरकारी दफ्तर के अंदर भ्रष्टाचार होगा तो ये संरचना को अगर हम बदल पाए तो जाहिर सी बात है हम बेहतर कुछ कर पाएंगे आगे देश के लिए लेकिन उस उसके लिए आम नागरिकों को बहुत ज़्यादा प्रयत्नशील होना पड़ेगा
840781,350216,hi,25,339.22,352.0,12.78,/kaggle/working/Hindi-ASR-Whisper-Pipeline/artifacts/q1/preprocess/segments/840781_0025.wav,और सिर्फ चुप रहने से काम नहीं चलेगा हमें सुधार करना होगा आवाज उठानी होगी और एक हम जैसे की मैं पढ़ाई करता था हमारे पास एक बचपन में हम नैतिक शिक्षा पढ़ते हैं और
840781,350216,hi,26,352.15,366.28,14.13,/kaggle/working/Hindi-ASR-Whisper-Pipeline/artifacts/q1/preprocess/segments/840781_0026.wav,आजकल जितने भी काॅम्पटिशन हें उनके अंदर आप एथिकल वैल्यूस के बारे में आप जरूर जानती होंगी वो भी पढ़ाया पढ़ाया जा रहा है लेकिन उसको हमारे चरित चरित्र में कोई मतलब किसी भी तरीके से ना हमारे जो हमारे टीचर्स हैं वो प्रयास करते हैं हमारे चरित्र में उसको ढालने के लिए
840781,350216,hi,27,366.79,379.99,13.2,/kaggle/working/Hindi-ASR-Whisper-Pipeline/artifacts/q1/preprocess/segments/840781_0027.wav,और हमारे माता पिताओं को शायद ये नहीं पता हुता है हमारे मातापिता सिर्फ हमें स्कूल भेजना या हम सिर्फ पढ़ाई कर रहे है उसको अपना कर्तव्य या दायित्व समझते है लेकिन हमारे कैरेक्टर को बनाने में उनका योगदान मेरे खयाल से कम हो रहा है अगर हर
840781,350216,hi,28,380.26,394.0,13.74,/kaggle/working/Hindi-ASR-Whisper-Pipeline/artifacts/q1/preprocess/segments/840781_0028.wav,आरे एक आम नागरिक यह सोचे कि हमें अपने बच्चों को अच्छे से अच्छी तालीम के हिसाब से उनको अच्छा इंसान भी बनाना है तो यह जो संरचना है यह सुधर सकती है जरूरी है भारत को आगे बढ़ाने में मदद करेगी
840781,350216,hi,29,394.57,408.61,14.04,/kaggle/working/Hindi-ASR-Whisper-Pipeline/artifacts/q1/preprocess/segments/840781_0029.wav,चीन जो है चीन जो है सबसे आगे इसलिए है क्योंकि वहां के लोग लोगों की जो एक सोच है एक मेंटालिटी है कि वो इमानदारी से अपने देश के लिए काम करना चाहते हैं देश के लिए काम करने का मतलब ये है कि आपको फौज में भर्ती नहीं होना है
840781,350216,hi,30,409.0,423.01,14.01,/kaggle/working/Hindi-ASR-Whisper-Pipeline/artifacts/q1/preprocess/segments/840781_0030.wav,जैसे कि मैं आपको एक सिंपल फोन की कंपनी के मैं आपको उदाहरण देता हूँ भारत के अंदर माइक्रोमैक्स कंपनी थी वो बंद हो गई उसका रीज़न यह था कि ना आरएनडी पे कुछ कर पाए हमारे लोग मालिक क्या करेगा उसको अगर ऐसे इंप्लाईज मिलेंगे जो रिसर्च और डेवलपमेंट में
840781,350216,hi,31,423.52,437.53,14.01,/kaggle/working/Hindi-ASR-Whisper-Pipeline/artifacts/q1/preprocess/segments/840781_0031.wav,काम करेंगे और फिर उसको कुछ ऐसे छोटेमोटे काम करने वर्कर मिलेंगे जो तेजी से काम कर पाएंगे तो कुछ होगा अगर मैं ऍम आई की बात करू मैं खुद ऍम आई का फोन यूज़ करता हू जो वहां के जो वर्कर्स है चाइना के आर ऐन डी में तो आर ऐन डी में वह बहुत आगे है ही
840781,350216,hi,32,437.59,447.49,9.9,/kaggle/working/Hindi-ASR-Whisper-Pipeline/artifacts/q1/preprocess/segments/840781_0032.wav,वो एक दिन में हमारे यहां भारत में अगर आप दो फोन बना रहे हैं तो उनका प्रयास ये होता है कि मैं आठ फोन बनाऊं और जितने ज्यादा हो सके पूरी दुनिया में हमारा फोन जाए हमारे देश की अर्थव्यवस्था अर्थव्यवस्था को
840781,350216,hi,34,460.9,467.29,6.39,/kaggle/working/Hindi-ASR-Whisper-Pipeline/artifacts/q1/preprocess/segments/840781_0034.wav,REDACTED
840781,350216,hi,35,470.17,473.2,3.03,/kaggle/working/Hindi-ASR-Whisper-Pipeline/artifacts/q1/preprocess/segments/840781_0035.wav,चलिए मैं एक अगला टॉपिक पढ़ता हूँ मैं फिर आपको बताता हूँ
840781,350216,hi,36,479.98,491.74,11.76,/kaggle/working/Hindi-ASR-Whisper-Pipeline/artifacts/q1/preprocess/segments/840781_0036.wav,वो एक जमीनी नावाचार बताइए जो आपको आशावादी बनाता है तो मैं अगर मैं देखा जाये तो मैं बचपन से तो मैं नहीं बोलूँगा जब मैं कॉलेज में था एक तरीके से आप बचपन ही समझ लीजिए मेरा.
840781,350216,hi,37,491.77,503.17,11.4,/kaggle/working/Hindi-ASR-Whisper-Pipeline/artifacts/q1/preprocess/segments/840781_0037.wav,ज्यादा बड़ा तो नहीं था सोला चौदह साल का मुझे राजनीति में बहुत ज्यादा दिलचस्पी थी तो अगर मैं आशावादी होने की बात करूं तो मैं राजनीति के राजनीतिक माहौल में जा करके
840781,350216,hi,38,504.07,517.87,13.8,/kaggle/working/Hindi-ASR-Whisper-Pipeline/artifacts/q1/preprocess/segments/840781_0038.wav,बहुत ज़्यादा कुछ करने की ऐसी सोचता हूँ कि अगर मैं कुछ बदलाव ला पाऊं तो राजनीय अअह इस क्षेत्र में जा करके तो मैं जरूर करना चाहता तो आशावादी अगर मैं बहुत ज़्यादा हूँ मैं किसी चीज को ले करके तो मैं इसी में हूँ लेकिन
840781,350216,hi,39,518.53,533.17,14.64,/kaggle/working/Hindi-ASR-Whisper-Pipeline/artifacts/q1/preprocess/segments/840781_0039.wav,जिस परिवार से मैं आता हू तो वहा पे मेरे मेरे जैसे बहुत सारे लोग होते हैं हमारे समाज में जो आगे इस प्रकार से तो बढ़के नहीं कर सकते बाकि मैं अगर आप से आपसे पूछो तो आप अगर जैसे बिज़नस क्या सोचती है आप की क्या आशा है जो आप
840781,350216,hi,40,533.56,540.46,6.9,/kaggle/working/Hindi-ASR-Whisper-Pipeline/artifacts/q1/preprocess/segments/840781_0040.wav,बहुत ज़्यादा सहयोग कर सकती हैं फिलहाल भारत के लिए कि मैं ये काम करूँगी तो शायद मेरे देश को आगे बढ़ने में मदद मिलेगी
840781,350216,hi,45,604.9,618.25,13.35,/kaggle/working/Hindi-ASR-Whisper-Pipeline/artifacts/q1/preprocess/segments/840781_0045.wav,हा ये आपने एक सोच जी ये अपने एक बहुत ही अच्छी सोच उठाई है आप निजी क्षेत्र की बात करेंगे कि भारत में जो निजी क्षेत्र में जो लोग जो लोग नौकरियां दे रहे हैं या फिर जो नौकरियां कर रहे हैं
840781,350216,hi,46,618.79,632.83,14.04,/kaggle/working/Hindi-ASR-Whisper-Pipeline/artifacts/q1/preprocess/segments/840781_0046.wav,कहीं कोई किसी परिवार की व्यवस्था नहीं है जो लोग कर रहे हैं उन उन उनकी एक लिमिट हो की वो इतना काम करे उनको भरपूर उसका लाभ मिले और जो लोग काम करवा रहे हैं वो शोषण ना कर रहे हों और उसके बदले में कुछ भी ना दे रहे हों जी
840781,350216,hi,47,633.31,646.33,13.02,/kaggle/working/Hindi-ASR-Whisper-Pipeline/artifacts/q1/preprocess/segments/840781_0047.wav,ये पूरी तरीके से समाजवादी विचारधारा से प्रेरित ये मतलब ये बात है और इसमें सुधार की बहुत ज्यादा गुंजाइश भारत के अंदर तो है और भारत को कुछ कर भारत को करना भी चाहिए रूस के अंदर ऐसा हुआ था 1917 में
840781,350216,hi,48,647.02,657.97,10.95,/kaggle/working/Hindi-ASR-Whisper-Pipeline/artifacts/q1/preprocess/segments/840781_0048.wav,क्योंकि वहां पे जितने अमीर लोग थे ये भारत में बहुत ज़्यादा प्रासंगिक के ये सोच आप देख के चलिए कि मैं आपके ऊपर एक एग्जांपल डालता हू आप बुरा मत मानना अगर आप एक कंपनी खोलेंगी
840781,350216,hi,49,658.78,670.15,11.37,/kaggle/working/Hindi-ASR-Whisper-Pipeline/artifacts/q1/preprocess/segments/840781_0049.wav,तो मान के चलिए आप एक साल में एक करोड का प्रॉफिट कमा रही हैं चाहें तो आप और आपके पास आपके ऑफिस में बीस एम्पलाइज हैं आप चाहें तो उनकी सैलरी को बढ़ा सकती हैं
840781,350216,hi,50,670.81,684.4,13.59,/kaggle/working/Hindi-ASR-Whisper-Pipeline/artifacts/q1/preprocess/segments/840781_0050.wav,और हां उनको बोनस दे सकते हैं लेकिन आप ऐसा करेंगे नहीं आप सोचेंगे की मै मेरा बच्चा कहीं पे बाहर जाके सैटल हो जाये वो वहा पे मौ करे मैं इंडिया से कमा करके वहा पे वो जो मरजी करता रहे मैं अपना घर भरती रहूं अ एसे आप
840781,350216,hi,51,684.58,690.34,5.76,/kaggle/working/Hindi-ASR-Whisper-Pipeline/artifacts/q1/preprocess/segments/840781_0051.wav,हां ऐसे देश में आ देश कभी आगे बढ़ ही नहीं सकता इसके लिए हां बोलिए
840781,350216,hi,52,694.0,695.77,1.77,/kaggle/working/Hindi-ASR-Whisper-Pipeline/artifacts/q1/preprocess/segments/840781_0052.wav,टी
840781,350216,hi,55,753.52,766.12,12.6,/kaggle/working/Hindi-ASR-Whisper-Pipeline/artifacts/q1/preprocess/segments/840781_0055.wav,मैंम आपका जो आप जब जिस प्वाइंट पे बात कर रही है पूरी तरीके से इस चीज पे करी है रोजगार जो होता है उसके ऊपर बहुत ज्यादा कंपटीशने और मै इसी चीज में आपको समझाना चाहता हूं देखिए जो भारत में जो सीमित रोजगार है
840781,350216,hi,56,766.6,780.31,13.71,/kaggle/working/Hindi-ASR-Whisper-Pipeline/artifacts/q1/preprocess/segments/840781_0056.wav,आप जो गवर्नमेंट जॉब की बात करी वो बहुत सीमित है और ऐसा होता है की लक की जो आपने बात की है ना आपको एक बात बताता हूं सीटें तो हज़ार ही है अगर आपके पेरेंट्स आपसे बोलते है कि और लोग भी कर लेते है तो आप एक चीज़ समझाइए कि
840781,350216,hi,57,780.7,790.66,9.96,/kaggle/working/Hindi-ASR-Whisper-Pipeline/artifacts/q1/preprocess/segments/840781_0057.wav,जो लोग कर लेते हैं वो कर पाते हैं क्योंकि शायद मेरे से ज्यादा मेहनत हो या फिर उनको अच्छी दिशा मिली हो बहुत कुछ चीज हैं उनके पास हो जो मेरे पास नहीं हो और
840781,350216,hi,58,790.84,803.38,12.54,/kaggle/working/Hindi-ASR-Whisper-Pipeline/artifacts/q1/preprocess/segments/840781_0058.wav,और अगर आपको खुद के ऊपर ऐसा लग रहा है कि शायद मुझसे नहीं हो पा रहा है किसी कारणवश तो अगर आप सुधार ला सकते हैं तो सुधार करिए नहीं तो फिर आपको छोड़ देना चाहिए जैसा मेरा मानना है मैं आप पर थोप नहीं रहा मैंने बस ऐसे ही बोला है आपको
840781,350216,hi,59,810.49,814.51,4.02,/kaggle/working/Hindi-ASR-Whisper-Pipeline/artifacts/q1/preprocess/segments/840781_0059.wav,बिल्कुल करते है एक मैं आप हां
840781,350216,hi,60,819.7,834.58,14.88,/kaggle/working/Hindi-ASR-Whisper-Pipeline/artifacts/q1/preprocess/segments/840781_0060.wav,मैं आपको एक चीज लिख के देता हूं आप लाइफ टाइम के लिए उस चीज को लिख लो जितने भी टॉपर्स होते हैं किसी भी फील्ड में हो उन सबके पीछे एक ही चीज होती है वो चीज होती है निरंतरता यानि की कंसिस्टेंसी जो इंसान अनुशासन के साथ दो चीज अनुशासन और निरंतरता
840781,350216,hi,61,834.97,846.49,11.52,/kaggle/working/Hindi-ASR-Whisper-Pipeline/artifacts/q1/preprocess/segments/840781_0061.wav,यानि कि डिसिप्लिन और कन्सिस्टेन्सी एक डिसिप्लिन उसने बना रखा है कि मुझे रोज ये काम करना ही करना है उस कॉम्पिटिशन को ले करके और इतना करना है और करना ही और रोज करता है उसको बिना मिस किये मैं लिखके देता हू वोही
840781,350216,hi,62,846.49,859.72,13.23,/kaggle/working/Hindi-ASR-Whisper-Pipeline/artifacts/q1/preprocess/segments/840781_0062.wav,उत्तीर्ण हो पता है वही पास कर पता है जिस चीज में जिस भी इंसान में यह सबसे ज्यादा होगी भर के होगी भर के अनुशासन और निरंतरता वह कर पाएगा इसका कोई विकल्प ही नहीं आप नहीं कह सकते हैं कि उसका क्यों हो रहा है मेरा क्यों हो रहा है लक फैक्टर है
840781,350216,hi,63,860.62,873.22,12.6,/kaggle/working/Hindi-ASR-Whisper-Pipeline/artifacts/q1/preprocess/segments/840781_0063.wav,जब आप एग्जाम देने जाते हैं बहुत ज्यादा मह देखिए डिसिप्लिन एंड कंसिस्टेंसी वाले मान लिजिए हजार सीटे हैं पांच हजार तो ऐसे होंगे लोग आप कहेंगे कि चार हजार के पास लख नहीं था हा तो मैं यहां लख वो बिल्कुल इसे मान सकता हूँ
840781,350216,hi,64,873.4,885.88,12.48,/kaggle/working/Hindi-ASR-Whisper-Pipeline/artifacts/q1/preprocess/segments/840781_0064.wav,जिस दिन आप गए उस दिन आपका मूड कैसा था जो भी है थोड़ा हम विषय से भटक रहे हैं मैं आपको एक दो हज़ार सैंतालीस के बिषय के पैंतालीस के विषय के बारे में बता रहा था एक इसमें अगला है जो एग्जांपल आया है वो हमारा है एक सेकंड
840781,350216,hi,65,892.0,905.8,13.8,/kaggle/working/Hindi-ASR-Whisper-Pipeline/artifacts/q1/preprocess/segments/840781_0065.wav,एक पंक्ति के ऊपर आया है कि आप कोई पंक्ति बताइए कि मतलब अच्छा मैम आप बीस मिनट से पहले आप काट देना ठीक है या फिर मैं देख के काट दूंगा अगर आप देखते हैं हेलो हेलो आवाज कट रही आपकी हेलो
840781,350216,hi,66,915.61,928.75,13.14,/kaggle/working/Hindi-ASR-Whisper-Pipeline/artifacts/q1/preprocess/segments/840781_0066.wav,अच्छा ठीक है मे आप को एक अंत मे इन्होंने एक क्वेश्चन पूछा है कि कोई एक ऐसी पंक्ति बताइए जो 2045 तक आप को लगता है कि आप भारत के विषय में आप वो चीज़ सच होते देखना चाहते है देखिए आप
840781,350216,hi,67,929.05,943.21,14.16,/kaggle/working/Hindi-ASR-Whisper-Pipeline/artifacts/q1/preprocess/segments/840781_0067.wav,आपने दादा या किन की बात की थी शायद मुझे याद आ रहा है उन्होंने आप को बतया की भारत सोने की चिड़िया थी एक समय पे तो मैं दो हजार पैंतालीस तक मैं यही चाहता हूं की भारत के विषय में लिखा जाये कि भारत सोने की चिड़िया है क्यों की
840781,350216,hi,68,943.21,957.94,14.73,/kaggle/working/Hindi-ASR-Whisper-Pipeline/artifacts/q1/preprocess/segments/840781_0068.wav,भारत की जो संस्कृति धरोहर है और जो भारत के अंदर इतना कुछ भी है विविधता है जो भी है दुनिया में कही पे भी नहीं है तो अगर हम दो हजार पैतालीस तक उस चीज को अचीव कर पाते है तो मेरे ख़्याल से ये सबसे बड़ी बात होगी अं
840781,350216,hi,69,957.97,969.13,11.16,/kaggle/working/Hindi-ASR-Whisper-Pipeline/artifacts/q1/preprocess/segments/840781_0069.wav,आप भारत के लिए क्या सपना देखती हैं आप चाहती हैं आप के शहर जिस भी शहर में आप रहती है वहां बड़ीबड़ी बिल्डिंग हो या फिर सब कुछ साफ हो लोग अच्छे हो
840781,350216,hi,70,975.28,977.17,1.89,/kaggle/working/Hindi-ASR-Whisper-Pipeline/artifacts/q1/preprocess/segments/840781_0070.wav,जी
840781,350216,hi,71,980.5,982.57,2.07,/kaggle/working/Hindi-ASR-Whisper-Pipeline/artifacts/q1/preprocess/segments/840781_0071.wav,जी जी
840781,350216,hi,72,993.07,998.56,5.49,/kaggle/working/Hindi-ASR-Whisper-Pipeline/artifacts/q1/preprocess/segments/840781_0072.wav,हां ये आप ऐसा चाहती हैं कि सारी इंडस्ट्रीज हर जगह हो हर क्षेत्र में
840781,350216,hi,73,1001.08,1013.86,12.78,/kaggle/working/Hindi-ASR-Whisper-Pipeline/artifacts/q1/preprocess/segments/840781_0073.wav,मेरे ख्याल से इसके लिए लोकल लोग जो होते हैं न उनको कुछ आगे बढ़के करना पड़ेगा और उसमे सबसे बड़ा जो एक जो किरदार होता है वो तो आपके जो नेता होते हैं आपके चुने गए एमएलए जो बोलते हैं
840781,350216,hi,74,1013.86,1028.26,14.4,/kaggle/working/Hindi-ASR-Whisper-Pipeline/artifacts/q1/preprocess/segments/840781_0074.wav,सबसे बड़ा तो हाथ उनका जो आपके इलाके का डीएम होता है ये तो उनको करना चाहिए आपके क्षेत्र में आपके क्षेत्र से जुड़ी जो भी मतलब जरूरी चीजें हैं वो वहां पे पहुंचाएं चाहे वह इंडस्ट्री हो या कुछ जो हमने पहले बात की थी चाहे वह भ्रष्टाचार या कुछभी लेकिन जो हमने पहले बात की थी भ्रष्टाचार और
840781,350216,hi,75,1028.26,1041.94,13.68,/kaggle/working/Hindi-ASR-Whisper-Pipeline/artifacts/q1/preprocess/segments/840781_0075.wav,जो लोगों के अंदर कामचोरी जो एक बहुत ही अच्छा एक उदाहरण आया है हमारे पास कामचोरी का लोग काम ही नहीं करना चाहते है जो एक जो तख्त पे बैठे हुए है लोग जो है कोई दो हजार पैंतालीस तक अगर इसमें बदलाव नहीं आएगा लोगो के
840781,350216,hi,76,1042.21,1055.86,13.65,/kaggle/working/Hindi-ASR-Whisper-Pipeline/artifacts/q1/preprocess/segments/840781_0076.wav,लोगों के एटीट्यूड में है हिंदी में क्या बोलते हैं मतलब उनके व्यवहार में अगर बिल्कुल भी परिवर्तन नहीं आएगा तो भारत दो हजार पैंतालीस तक जैसा की टॉपिक में लिखा हुआ है कुछ भी परिवर्तन नहीं होगा लोग कुछ करना ही नहीं चाहते हैं लोगों बस ये चाहते है कि कही से
840781,350216,hi,77,1056.31,1061.26,4.95,/kaggle/working/Hindi-ASR-Whisper-Pipeline/artifacts/q1/preprocess/segments/840781_0077.wav,दो नंबर का पैसा हमारे पास आए और उसको कहीं और इकट्ठा करके अपनी फैम मतलब ज्यादा बहुत ज्यादा स्वार्थी हैं लोग
840781,350216,hi,78,1069.48,1083.01,13.53,/kaggle/working/Hindi-ASR-Whisper-Pipeline/artifacts/q1/preprocess/segments/840781_0078.wav,मैम बात तो सही है लेकिन अब किस जनम पचा ह फ़ सही बात बोल रहे हो आप फनी हो पचाने वाले पचते है हाँ हो गया क्या टाइम
840781,350216,hi,79,1087.24,1089.94,2.7,/kaggle/working/Hindi-ASR-Whisper-Pipeline/artifacts/q1/preprocess/segments/840781_0079.wav,ठीक है मैम धन्यवाद बहुत अच्छा लगा आपके साथ करता हुं फिर में
840781,350216,hi,80,1093.21,1095.82,2.61,/kaggle/working/Hindi-ASR-Whisper-Pipeline/artifacts/q1/preprocess/segments/840781_0080.wav,ज़ी थैंक यू ठीक हैं
840793,93299,hi,0,12.43,15.67,3.24,/kaggle/working/Hindi-ASR-Whisper-Pipeline/artifacts/q1/preprocess/segments/840793_0000.wav,ह्म्म ह्म्म
840793,93299,hi,3,28.54,31.27,2.73,/kaggle/working/Hindi-ASR-Whisper-Pipeline/artifacts/q1/preprocess/segments/840793_0003.wav,हु हु
840793,93299,hi,5,40.99,42.91,1.92,/kaggle/working/Hindi-ASR-Whisper-Pipeline/artifacts/q1/preprocess/segments/840793_0005.wav,REDACTED
840793,93299,hi,7,52.06,56.56,4.5,/kaggle/working/Hindi-ASR-Whisper-Pipeline/artifacts/q1/preprocess/segments/840793_0007.wav,हां.
840793,93299,hi,8,59.89,64.27,4.38,/kaggle/working/Hindi-ASR-Whisper-Pipeline/artifacts/q1/preprocess/segments/840793_0008.wav,जी हां
840793,93299,hi,10,71.8,80.71,8.91,/kaggle/working/Hindi-ASR-Whisper-Pipeline/artifacts/q1/preprocess/segments/840793_0010.wav,बिलकुल अह मेरे अकॉर्डिंग तो जैसे हम अह दो हजार यहां पंच ताली की कर रहे है बात तो
840793,93299,hi,11,81.16,95.89,14.73,/kaggle/working/Hindi-ASR-Whisper-Pipeline/artifacts/q1/preprocess/segments/840793_0011.wav,वो एक ऐसा में रिकॉर्डिंग देश बन जायगा की हर व्यक्ति काफी ज्यादा पढ़ा लिखा होगा अच्छी शिक्षा होंगी और स्वास्थ सेवाएं होंगी और रोजगार के उनके अवसर भी मिल सकते है लेकिन कहीं ना कहीं वो मुझे
840793,93299,hi,12,95.98,107.47,11.49,/kaggle/working/Hindi-ASR-Whisper-Pipeline/artifacts/q1/preprocess/segments/840793_0012.wav,पंजाब में ऐसा नहीं लगता क्योंकि कोम्पीटीशन काफी टफ है बहुत दुनिया बेरोजगार भी बैठी है इतना इतना स्टडी करके भी लोग तो
840793,93299,hi,13,109.84,111.16,1.32,/kaggle/working/Hindi-ASR-Whisper-Pipeline/artifacts/q1/preprocess/segments/840793_0013.wav,जी जी बोलिए आप
840793,93299,hi,15,133.63,136.09,2.46,/kaggle/working/Hindi-ASR-Whisper-Pipeline/artifacts/q1/preprocess/segments/840793_0015.wav,हम्म
840793,93299,hi,16,148.3,151.27,2.97,/kaggle/working/Hindi-ASR-Whisper-Pipeline/artifacts/q1/preprocess/segments/840793_0016.wav,हुह
840793,93299,hi,18,163.57,167.17,3.6,/kaggle/working/Hindi-ASR-Whisper-Pipeline/artifacts/q1/preprocess/segments/840793_0018.wav,हां
840793,93299,hi,19,178.33,185.92,7.59,/kaggle/working/Hindi-ASR-Whisper-Pipeline/artifacts/q1/preprocess/segments/840793_0019.wav,हां आप सर अच्छा बता रहे हो आप ही मेरे को बताये हो सारे टॉपिक अच्छे से
840793,93299,hi,23,213.13,214.48,1.35,/kaggle/working/Hindi-ASR-Whisper-Pipeline/artifacts/q1/preprocess/segments/840793_0023.wav,हां जी
840793,93299,hi,24,221.53,223.06,1.53,/kaggle/working/Hindi-ASR-Whisper-Pipeline/artifacts/q1/preprocess/segments/840793_0024.wav,हां
840793,93299,hi,26,249.19,252.1,2.91,/kaggle/working/Hindi-ASR-Whisper-Pipeline/artifacts/q1/preprocess/segments/840793_0026.wav,हूँ हां
840793,93299,hi,30,278.35,293.11,14.76,/kaggle/working/Hindi-ASR-Whisper-Pipeline/artifacts/q1/preprocess/segments/840793_0030.wav,मैं पढ़के बता देती हूं कि आपके अ अनुसार कौन सी सर्चनात्मक बादा है जिससे आ सबसे पहले टहना चाहिए टहना चाहिए पता नहीं क्या है
840793,93299,hi,32,309.43,312.82,3.39,/kaggle/working/Hindi-ASR-Whisper-Pipeline/artifacts/q1/preprocess/segments/840793_0032.wav,जी
840793,93299,hi,33,326.53,329.32,2.79,/kaggle/working/Hindi-ASR-Whisper-Pipeline/artifacts/q1/preprocess/segments/840793_0033.wav,हु
840793,93299,hi,34,335.14,336.25,1.11,/kaggle/working/Hindi-ASR-Whisper-Pipeline/artifacts/q1/preprocess/segments/840793_0034.wav,बिल्कुल बिल्कुल
840793,93299,hi,36,347.44,356.05,8.61,/kaggle/working/Hindi-ASR-Whisper-Pipeline/artifacts/q1/preprocess/segments/840793_0036.wav,REDACTED
840793,93299,hi,46,433.78,436.48,2.7,/kaggle/working/Hindi-ASR-Whisper-Pipeline/artifacts/q1/preprocess/segments/840793_0046.wav,हम्म हां
840793,93299,hi,47,446.65,460.78,14.13,/kaggle/working/Hindi-ASR-Whisper-Pipeline/artifacts/q1/preprocess/segments/840793_0047.wav,हांह अच्छा तो माइक्रोमैक्स मुझे आपसे पता चला ओह वो बंद ही हो गया है तभी पहले पहले व्हाइट कलर के फोन आते थे न माइक्रोमैक्स के हां तो आपसे मेरे को तो बड़ी अच्छी अच्छी नॉलेज मिल रही है
840793,93299,hi,48,464.29,469.87,5.58,/kaggle/working/Hindi-ASR-Whisper-Pipeline/artifacts/q1/preprocess/segments/840793_0048.wav,अच्छा
840793,93299,hi,53,540.7,553.66,12.96,/kaggle/working/Hindi-ASR-Whisper-Pipeline/artifacts/q1/preprocess/segments/840793_0053.wav,मेरे को यही है कि जैसे जोक्स का लोगो को मतलब कंपटीशन तो चलो टफ भी हुआ पता क्या है सर हम जैसे देखते है ना पेपर हॉल मे जाते है गवर्नमेंट एग्जाम देने
840793,93299,hi,54,553.69,560.44,6.75,/kaggle/working/Hindi-ASR-Whisper-Pipeline/artifacts/q1/preprocess/segments/840793_0054.wav,सर कई कई सालों के बंदे है जो कि इतने सालों से मेहनत करते होते तो सर वो भी रह जाते है
840793,93299,hi,55,563.02,575.53,12.51,/kaggle/working/Hindi-ASR-Whisper-Pipeline/artifacts/q1/preprocess/segments/840793_0055.wav,तो ये चीज देखके ना तो फिर बंदे का जो माइंड है ना वो पता नहीं क्यों स्ट्रेस में आ जाता है कि वो लोग इतने टाइम के पढ़ रहे हैं और हम लोग ने कल ही अभी साल हुआ हैं स्टडी कंप्लीट करें
840793,93299,hi,56,575.68,590.35,14.67,/kaggle/working/Hindi-ASR-Whisper-Pipeline/artifacts/q1/preprocess/segments/840793_0056.wav,चाहे पोस्ट ग्रेजुएशन भी कंप्लीट कर लिए लेकिन उन लोगों का कुछ नहीं बन रहा तो हमें कौन ही मतलब फिर नेगेटिविटी आ जाती है माइंड में मैं चाहती हूं कि इस चीज का कोई सॉल्यूशन निकाला जाए देखो सर अगर हम प्राइवेट जॉब्स की बात
840793,93299,hi,57,590.35,604.39,14.04,/kaggle/working/Hindi-ASR-Whisper-Pipeline/artifacts/q1/preprocess/segments/840793_0057.wav,करे ना तो आ जाएंगे ना हमारे इधर के एरिया पे स्कूल्स ही रह गए हैं स्कूल्स क्या है पांच पांच हज़ार देते हैं तो उसमें कोई क्या करेगा तो एक महीने में कितना काम लेते हैं वो लोग
840793,93299,hi,58,606.91,610.6,3.69,/kaggle/working/Hindi-ASR-Whisper-Pipeline/artifacts/q1/preprocess/segments/840793_0058.wav,तो ये चीज कि मै हूं
840793,93299,hi,59,620.08,623.05,2.97,/kaggle/working/Hindi-ASR-Whisper-Pipeline/artifacts/q1/preprocess/segments/840793_0059.wav,हां हां
840793,93299,hi,61,631.45,634.3,2.85,/kaggle/working/Hindi-ASR-Whisper-Pipeline/artifacts/q1/preprocess/segments/840793_0061.wav,हम्म हम्म
840793,93299,hi,62,639.7,643.63,3.93,/kaggle/working/Hindi-ASR-Whisper-Pipeline/artifacts/q1/preprocess/segments/840793_0062.wav,हां जी बिल बहुत है
840793,93299,hi,64,652.6,657.16,4.56,/kaggle/working/Hindi-ASR-Whisper-Pipeline/artifacts/q1/preprocess/segments/840793_0064.wav,हां नहीं नहीं
840793,93299,hi,66,662.35,664.3,1.95,/kaggle/working/Hindi-ASR-Whisper-Pipeline/artifacts/q1/preprocess/segments/840793_0066.wav,हां
840793,93299,hi,67,671.38,676.09,4.71,/kaggle/working/Hindi-ASR-Whisper-Pipeline/artifacts/q1/preprocess/segments/840793_0067.wav,हां हु
840793,93299,hi,68,683.17,685.6,2.43,/kaggle/working/Hindi-ASR-Whisper-Pipeline/artifacts/q1/preprocess/segments/840793_0068.wav,हा हा वही ना
840793,93299,hi,69,688.84,703.33,14.49,/kaggle/working/Hindi-ASR-Whisper-Pipeline/artifacts/q1/preprocess/segments/840793_0069.wav,हां सर पता क्या है कि अ जैसे अ हम लोग ऐसे बात करते हैं तो हां हम जैसे हम घरवालों से बोले ना तो वो बोलते हैं कि वो लोग भी तो है जो टेस्ट क्लियर कर जाते हैं
840793,93299,hi,70,703.9,717.43,13.53,/kaggle/working/Hindi-ASR-Whisper-Pipeline/artifacts/q1/preprocess/segments/840793_0070.wav,ठीक है फिर यह बात आ जाती है तो अगर हम इस चीज के बारे में बात कर कुछ कुछ टेस्ट में मानती हूं कि हमारा लक भी होता है लेकिन जैसे एस बी आई के एग्जाम हो जाते है है ना
840793,93299,hi,71,717.58,731.83,14.25,/kaggle/working/Hindi-ASR-Whisper-Pipeline/artifacts/q1/preprocess/segments/840793_0071.wav,तो मैं मानती नहीं हु कि इन चीजों में लक होता है क्योंकि इन चीजों में मेह मेहनत चाहिए तो सर पहले जो समय थे ना हमारे दादू बताते हैं कि उन्होंने भी जैसे उस समय में प्लस टू करी है तो कहते है की
840793,93299,hi,72,731.86,745.36,13.5,/kaggle/working/Hindi-ASR-Whisper-Pipeline/artifacts/q1/preprocess/segments/840793_0072.wav,वो प्लस टू बी ए तक मानी जाती थी तब तो कहते हैं कि हमें तब ना गवर्नमेंट जोब मिलेगी थी प्लस टू करते उह समय ही मेरे दादू के जो जितने तीने तीनों भाई ऐसे गवर्नमेंट जो ही करते हैं
840793,93299,hi,73,745.72,752.89,7.17,/kaggle/working/Hindi-ASR-Whisper-Pipeline/artifacts/q1/preprocess/segments/840793_0073.wav,तो मतलब वो बोलते हैं कि तब ना ऐसा भी वक्त था कि लोग घर घर से खींच खींच के लेके जाते थे जॉब के लिए
840793,93299,hi,78,788.05,791.14,3.09,/kaggle/working/Hindi-ASR-Whisper-Pipeline/artifacts/q1/preprocess/segments/840793_0078.wav,हु हां ये भी है
840793,93299,hi,79,797.68,801.07,3.39,/kaggle/working/Hindi-ASR-Whisper-Pipeline/artifacts/q1/preprocess/segments/840793_0079.wav,जी यह बात तो सही
840793,93299,hi,80,803.35,815.17,11.82,/kaggle/working/Hindi-ASR-Whisper-Pipeline/artifacts/q1/preprocess/segments/840793_0080.wav,नहीं नहीं आप बिल्कुल सही बोल रहे हैं लोग लोग जो है ना वो तो फिर अ अगर जिन्होंने ठान लिया होता है तो सर वो तो फिर दिन दिन रात रात तक यही मेहनत ही करते हैं पर सर मैं
840793,93299,hi,81,815.17,822.16,6.99,/kaggle/working/Hindi-ASR-Whisper-Pipeline/artifacts/q1/preprocess/segments/840793_0081.wav,कुछ कुछ देखे भी हैं जो बिचारे इतनी मेहनत करने के बावजूद भी रह जाते हैं तब
840793,93299,hi,84,836.32,839.14,2.82,/kaggle/working/Hindi-ASR-Whisper-Pipeline/artifacts/q1/preprocess/segments/840793_0084.wav,हां हुं
840793,93299,hi,86,854.41,856.81,2.4,/kaggle/working/Hindi-ASR-Whisper-Pipeline/artifacts/q1/preprocess/segments/840793_0086.wav,हम्म
840793,93299,hi,88,866.71,870.46,3.75,/kaggle/working/Hindi-ASR-Whisper-Pipeline/artifacts/q1/preprocess/segments/840793_0088.wav,हां हम्म हम्म
840793,93299,hi,89,900.04,902.77,2.73,/kaggle/working/Hindi-ASR-Whisper-Pipeline/artifacts/q1/preprocess/segments/840793_0089.wav,हां हाँ हाँ मुझे पता है सर आप डोंट वरी हाँ
840793,93299,hi,90,905.65,915.46,9.81,/kaggle/working/Hindi-ASR-Whisper-Pipeline/artifacts/q1/preprocess/segments/840793_0090.wav,हाँ हाँ सर चिंता मत करो हेलो हां हां हेलो हां जी मुझे आवाज आ रही है आपकी मैंने बोला चिंता मत करो मैं बीस मिनट के पहले ही काट दूंगी
840793,93299,hi,93,937.24,938.68,1.44,/kaggle/working/Hindi-ASR-Whisper-Pipeline/artifacts/q1/preprocess/segments/840793_0093.wav,हा हु हु
840793,93299,hi,95,948.97,953.74,4.77,/kaggle/working/Hindi-ASR-Whisper-Pipeline/artifacts/q1/preprocess/segments/840793_0095.wav,हम्ममम
840793,93299,hi,96,956.77,959.71,2.94,/kaggle/working/Hindi-ASR-Whisper-Pipeline/artifacts/q1/preprocess/segments/840793_0096.wav,हा हा
840793,93299,hi,97,966.52,976.96,10.44,/kaggle/working/Hindi-ASR-Whisper-Pipeline/artifacts/q1/preprocess/segments/840793_0097.wav,मैं कहती हूँ कि अ जैसे मैं आह जिस जगह पे मैं रहती हूँ जैसे कि हम लोगों को अह जैसे आई टी कंपनीज के लिए हमें दूर दूर जाना पड़ता है
840793,93299,hi,98,977.47,988.24,10.77,/kaggle/working/Hindi-ASR-Whisper-Pipeline/artifacts/q1/preprocess/segments/840793_0098.wav,हाँ ना जैसे चंडीगढ़ वगैरा देलहि नोएडा लुधियाना पटियाला ये सब में चाहती हूं कि हमारे जैसे अमृतसर शहर है वहां पे भी कुछ ऐसे चीजें ओपन हो जाएं जो
840793,93299,hi,99,988.6,993.16,4.56,/kaggle/working/Hindi-ASR-Whisper-Pipeline/artifacts/q1/preprocess/segments/840793_0099.wav,मतलब लोगों को ये कंपनी जैसे आइ_टी करी हुई हैं लोग घर पे बैठे हैं अभी भी
840793,93299,hi,100,996.55,1001.44,4.89,/kaggle/working/Hindi-ASR-Whisper-Pipeline/artifacts/q1/preprocess/segments/840793_0100.wav,तो हूँ
840793,93299,hi,102,1013.65,1015.99,2.34,/kaggle/working/Hindi-ASR-Whisper-Pipeline/artifacts/q1/preprocess/segments/840793_0102.wav,हम हां
840793,93299,hi,104,1022.23,1024.81,2.58,/kaggle/working/Hindi-ASR-Whisper-Pipeline/artifacts/q1/preprocess/segments/840793_0104.wav,हम्म
840793,93299,hi,106,1033.54,1035.52,1.98,/kaggle/working/Hindi-ASR-Whisper-Pipeline/artifacts/q1/preprocess/segments/840793_0106.wav,हम्म
840793,93299,hi,107,1038.55,1040.17,1.62,/kaggle/working/Hindi-ASR-Whisper-Pipeline/artifacts/q1/preprocess/segments/840793_0107.wav,हूँ
840793,93299,hi,108,1045.54,1049.2,3.66,/kaggle/working/Hindi-ASR-Whisper-Pipeline/artifacts/q1/preprocess/segments/840793_0108.wav,हा
840793,93299,hi,109,1062.52,1068.64,6.12,/kaggle/working/Hindi-ASR-Whisper-Pipeline/artifacts/q1/preprocess/segments/840793_0109.wav,हां है तो लेकिन हमारी फैमिली का यही मान है कि जो दो नंबर का पैसा होता है वो पचता ही नहीं है
840793,93299,hi,110,1073.05,1087.69,14.64,/kaggle/working/Hindi-ASR-Whisper-Pipeline/artifacts/q1/preprocess/segments/840793_0110.wav,पचाने वाले पचा लेते हैं हं हं हं हं हांजी चलो ठीक हां हां टाइम समापत हो रहा है अभी नौ उन्नीस मिनट होने वाले हैं
840793,93299,hi,111,1089.61,1096.72,7.11,/kaggle/working/Hindi-ASR-Whisper-Pipeline/artifacts/q1/preprocess/segments/840793_0111.wav,ओके ओके सर आपने बात करी है ज्यादा मुझे बहुत अच्छा लगा ओके सर थैंक यू
857737,212988,hi,0,28.84,31.03,2.19,/kaggle/working/Hindi-ASR-Whisper-Pipeline/artifacts/q1/preprocess/segments/857737_0000.wav,मुझे भी एक बेबी पसन्द था
857737,212988,hi,1,40.33,41.59,1.26,/kaggle/working/Hindi-ASR-Whisper-Pipeline/artifacts/q1/preprocess/segments/857737_0001.wav,जी मेरा आवाज आ रही है
857737,212988,hi,2,43.72,57.55,13.83,/kaggle/working/Hindi-ASR-Whisper-Pipeline/artifacts/q1/preprocess/segments/857737_0002.wav,हां अब मुझे भी क्रिकेट ही पसंद था और उसके साथ सब मुझे फूटबॉल और बॉलीबॉल भी पसंद था तो मैं भी अक्सर ऐसे ही खेलने जाया करता था क्रिकेट फूटबॉल बॉलीबॉल और
857737,212988,hi,3,58.0,72.73,14.73,/kaggle/working/Hindi-ASR-Whisper-Pipeline/artifacts/q1/preprocess/segments/857737_0003.wav,अभी भी मैं कभीकभी खेल लेता हूं तो आमने सामने के गांव में भी जाता था बाहर भी जाता था तो खेलने का अनुभव कुछ ऐसा ही रहा है जी
857737,212988,hi,4,89.02,96.43,7.41,/kaggle/working/Hindi-ASR-Whisper-Pipeline/artifacts/q1/preprocess/segments/857737_0004.wav,हां हां लूडो कैरम भी मैंने खेला है ऐसा नहीं कि लूडो कैरम नहीं खेला है
857737,212988,hi,5,98.56,99.85,1.29,/kaggle/working/Hindi-ASR-Whisper-Pipeline/artifacts/q1/preprocess/segments/857737_0005.wav,लूडो कैरम भी खेला है
857737,212988,hi,7,108.82,121.93,13.11,/kaggle/working/Hindi-ASR-Whisper-Pipeline/artifacts/q1/preprocess/segments/857737_0007.wav,हा लूडो में जैसे जब मैं स्कूल में पढ़ता था उस टाइम में लूडो खेलता था उस टाइम पे दोस्तों के साथ खेलता था घर मे घरवालों के साथ खेलता था
857737,212988,hi,8,122.83,134.92,12.09,/kaggle/working/Hindi-ASR-Whisper-Pipeline/artifacts/q1/preprocess/segments/857737_0008.wav,और कैरम भी बहुत पसंद था तो कैरम भी मैं खेलता था और कैरम में अच्छा प्लेयर था आप अगर कुछ शेयर करना चाहे तो
857737,212988,hi,15,212.98,217.48,4.5,/kaggle/working/Hindi-ASR-Whisper-Pipeline/artifacts/q1/preprocess/segments/857737_0015.wav,हम्म तो आपको भी सांप सीढ़ी वगैरह खेलना पसंद था
857737,212988,hi,17,231.64,233.53,1.89,/kaggle/working/Hindi-ASR-Whisper-Pipeline/artifacts/q1/preprocess/segments/857737_0017.wav,हाँ
857737,212988,hi,18,237.97,241.87,3.9,/kaggle/working/Hindi-ASR-Whisper-Pipeline/artifacts/q1/preprocess/segments/857737_0018.wav,हाँ तो
857737,212988,hi,19,250.81,252.1,1.29,/kaggle/working/Hindi-ASR-Whisper-Pipeline/artifacts/q1/preprocess/segments/857737_0019.wav,हां
857737,212988,hi,20,255.91,269.59,13.68,/kaggle/working/Hindi-ASR-Whisper-Pipeline/artifacts/q1/preprocess/segments/857737_0020.wav,हा मैं यही कहना चाहूंगा कि मतलब प्लूटो और यह तो नहीं कैरम तो नहीं मतलब इसके अलावा जैसे अ
857737,212988,hi,21,269.65,276.97,7.32,/kaggle/working/Hindi-ASR-Whisper-Pipeline/artifacts/q1/preprocess/segments/857737_0021.wav,मतलब अगर कोई मोबाइल में गेम खेल रहे हैं जैसे पबजी खेल रहे हैं या और गेम खेल रहे हैं तो वह खेल
857737,212988,hi,24,296.77,302.32,5.55,/kaggle/working/Hindi-ASR-Whisper-Pipeline/artifacts/q1/preprocess/segments/857737_0024.wav,नहीं आह फिलहाल तो यही काफी है आप आगे प टॉपिक मंगवाये
857737,212988,hi,26,317.56,320.77,3.21,/kaggle/working/Hindi-ASR-Whisper-Pipeline/artifacts/q1/preprocess/segments/857737_0026.wav,तो इस तरह का गम गेम कभी खेले हैं क्या छिप छिपाई वाला
857737,212988,hi,29,371.92,385.9,13.98,/kaggle/working/Hindi-ASR-Whisper-Pipeline/artifacts/q1/preprocess/segments/857737_0029.wav,हा ये क्या होता है कि स्कूल से आने के बाद कभी कभार हम लोग भी खेल लेते हैं और मतलब छुपण छुपाई भी खेलते थे पेटे पाई पीड़्यू खेलते थे अलग अलग तरीके का खेल खेलते थे
857737,212988,hi,30,387.25,389.08,1.83,/kaggle/working/Hindi-ASR-Whisper-Pipeline/artifacts/q1/preprocess/segments/857737_0030.wav,गांव के सभी बच्चे मिलकर चलते थे
857737,212988,hi,31,403.54,407.59,4.05,/kaggle/working/Hindi-ASR-Whisper-Pipeline/artifacts/q1/preprocess/segments/857737_0031.wav,नहीं और जब तो कुछ कहाना नहीं हैं आप अगर कुछ कहाना चाहिए
857737,212988,hi,32,419.77,426.64,6.87,/kaggle/working/Hindi-ASR-Whisper-Pipeline/artifacts/q1/preprocess/segments/857737_0032.wav,हाँ तो ऐसा कभी हुआ है कि खेलकूद दिवस का कोई गेम में है आप पार्टिस्पेट किए हैं
857737,212988,hi,33,440.74,442.75,2.01,/kaggle/working/Hindi-ASR-Whisper-Pipeline/artifacts/q1/preprocess/segments/857737_0033.wav,हां
857737,212988,hi,38,515.35,517.45,2.1,/kaggle/working/Hindi-ASR-Whisper-Pipeline/artifacts/q1/preprocess/segments/857737_0038.wav,जी क्लिक
857737,212988,hi,39,534.91,539.35,4.44,/kaggle/working/Hindi-ASR-Whisper-Pipeline/artifacts/q1/preprocess/segments/857737_0039.wav,लेकिन फिर भी आप लोग जीत गए
857737,212988,hi,41,545.2,559.39,14.19,/kaggle/working/Hindi-ASR-Whisper-Pipeline/artifacts/q1/preprocess/segments/857737_0041.wav,ये तो मतलब काफी अच्छा बात है हां आ मेरे साथ भी कुछ ऐसा ही अनुभव रहा था हां आ मतलब मैं जब खेला करता था तो स्कूल टीम में
857737,212988,hi,42,559.45,574.18,14.73,/kaggle/working/Hindi-ASR-Whisper-Pipeline/artifacts/q1/preprocess/segments/857737_0042.wav,मैं कैप्टन हुआ करता था तो उसके साथ साथ क्या था कि मतलब कैप्टेंसी के साथ साथ एक रिस्पॉन्सबिलिटी भी आता है कि आपका स्कूल को रिप्रेजेंट करना है स्कूल को जिताना है
857737,212988,hi,43,576.34,589.75,13.41,/kaggle/working/Hindi-ASR-Whisper-Pipeline/artifacts/q1/preprocess/segments/857737_0043.wav,तो यह होता है लेकिन उसके साथ ही मतलब अं अं हम लोग जब ही मतलब अ अ
857737,212988,hi,44,590.71,601.6,10.89,/kaggle/working/Hindi-ASR-Whisper-Pipeline/artifacts/q1/preprocess/segments/857737_0044.wav,टाइम मिलता था तो सभी तरह का गेम खेलते थे जैसे अपना कबड्डी वगैरह जैसे आपने मेंनशन किया है तो कबड्डी भी होता था तो
857737,212988,hi,45,603.88,605.92,2.04,/kaggle/working/Hindi-ASR-Whisper-Pipeline/artifacts/q1/preprocess/segments/857737_0045.wav,हाँ ये तो
857737,212988,hi,46,608.17,610.12,1.95,/kaggle/working/Hindi-ASR-Whisper-Pipeline/artifacts/q1/preprocess/segments/857737_0046.wav,जी
857737,212988,hi,47,623.89,626.53,2.64,/kaggle/working/Hindi-ASR-Whisper-Pipeline/artifacts/q1/preprocess/segments/857737_0047.wav,ढलते सूरज के नीचे खेलना
857737,212988,hi,52,682.06,685.3,3.24,/kaggle/working/Hindi-ASR-Whisper-Pipeline/artifacts/q1/preprocess/segments/857737_0052.wav,जी हां
857737,212988,hi,53,687.7,701.29,13.59,/kaggle/working/Hindi-ASR-Whisper-Pipeline/artifacts/q1/preprocess/segments/857737_0053.wav,हाँ क्या होता था की जो टूर्नामेंत्स होते थे बॉलीबॉल के या क्रिकेट के अ वो जादातर शुरु होते थे आपका अ उसी टाइम पे मतलब शाम के टाइम पे तो ये था
857737,212988,hi,54,701.5,712.69,11.19,/kaggle/working/Hindi-ASR-Whisper-Pipeline/artifacts/q1/preprocess/segments/857737_0054.wav,की हां वॉलीबॉल के टूर्नामेंट जब भी मैं खेलने जाता था तो थोडा लेट ही जाता था तो अहह ढलते सूरज के नीचे खेलते थे लेकिन
857737,212988,hi,55,712.72,725.56,12.84,/kaggle/working/Hindi-ASR-Whisper-Pipeline/artifacts/q1/preprocess/segments/857737_0055.wav,ये आपने सही बताया की उस टाइम पे तो धूप हमे लगता नही था क्योंकि खेल का जुनून सवार रहता था हालांकि अभी अगर मौका मिलता है तो अभी जाने का मन नही करता है क्योंकि अभी मतलब बहुत ज्यादा गर्मी लगता है
857737,212988,hi,56,735.13,737.5,2.37,/kaggle/working/Hindi-ASR-Whisper-Pipeline/artifacts/q1/preprocess/segments/857737_0056.wav,जी
857737,212988,hi,57,740.47,744.43,3.96,/kaggle/working/Hindi-ASR-Whisper-Pipeline/artifacts/q1/preprocess/segments/857737_0057.wav,जी
857737,212988,hi,58,761.26,775.36,14.1,/kaggle/working/Hindi-ASR-Whisper-Pipeline/artifacts/q1/preprocess/segments/857737_0058.wav,हां बात तो सही है आज कल के बच्चे जो है ना वह थोड़ा सा मतलब मोबाइल पर ज्यादा फोकस होना चाहते हैं ना कि फिजिकली जो भी एक्टिविटी वाला गेम होता है जैसे क्रिकट गया या फिर अ
857737,212988,hi,59,775.36,787.84,12.48,/kaggle/working/Hindi-ASR-Whisper-Pipeline/artifacts/q1/preprocess/segments/857737_0059.wav,जो भी हो आउटडोर गेम से उससे ज्यादा मतलब मोबाइल में जो गेम होते हैं वो खेलना ज्यादा पसंद करते हैं बच्चे वो तब से जी
857737,212988,hi,60,794.11,797.17,3.06,/kaggle/working/Hindi-ASR-Whisper-Pipeline/artifacts/q1/preprocess/segments/857737_0060.wav,जी हाँ
857737,212988,hi,61,804.19,805.81,1.62,/kaggle/working/Hindi-ASR-Whisper-Pipeline/artifacts/q1/preprocess/segments/857737_0061.wav,जी
857737,212988,hi,62,810.94,825.61,14.67,/kaggle/working/Hindi-ASR-Whisper-Pipeline/artifacts/q1/preprocess/segments/857737_0062.wav,हां उन्हें क्या है कि मोबाइल में सारा चीज थोड़ा आसानी से और टाइम पास आ करने का जरिया मिल जाता है तो वो मतलब बाहर निकलना वह पसंद नहीं करते हैं
857737,212988,hi,63,825.76,840.13,14.37,/kaggle/working/Hindi-ASR-Whisper-Pipeline/artifacts/q1/preprocess/segments/857737_0063.wav,और इसका जो परिणाम हैं वो भी काफी गंभीर है कि उन लोग को ही भुगतना पड़ रहा है क्योंकि कम उमर में ही बहुत गंभीर गंभीर बिमारियां आ जा रही हैं और मतलब
857737,212988,hi,64,841.54,845.86,4.32,/kaggle/working/Hindi-ASR-Whisper-Pipeline/artifacts/q1/preprocess/segments/857737_0064.wav,ये सब चीज़े हो रही है अभी
857737,212988,hi,65,883.36,886.57,3.21,/kaggle/working/Hindi-ASR-Whisper-Pipeline/artifacts/q1/preprocess/segments/857737_0065.wav,जी बात आपका पूरापूरा सही है
857737,212988,hi,66,891.13,905.35,14.22,/kaggle/working/Hindi-ASR-Whisper-Pipeline/artifacts/q1/preprocess/segments/857737_0066.wav,REDACTED
857737,212988,hi,67,913.57,927.19,13.62,/kaggle/working/Hindi-ASR-Whisper-Pipeline/artifacts/q1/preprocess/segments/857737_0067.wav,हम्म हम्म बचपन मुझे तो मुझे तो क्रिकेट ज्यादा पसंद था
857737,212988,hi,68,929.65,934.45,4.8,/kaggle/working/Hindi-ASR-Whisper-Pipeline/artifacts/q1/preprocess/segments/857737_0068.wav,आपको अ
857737,212988,hi,69,937.03,949.39,12.36,/kaggle/working/Hindi-ASR-Whisper-Pipeline/artifacts/q1/preprocess/segments/857737_0069.wav,हां अभी भी क्रिकेट ही पसंद है क्योंकि मतलब देखिए कुछ चीजें होता है न जो रिप्लेसेबल होता है और एक बार जिस जो चीज में मन बस जाए न वो चीज से मन हटना बहुत मुश्किल है तो
857737,212988,hi,70,949.66,961.75,12.09,/kaggle/working/Hindi-ASR-Whisper-Pipeline/artifacts/q1/preprocess/segments/857737_0070.wav,हम लोग का जेनरेशन में उतना ज्यादा मोबाइल का प्रभाव था नहीं तो हमें ज्यादा दूसरा खेल से मतलब था नहीं है कि नहीं बोलिए
857737,212988,hi,71,962.02,970.48,8.46,/kaggle/working/Hindi-ASR-Whisper-Pipeline/artifacts/q1/preprocess/segments/857737_0071.wav,तो हम लोग को जो करना था मोबाइल के साथ करना था सॉरी आह बाहर जाके करना था
857737,212988,hi,72,972.58,974.11,1.53,/kaggle/working/Hindi-ASR-Whisper-Pipeline/artifacts/q1/preprocess/segments/857737_0072.wav,हाँ मोबाइल होते ही नहीं थे
857737,212988,hi,73,977.2,988.0,10.8,/kaggle/working/Hindi-ASR-Whisper-Pipeline/artifacts/q1/preprocess/segments/857737_0073.wav,जी जी जी बाहर जाइए बाहर से खेलिए तो यही था हमारा बचपन में
857737,212988,hi,74,989.5,992.98,3.48,/kaggle/working/Hindi-ASR-Whisper-Pipeline/artifacts/q1/preprocess/segments/857737_0074.wav,और उसका जो भी हमारे पास है खट्टा मिट्ठा याद भी है
857737,212988,hi,75,995.62,1001.2,5.58,/kaggle/working/Hindi-ASR-Whisper-Pipeline/artifacts/q1/preprocess/segments/857737_0075.wav,लेकिन है नही हां आप अगर
857737,212988,hi,76,1003.99,1007.41,3.42,/kaggle/working/Hindi-ASR-Whisper-Pipeline/artifacts/q1/preprocess/segments/857737_0076.wav,हाँ आप अगर कुछ बताना चाहें तो
857737,212988,hi,77,1009.99,1014.43,4.44,/kaggle/working/Hindi-ASR-Whisper-Pipeline/artifacts/q1/preprocess/segments/857737_0077.wav,अच्छा एक चीज पूछना था मुझे जोशटॉक के बारे में
857737,212988,hi,78,1019.05,1025.41,6.36,/kaggle/working/Hindi-ASR-Whisper-Pipeline/artifacts/q1/preprocess/segments/857737_0078.wav,अच्छा अच्छा ठीक चेक डालो आप
886193,219333,hi,0,0.41,13.37,12.96,/kaggle/working/Hindi-ASR-Whisper-Pipeline/artifacts/q1/preprocess/segments/886193_0000.wav,मतलब उन्होंने मतलब मुझे एकदम अच्छे से समझाया है हर चीज में पर कभी भी मेरे ऊपर किसी भी चीज का प्रेसर नहीं डाला ना पढ़ाई को लेके ना जॉब वगैरा को लेके कभी भी ऐसा नही हुआ मतलब उनका जो अनुशासन था हाँ
886193,219333,hi,1,13.58,27.41,13.83,/kaggle/working/Hindi-ASR-Whisper-Pipeline/artifacts/q1/preprocess/segments/886193_0001.wav,समय के प्रति लगाव के हम उन्होंने ही मुझे सिखाया कि हमें समय समय की कदर करनी चाहिए क्योंकि अगर आज हमारा वो बचपन में एक ही बात कहते थे कि आज तुम जितना मौज मस्ती कर लोगी वो ठीक है अगर तुम आज पढ़ लिख लोगी या कुछ कर
886193,219333,hi,2,27.41,42.26,14.85,/kaggle/working/Hindi-ASR-Whisper-Pipeline/artifacts/q1/preprocess/segments/886193_0002.wav,पढ़ लोगी तो बाद के पचास साल तुम्हारे अच्छे होंगे अभी के अच्छे कर लो या फिर बाद के अच्छे कर लो ये तुम्हारे ऊपर निर्भर करता है तो वो मुझे समय का ऐसे वो करते थे प परिवार के लिए उन्होंने बहुत सारे सेक्रीफियस किए खुद के लिए कुछ नहीं करना बस अपने बच्चों
886193,219333,hi,3,42.29,57.11,14.82,/kaggle/working/Hindi-ASR-Whisper-Pipeline/artifacts/q1/preprocess/segments/886193_0003.wav,तो अकेली करना परिवार के लिए करना तो ये सारी चीजों को देख के मुझे बहुत ना मिलती थी मतलब कोई इंसान इतना कैसे कर सकता है मतलब वो बिना कोई उसके हां हां तो ये सब इस लिए वो मेरे आदर्श हैं
886193,219333,hi,4,58.79,63.26,4.47,/kaggle/working/Hindi-ASR-Whisper-Pipeline/artifacts/q1/preprocess/segments/886193_0004.wav,तो आपके कौन है मतलब पहले आदर्श जी
886193,219333,hi,5,75.32,76.37,1.05,/kaggle/working/Hindi-ASR-Whisper-Pipeline/artifacts/q1/preprocess/segments/886193_0005.wav,जी बोलिये
886193,219333,hi,6,91.73,97.73,6.0,/kaggle/working/Hindi-ASR-Whisper-Pipeline/artifacts/q1/preprocess/segments/886193_0006.wav,REDACTED
886193,219333,hi,10,129.32,138.35,9.03,/kaggle/working/Hindi-ASR-Whisper-Pipeline/artifacts/q1/preprocess/segments/886193_0010.wav,बिल्कुल बिल्कुल जैसे होते हैं ना कुछ मतलब माता पिता होते हैं बच्चों को ऐसे प्रेसर देते हैं माक्स को लेकर या जिन्दगी को लेकर
886193,219333,hi,11,140.78,151.28,10.5,/kaggle/working/Hindi-ASR-Whisper-Pipeline/artifacts/q1/preprocess/segments/886193_0011.wav,हां ऐसा होना ही चाहिए तभी मतलब मां बाप से और बच्चों का ऐसे लगाव जुडा रहता है हां जी
886193,219333,hi,12,161.72,174.71,12.99,/kaggle/working/Hindi-ASR-Whisper-Pipeline/artifacts/q1/preprocess/segments/886193_0012.wav,हां मतलब एक मतलब में अगर बोलूं वैसे तो बहुत सारे ऐसे लोग है तो बहुत सारे लोग है तो मुझे जो एक बहुत अच्छे लगते है वो है डॉक्टर एपीजे अब्दूल कलाम
886193,219333,hi,13,175.25,186.98,11.73,/kaggle/working/Hindi-ASR-Whisper-Pipeline/artifacts/q1/preprocess/segments/886193_0013.wav,उनके बारे में आपको पता ही होगा जी मतलब ये कीतने छोटे से नॉर्मल फैमिली से उठके इतना मतलब खुद्को इतना मतलब वो बड़ा बनाना मतलब सिर्फ वैज्ञानिक के रूप में नहीं मतलब बल्कि
886193,219333,hi,14,186.98,200.84,13.86,/kaggle/working/Hindi-ASR-Whisper-Pipeline/artifacts/q1/preprocess/segments/886193_0014.wav,राष्ट्रपति भी बने वो और मतलब हर युवा के दिल में है मतलब हर युवा मतलब सब उन्हें जानते हैं इतना बड़ा नाम बना लिया कि इतने नॉर्मल फैमिली से गांव से आते हैं वो तो हाँ उनकी जो सादगी है मुझे बहुत पसंद है जो
886193,219333,hi,15,201.08,215.63,14.55,/kaggle/working/Hindi-ASR-Whisper-Pipeline/artifacts/q1/preprocess/segments/886193_0015.wav,और उनका एक बात भी है कि जो कुछ ऐसा था सपने वह है जो मतलब जो नींद में आए तो ऐसे जो आप नींद में भी देखो वह सपने है आपके तो सही बात है ऐसा तो होना ही चाहिए कि आपके ऐसे सपने
886193,219333,hi,16,215.63,223.85,8.22,/kaggle/working/Hindi-ASR-Whisper-Pipeline/artifacts/q1/preprocess/segments/886193_0016.wav,नहीं वो जो आपको हमेशा लगे हा मुझे ये करना है करना है इसलिए मुझे एपीजे अब्दुल कलाम की हांजी
886193,219333,hi,17,230.36,242.78,12.42,/kaggle/working/Hindi-ASR-Whisper-Pipeline/artifacts/q1/preprocess/segments/886193_0017.wav,हाँ हाँ अरे हाँ यह था कि सपना वो है जो नींद ना आने दे मतलब नींद ही ना आने दे जी बिल्कुल आपने सही कहा हाँ हाँ तो नींद न आने दे मतलब ऐसे गहरा बहुत गहराई है इस बात में वैसे तो
886193,219333,hi,18,243.44,247.79,4.35,/kaggle/working/Hindi-ASR-Whisper-Pipeline/artifacts/q1/preprocess/segments/886193_0018.wav,वैसे भी इनकी सारी बातें मुझे बहोत पसंद है तो ये एक वैसे व्यक्ति है मेरे लि
886193,219333,hi,19,252.8,266.36,13.56,/kaggle/working/Hindi-ASR-Whisper-Pipeline/artifacts/q1/preprocess/segments/886193_0019.wav,हां हां जी तो भी कोई घमंड नहीं कुछ भी नहीं हां हां हां हां
886193,219333,hi,20,268.01,274.76,6.75,/kaggle/working/Hindi-ASR-Whisper-Pipeline/artifacts/q1/preprocess/segments/886193_0020.wav,सही बात है तो आपके आपको मतलब ऐसा कौन सा व्यक्ति पसंद है जिससे आप प्रेरित होते हो
886193,219333,hi,21,290.09,294.59,4.5,/kaggle/working/Hindi-ASR-Whisper-Pipeline/artifacts/q1/preprocess/segments/886193_0021.wav,हा हम्म हा
886193,219333,hi,22,297.5,299.33,1.83,/kaggle/working/Hindi-ASR-Whisper-Pipeline/artifacts/q1/preprocess/segments/886193_0022.wav,हां
886193,219333,hi,24,315.53,328.97,13.44,/kaggle/working/Hindi-ASR-Whisper-Pipeline/artifacts/q1/preprocess/segments/886193_0024.wav,हां बिल्कुल ऐसा ही करना भी चाहिए मतलब सबसे ज्यादा तो प्रेरणा हमारे मां बाप ही देते हैं हां हां सही बात है अच्छा भी आएगा
886193,219333,hi,25,334.67,345.47,10.8,/kaggle/working/Hindi-ASR-Whisper-Pipeline/artifacts/q1/preprocess/segments/886193_0025.wav,हां हां सही बात है ये एक कहावत भी है न कि अगर रात होती है तो सबेरा भी होता है तो कुछ प्रॉबलम है तो वो सही भी हो जाएगा हां
886193,219333,hi,26,353.36,368.0,14.64,/kaggle/working/Hindi-ASR-Whisper-Pipeline/artifacts/q1/preprocess/segments/886193_0026.wav,हां बस आगे का नहीं सोचते हैं हां हां कुछ लोग ऐसे भी होते मतलब एक बार असफल हो जाते हैं तो वो हार ही मान लेते हैं कि अब मुझे करना ही नहीं है तो ऐसा करना नहीं चाहिए वेसे हां
886193,219333,hi,27,368.42,377.3,8.88,/kaggle/working/Hindi-ASR-Whisper-Pipeline/artifacts/q1/preprocess/segments/886193_0027.wav,REDACTED
886193,219333,hi,28,380.06,385.49,5.43,/kaggle/working/Hindi-ASR-Whisper-Pipeline/artifacts/q1/preprocess/segments/886193_0028.wav,हा ये तो हो गया हा
886193,219333,hi,30,395.48,409.67,14.19,/kaggle/working/Hindi-ASR-Whisper-Pipeline/artifacts/q1/preprocess/segments/886193_0030.wav,हां तो जैसे मैं बोलूं तो मेरे लिए तो मतलब पापा ही है तो मतलब मैंने उन्हें देखा है कि कितना भी मतलब खराब सिचुएशन हो नकारात्मक मतलब सिचुएशन हो वो एकदम पॉजिटिव रहते हैं
886193,219333,hi,31,409.67,422.96,13.29,/kaggle/working/Hindi-ASR-Whisper-Pipeline/artifacts/q1/preprocess/segments/886193_0031.wav,पॉजिटिव रहते हैं ऐसे यह नहीं कि घबरा जाना हार मान लेना तो मैं भी यही परियास करती हूं कि हार मतलब मुश्किल अ सिचुएशन में खुद को शांत रखु और ऐसा होता है ना हम कुछ भी होता है जिंदगी में तो ऐसे शिकायत करते है
886193,219333,hi,32,423.02,437.69,14.67,/kaggle/working/Hindi-ASR-Whisper-Pipeline/artifacts/q1/preprocess/segments/886193_0032.wav,कि नहीं ऐसा हुआ इसलिए यह हुआ ऐसा था इसलिए तो इसके बजाय ना हमें उसका हल ढूंढना चाहिए तो उन्होंने ही मुझे सिखाया है कि जब तक ना लाइफ में मुश्किलें नहीं आएगी जब तक आप असफल नहीं होगे आप सीखोगे भी नहीं आप
886193,219333,hi,33,437.72,451.34,13.62,/kaggle/working/Hindi-ASR-Whisper-Pipeline/artifacts/q1/preprocess/segments/886193_0033.wav,अव जिस जो चीज आपको चाहिए वो आपको ऐसे आसानी से मिल जाएगा तो उसका वैल्यू नहीं पता होगा आपको अगर आप बहुत मेहनत से आप कर रहे हो बारबार असफल होके वो मिल रहा है हां तो कदर होगी उस चीज का वैल्यू पता होगा
886193,219333,hi,34,451.7,462.95,11.25,/kaggle/working/Hindi-ASR-Whisper-Pipeline/artifacts/q1/preprocess/segments/886193_0034.wav,तो यही बात है उन्हीं के ऐसे भावनाएं वाली भरी बातें मुझे कुछ भी चुनौतियां आती है तो से मदद करना जी
886193,219333,hi,35,471.56,474.44,2.88,/kaggle/working/Hindi-ASR-Whisper-Pipeline/artifacts/q1/preprocess/segments/886193_0035.wav,हा फिर
886193,219333,hi,39,494.12,508.4,14.28,/kaggle/working/Hindi-ASR-Whisper-Pipeline/artifacts/q1/preprocess/segments/886193_0039.wav,हां हां हां हां हां सही बात है
886193,219333,hi,40,508.97,514.91,5.94,/kaggle/working/Hindi-ASR-Whisper-Pipeline/artifacts/q1/preprocess/segments/886193_0040.wav,REDACTED
886193,219333,hi,41,521.78,527.54,5.76,/kaggle/working/Hindi-ASR-Whisper-Pipeline/artifacts/q1/preprocess/segments/886193_0041.wav,REDACTED
886193,219333,hi,42,530.03,544.7,14.67,/kaggle/working/Hindi-ASR-Whisper-Pipeline/artifacts/q1/preprocess/segments/886193_0042.wav,हा तो मतलब मुझे कभी भी ऐसा लो फील होता है ना मतलब मे मुझे ऐसा लगता है मैं कर नहीं पा रही हूं या सफल होने वाली हूं तो मतलब मैं ज़्यादा निराश नहीं होती हूं मतलब मैं इंटरनेट पे कोई नोवल वगैरह
886193,219333,hi,43,544.7,558.71,14.01,/kaggle/working/Hindi-ASR-Whisper-Pipeline/artifacts/q1/preprocess/segments/886193_0043.wav,जी मोटिवेशनल पढ़ने लगती हअ मोटिवेशनल स्पीकर को सुनने लगती हूँ जैसे एक बुक है ए पी जे अब्दुल कलाम की है विंग्स ऑफ फायर आपने नाम सुनने होगी विंग्स ऑफ फायर तो हाँ तो उसमें हाँ मैंने पढ़ा है
886193,219333,hi,44,559.07,570.86,11.79,/kaggle/working/Hindi-ASR-Whisper-Pipeline/artifacts/q1/preprocess/segments/886193_0044.wav,या सफलताएं मिली उन्हें कितनी असफलताएं मिली फिर भी मतलब उन्होंने सीखा कुछ ना कुछ हां तो उसी किताब से या मैंने इंटरनेट पर पढ़ाया इसे किताब खरीदा नहीं था मैंने किसी इंटरनेट पर पढ़ा है
886193,219333,hi,45,571.58,582.92,11.34,/kaggle/working/Hindi-ASR-Whisper-Pipeline/artifacts/q1/preprocess/segments/886193_0045.wav,तो उसी चीज ने मुझे ऐसे हिम्मत दी है कि हां उतना चाहिए सफल होने के बाद मैं फिर बारबार मेहनत भी करती हूं बार अगर असफल हो रही हूं फिर भी मैं मेहनत करती हूं जी
886193,219333,hi,46,585.62,591.35,5.73,/kaggle/working/Hindi-ASR-Whisper-Pipeline/artifacts/q1/preprocess/segments/886193_0046.wav,सीखो नई चीज सीखोगे हाँ अब वो गलती दोबारा नहीं करोगे हां हम्म
886193,219333,hi,47,595.04,607.55,12.51,/kaggle/working/Hindi-ASR-Whisper-Pipeline/artifacts/q1/preprocess/segments/886193_0047.wav,हाॅं हाॅं हाॅं हाॅं हाॅं सही बात है गलती मतलब गलती पता चलेगी आपको हाॅं जी बताइये
886193,219333,hi,49,630.41,633.71,3.3,/kaggle/working/Hindi-ASR-Whisper-Pipeline/artifacts/q1/preprocess/segments/886193_0049.wav,हां
886193,219333,hi,50,641.54,645.17,3.63,/kaggle/working/Hindi-ASR-Whisper-Pipeline/artifacts/q1/preprocess/segments/886193_0050.wav,सही बात है बहुत अच्छा करते है आप
886193,219333,hi,51,657.29,663.32,6.03,/kaggle/working/Hindi-ASR-Whisper-Pipeline/artifacts/q1/preprocess/segments/886193_0051.wav,हा जी क्या बोला आपने
886193,219333,hi,53,685.52,696.95,11.43,/kaggle/working/Hindi-ASR-Whisper-Pipeline/artifacts/q1/preprocess/segments/886193_0053.wav,जी हां मोटिवेट हो हां पर आपको समझ भी आ आएगा आपको क्या करना हां हां हां बिल्कुल बिल्कुल
886193,219333,hi,54,698.99,700.49,1.5,/kaggle/working/Hindi-ASR-Whisper-Pipeline/artifacts/q1/preprocess/segments/886193_0054.wav,हां बिल्कुल सही बोले आपने
886193,219333,hi,55,704.03,717.77,13.74,/kaggle/working/Hindi-ASR-Whisper-Pipeline/artifacts/q1/preprocess/segments/886193_0055.wav,हाँ हाँ ये तो होता ही है हाँ इसके बाद है ना क्या आपको लगता है कि रोल मॉडल मार्ग दर्शक होते है कभी कभी
886193,219333,hi,56,718.94,726.71,7.77,/kaggle/working/Hindi-ASR-Whisper-Pipeline/artifacts/q1/preprocess/segments/886193_0056.wav,और कभी कभी ऐसे आखों पे पट्टी
886193,219333,hi,57,732.92,746.66,13.74,/kaggle/working/Hindi-ASR-Whisper-Pipeline/artifacts/q1/preprocess/segments/886193_0057.wav,हां तो मतलब यही है कि मतलब मतलब कि मैं ये मानती हुं कि रोल मॉडल लिख देना का वो मतलब होता है कि हां उन्हें प्रेरणा लेना चाहिए हमें लेकिन हर इंसान को जो है ना जीवन अलग होता हैं ऐसा नहीं होता है कि
886193,219333,hi,58,746.66,761.45,14.79,/kaggle/working/Hindi-ASR-Whisper-Pipeline/artifacts/q1/preprocess/segments/886193_0058.wav,आजीवन एक जैसा है एक जैसा चल रहा है तो अगर हम बिना उसे चीज को समझ बिना समझे की वह क्या कर रहे थे क्यों कर रहे थे जैसे एपीजे अब्दुल कलाम की वह क्या कर रहे थे क्यों कर रहे थे उनकी बस नकल करें ना तो हो सकता है कि वह हमें भ्रम में डाल सकता है
886193,219333,hi,59,761.45,770.45,9.0,/kaggle/working/Hindi-ASR-Whisper-Pipeline/artifacts/q1/preprocess/segments/886193_0059.wav,हम भी साइंटिस्ट बन जाएंगे हम भी राष्ट्रपति बन जाएंगे ऐसा करे तो ऐसा नहीं होता है सबका जीवन अलग होता है हां वही बात है कि रॉल मॉडल हां जी
886193,219333,hi,60,773.48,780.41,6.93,/kaggle/working/Hindi-ASR-Whisper-Pipeline/artifacts/q1/preprocess/segments/886193_0060.wav,हां
886193,219333,hi,61,786.65,801.65,15.0,/kaggle/working/Hindi-ASR-Whisper-Pipeline/artifacts/q1/preprocess/segments/886193_0061.wav,हां हां सही कहा मतलब वही बा वही बात है कि हम ही हैं हां हां हा
886193,219333,hi,62,801.68,813.62,11.94,/kaggle/working/Hindi-ASR-Whisper-Pipeline/artifacts/q1/preprocess/segments/886193_0062.wav,जैसे मैं ही हूँ आप ही हो हाँ तो जैसे मैं ही हूँ आप ही हो आप सोचे कि हम एपीजे अब्दुल कलाम जैसा सब कुछ करेंगे तो हम भी साइंटिस्ट बन जाएंगे हाँ
886193,219333,hi,63,818.51,821.54,3.03,/kaggle/working/Hindi-ASR-Whisper-Pipeline/artifacts/q1/preprocess/segments/886193_0063.wav,हां हां
886193,219333,hi,65,829.67,831.62,1.95,/kaggle/working/Hindi-ASR-Whisper-Pipeline/artifacts/q1/preprocess/segments/886193_0065.wav,हां हां
886193,219333,hi,66,837.41,852.17,14.76,/kaggle/working/Hindi-ASR-Whisper-Pipeline/artifacts/q1/preprocess/segments/886193_0066.wav,जी तो मैं अगर बोलूं ना तो आपने सुना होगा ऐसे शिवरात्रि वगैरा पे या शिवजी की कुछ भी मतलब पूजा वगैरा होती है और लोग ऐसे
886193,219333,hi,67,852.17,866.72,14.55,/kaggle/working/Hindi-ASR-Whisper-Pipeline/artifacts/q1/preprocess/segments/886193_0067.wav,ये भांग और ये सब खाते हैं और क्या क्या मतलब मैं नाम भूल रही हु कुछ कहते हैं उसे तो कहते है कि अरे जो हा शिवरात्रि पे या
886193,219333,hi,68,867.17,872.0,4.83,/kaggle/working/Hindi-ASR-Whisper-Pipeline/artifacts/q1/preprocess/segments/886193_0068.wav,भांग खाते और एक और जो पीते थे वो शिवजी क्या कहते थे उसे
886193,219333,hi,69,876.56,891.41,14.85,/kaggle/working/Hindi-ASR-Whisper-Pipeline/artifacts/q1/preprocess/segments/886193_0069.wav,हां तो लोग वही कहते हैं कि वो करते थे इसलिए हम भी करते हैं हां हम भी करते हैं तो मैं यही कहती हूं कि ठीक है मतलब वो करते थे लेकिन उन्होंने तो विष भी पिया था तो आप भी विष पी लो तो ये चीजें नहीं होती कि जो आप एकदम नकल ही करो
886193,219333,hi,70,899.48,914.33,14.85,/kaggle/working/Hindi-ASR-Whisper-Pipeline/artifacts/q1/preprocess/segments/886193_0070.wav,हाँ हाँ नहीं मैं भांग की बात नहीं कर रही हूँ भांग की बात नहीं कर रही हु एक और कुछ चीज होती है जिसका मैं नाम भूल रही हूँ हा शायद वो गांजा होता है हा गांजा तो हां तो वो भी लो
886193,219333,hi,71,914.33,929.18,14.85,/kaggle/working/Hindi-ASR-Whisper-Pipeline/artifacts/q1/preprocess/segments/886193_0071.wav,होते है हां हां हां हां हां हां तो वो चीज मै कह रही हूँ भांग तो प्रसाद होता है वो तो हमारे में नहीं नहीं भांग वगैरह तो ऐसे लड्डू वगैरह बनते हैं तो तो प्रसाद होते हों तो मैं जानती हूं
886193,219333,hi,72,929.21,935.87,6.66,/kaggle/working/Hindi-ASR-Whisper-Pipeline/artifacts/q1/preprocess/segments/886193_0072.wav,हाँ तो वो नहीं मैं तो वो कह रही हूं वो जिस तरह बुरा है हाँ हाँ
886193,219333,hi,73,938.72,952.4,13.68,/kaggle/working/Hindi-ASR-Whisper-Pipeline/artifacts/q1/preprocess/segments/886193_0073.wav,हां हां हां जी तो वही हमारा यही निष्कर्ष निकलता है कि आदर्श और प्रेरणा हमारे मतलब जीवन को दिशा देता है आप किसी से आदर्श मान रहे हो या किसी से प्रेरणा ले रहे हो
886193,219333,hi,74,952.7,967.4,14.7,/kaggle/working/Hindi-ASR-Whisper-Pipeline/artifacts/q1/preprocess/segments/886193_0074.wav,तो आपके जीवन को दिशा दे तो मतलब कठीन टाइम में आपको वही चीज आपको रोक सकता है कोई भी गलत कदम उठाने से या कुछ भी करने से इसलिए जब हम हां जब भी हम सफल हो जाएंगे अपने जीवन में यही याद करेंगे यही यही लोग मेरे आदर्श
886193,219333,hi,75,967.49,971.78,4.29,/kaggle/working/Hindi-ASR-Whisper-Pipeline/artifacts/q1/preprocess/segments/886193_0075.wav,यही मुझे मोटिवेट करते थे तो वो सारी चीजें अच्छी लगती हैं
886193,219333,hi,76,974.12,982.58,8.46,/kaggle/working/Hindi-ASR-Whisper-Pipeline/artifacts/q1/preprocess/segments/886193_0076.wav,हां मतलब जॉब नहीं करती हूं मतलब मैं स्कूल में पढ़ाती हूं हां फिलहाल तो
886193,219333,hi,77,986.48,999.14,12.66,/kaggle/working/Hindi-ASR-Whisper-Pipeline/artifacts/q1/preprocess/segments/886193_0077.wav,तो हा तो हा हा तो हा हा हा हा
886193,219333,hi,78,1001.24,1011.74,10.5,/kaggle/working/Hindi-ASR-Whisper-Pipeline/artifacts/q1/preprocess/segments/886193_0078.wav,हाँ मतलब हर व्यक्ति को कुछ ना कुछ प्रॉब्लम्स होती है हाँ
886193,219333,hi,79,1014.44,1028.63,14.19,/kaggle/working/Hindi-ASR-Whisper-Pipeline/artifacts/q1/preprocess/segments/886193_0079.wav,यह तो हमारा तो आज का टॉपिक खतम हुआ जी मुझे भी मुझे भी बहुत अच्छा लगा धन्यवाद
888331,232674,hi,2,9.77,14.54,4.77,/kaggle/working/Hindi-ASR-Whisper-Pipeline/artifacts/q1/preprocess/segments/888331_0002.wav,हा हा अच्छा अच्छा ह्म्म
888331,232674,hi,3,19.97,21.44,1.47,/kaggle/working/Hindi-ASR-Whisper-Pipeline/artifacts/q1/preprocess/segments/888331_0003.wav,हाँ बिल्कुल हम्म
888331,232674,hi,4,33.53,35.96,2.43,/kaggle/working/Hindi-ASR-Whisper-Pipeline/artifacts/q1/preprocess/segments/888331_0004.wav,हां बिल्कुल हां हां
888331,232674,hi,6,52.4,54.32,1.92,/kaggle/working/Hindi-ASR-Whisper-Pipeline/artifacts/q1/preprocess/segments/888331_0006.wav,समझ सकता है आपको हां बिल्कुल
888331,232674,hi,8,61.34,65.12,3.78,/kaggle/working/Hindi-ASR-Whisper-Pipeline/artifacts/q1/preprocess/segments/888331_0008.wav,अच्छा अच्छा मैं इसी लाइन पे बोलना चाहूंगा
888331,232674,hi,10,70.91,73.94,3.03,/kaggle/working/Hindi-ASR-Whisper-Pipeline/artifacts/q1/preprocess/segments/888331_0010.wav,ठीक है अभी इस लाइन पर मैं बोलना चाहूँगा
888331,232674,hi,11,75.95,90.62,14.67,/kaggle/working/Hindi-ASR-Whisper-Pipeline/artifacts/q1/preprocess/segments/888331_0011.wav,तो मैं अपना आदर्श के रूप में अपने मां को मानता हूँ क्योंकि मेरे मां ने कभी भी मेरे डिसीजन पे मतलब अह कुछ नहीं बोला
888331,232674,hi,12,91.13,104.36,13.23,/kaggle/working/Hindi-ASR-Whisper-Pipeline/artifacts/q1/preprocess/segments/888331_0012.wav,उनको मतलब भरोसा है कि मैं जो भी डिसिजन लेता हू वो सही होगा मैं कर भी लूंगा तो मेरे मम्मी ने मुझे हमेशा छोटे से ही सपोर्ट किया कभी मेरा मार्क पर अगर अ
888331,232674,hi,13,104.36,119.24,14.88,/kaggle/working/Hindi-ASR-Whisper-Pipeline/artifacts/q1/preprocess/segments/888331_0013.wav,अच्छे नहीं आते थे तब भी मम्मी कहते थे कुछ नहीं कोई नहीं कोई नहीं बेटा अगली बार अच्छा कर लेना मतलब कभी भी डाटा नहीं मुझे कि तूने ऐसा खराब कर लिया दूसरी बार भी खराब करेगा पढ़ता नहीं है ऐसे नहीं तो मेरा मम्मी मतलब मेरा सिचुएशन समझती है तो अभी मैं
888331,232674,hi,14,119.3,133.76,14.46,/kaggle/working/Hindi-ASR-Whisper-Pipeline/artifacts/q1/preprocess/segments/888331_0014.wav,ग्रेजुएशन कंप्लीट किया पर अ अभी जॉब ढूंढ रहा हूं तो मम्मी को अभी भरोसा है कि मैं कुछ कर लूंगा तो इसीलिए मैं मम्मी को अपने आदर्श के रूप में मानता हूं हा बिल्कुल हा
888331,232674,hi,15,136.07,145.67,9.6,/kaggle/working/Hindi-ASR-Whisper-Pipeline/artifacts/q1/preprocess/segments/888331_0015.wav,आ वही वही मेरे मम्मी मुझे कभी भी ना प्रेशर नहीं दिया जो करो अच्छा लग रहा है वही करो
888331,232674,hi,16,148.01,160.94,12.93,/kaggle/working/Hindi-ASR-Whisper-Pipeline/artifacts/q1/preprocess/segments/888331_0016.wav,हां हां बिल्कुल बिल्कुल उसके बाद वाला लाइन है आज के समय में कौनसा व्यक्ति आपको सबसे ज्यादा प्रेरित करता है और उसमें ऐसी कौनसी बात है जो आपसे जुड़ती है
888331,232674,hi,17,167.15,169.22,2.07,/kaggle/working/Hindi-ASR-Whisper-Pipeline/artifacts/q1/preprocess/segments/888331_0017.wav,हां बोलिए हूं
888331,232674,hi,18,175.91,178.4,2.49,/kaggle/working/Hindi-ASR-Whisper-Pipeline/artifacts/q1/preprocess/segments/888331_0018.wav,हा हम्म
888331,232674,hi,21,189.62,194.93,5.31,/kaggle/working/Hindi-ASR-Whisper-Pipeline/artifacts/q1/preprocess/segments/888331_0021.wav,हाँ वही वही हाँ बिल्कुल
888331,232674,hi,22,208.43,209.99,1.56,/kaggle/working/Hindi-ASR-Whisper-Pipeline/artifacts/q1/preprocess/segments/888331_0022.wav,हां नि मै
888331,232674,hi,23,213.89,215.45,1.56,/kaggle/working/Hindi-ASR-Whisper-Pipeline/artifacts/q1/preprocess/segments/888331_0023.wav,हम्म हम्म
888331,232674,hi,24,220.28,234.29,14.01,/kaggle/working/Hindi-ASR-Whisper-Pipeline/artifacts/q1/preprocess/segments/888331_0024.wav,नही नही लाइन शायद हां ये लाइन शायद ऐसा था कि उह आप जो नीद में जो सपना आता है वो सपना नहीं होता है जो आप बैठे बैठे सोचते हो रात को वो ही आपका सपना होता है जिसको पूरा करोगे हां हां
888331,232674,hi,25,235.76,238.28,2.52,/kaggle/working/Hindi-ASR-Whisper-Pipeline/artifacts/q1/preprocess/segments/888331_0025.wav,हां वही वही हां हां हां बिल्कुल
888331,232674,hi,28,246.62,261.14,14.52,/kaggle/working/Hindi-ASR-Whisper-Pipeline/artifacts/q1/preprocess/segments/888331_0028.wav,और ऊ उनमें एक चीज़ अच्छा है जो मतलब अपने छोटे से जो स्ट्रागल किया लाइफ में इतना कुछ फेस किया उसके बाद भी मतलब जब बड़े बन गए कुछ फेमस हो गए नाम उनके बन गए उसके बाद भी उनके ऊपर उनके अंदर मतलब इगो नहीं है कुछ भी नहीं है
888331,232674,hi,29,261.65,272.57,10.92,/kaggle/working/Hindi-ASR-Whisper-Pipeline/artifacts/q1/preprocess/segments/888331_0029.wav,हां सबके साथ मतलब नॉर्मल हमारी तरह ही बात करना वही चीज़ अच्छा लगता है किसी पे बिल्कुल बिल्कुल
888331,232674,hi,30,276.23,290.48,14.25,/kaggle/working/Hindi-ASR-Whisper-Pipeline/artifacts/q1/preprocess/segments/888331_0030.wav,ऐसा व्यक्ति तो बहुत है पर पर मैं बोलना चाहूंगा कि मैं अपना मतलब आज के सफर में मैं अपना पापा से सबसे ज्यादा
888331,232674,hi,31,290.57,304.31,13.74,/kaggle/working/Hindi-ASR-Whisper-Pipeline/artifacts/q1/preprocess/segments/888331_0031.wav,उम्मीद करता हूँ क्यंकि मेरे पापा ऐसे थे मतलब हर काम मैं मतलब व कल मैनेज कर लेते हैं कभी मतलब सिचुएशन आता हे तो फेस नहीं करेंगे ऐसा नहीं ते कोई बी सिचुएशन आए
888331,232674,hi,32,304.46,316.91,12.45,/kaggle/working/Hindi-ASR-Whisper-Pipeline/artifacts/q1/preprocess/segments/888331_0032.wav,तो हां मै कर लूंगा एक्सेप्ट कर के मतलब शुरू कर देते है मतलब ऐसा नहीं कि पी सिचुएशन से पीछे हट जाए तो वो चीज मुझे अच्छा लगता था तो उसको भी मैने अपना लिया अब मै भी वही करने की कोशिश करता हूं
888331,232674,hi,33,319.49,334.22,14.73,/kaggle/working/Hindi-ASR-Whisper-Pipeline/artifacts/q1/preprocess/segments/888331_0033.wav,बिल्कुल हां बिल्कुल और और कभी हार मानना नहीं चाहिए क्योंकि सिचुएशन बुरा भी आएगा अच्छा भी आएगा और हां बस एक बुरा आने से उसके लिए ज्यादा सोचना भी नहीं चाहिए क्योंकि अच्छा भी आएगा दो दिन बाद
888331,232674,hi,34,334.37,338.81,4.44,/kaggle/working/Hindi-ASR-Whisper-Pipeline/artifacts/q1/preprocess/segments/888331_0034.wav,खुद को खुद को डिप्रेस करके भी फायदा नहीं है ना
888331,232674,hi,35,343.7,357.53,13.83,/kaggle/working/Hindi-ASR-Whisper-Pipeline/artifacts/q1/preprocess/segments/888331_0035.wav,बिल्कुल बिल्कुल और हमारे यूथ में एक प्रॉब्लम है की हम ज्यादा ओवर थिंक करते है फिर हम पास्ट मे फसे रहते है क्यू हुआ कैसे हुआ ऐसे फ्यूचर मे क्या करना है कैसे ठीक होगा आगे क्यू नही सोचते
888331,232674,hi,36,358.76,371.72,12.96,/kaggle/working/Hindi-ASR-Whisper-Pipeline/artifacts/q1/preprocess/segments/888331_0036.wav,उसके लिए हां हां बिल्कुल हां हां वोही मुझमें ये मतलब अभी कॉन्फिडेंस आगया कि एक बार में नहीं हुआ तो कर लूंगा क्योंकि
888331,232674,hi,37,371.81,385.31,13.5,/kaggle/working/Hindi-ASR-Whisper-Pipeline/artifacts/q1/preprocess/segments/888331_0037.wav,दूसरे तो कर रहे हैं ना मुझसे भी होगा मैं भी इंसान हूं वो भी इन्सान हैं सेम वही दूसरा लाइन है आज के समय में कौन सा व्यक्ति आपको सबसे ज्यादा अ ये तो हो गया आ
888331,232674,hi,38,386.54,394.28,7.74,/kaggle/working/Hindi-ASR-Whisper-Pipeline/artifacts/q1/preprocess/segments/888331_0038.wav,उनके किस बिशेषअ विशेष गुन को अब आपने अपने जीवन में अपनाना अपनाने की कोशिश की है
888331,232674,hi,40,404.96,411.77,6.81,/kaggle/working/Hindi-ASR-Whisper-Pipeline/artifacts/q1/preprocess/segments/888331_0040.wav,वही वही हां बिल्कुल हां उसको उनको फेस कर लेते स्माइल करके फेस पर वही हां
888331,232674,hi,41,415.55,416.75,1.2,/kaggle/working/Hindi-ASR-Whisper-Pipeline/artifacts/q1/preprocess/segments/888331_0041.wav,वही हां
888331,232674,hi,44,428.48,431.87,3.39,/kaggle/working/Hindi-ASR-Whisper-Pipeline/artifacts/q1/preprocess/segments/888331_0044.wav,हा हा
888331,232674,hi,45,434.3,439.22,4.92,/kaggle/working/Hindi-ASR-Whisper-Pipeline/artifacts/q1/preprocess/segments/888331_0045.wav,वही वहीं हम्म उमम हम्म
888331,232674,hi,47,446.54,449.54,3.0,/kaggle/working/Hindi-ASR-Whisper-Pipeline/artifacts/q1/preprocess/segments/888331_0047.wav,हाँ उसकी कदर नहीं होगी हाँ वही वही
888331,232674,hi,48,451.79,459.38,7.59,/kaggle/working/Hindi-ASR-Whisper-Pipeline/artifacts/q1/preprocess/segments/888331_0048.wav,और हां अगर अगर आपके हां
888331,232674,hi,49,462.53,477.08,14.55,/kaggle/working/Hindi-ASR-Whisper-Pipeline/artifacts/q1/preprocess/segments/888331_0049.wav,बिल्कुल अगर आपके लाइफ में कोई ऐसा सिचुएशन आया तो आप उसके लिए अगर शिकायत करो तो आप खुद को वीक मानना चाहिए सिचुएशन पर यह शिकायत करने के वजह आपको एक्शन लेना चाहिए आगे क्या करना चाहिए है ना
888331,232674,hi,50,477.26,483.71,6.45,/kaggle/working/Hindi-ASR-Whisper-Pipeline/artifacts/q1/preprocess/segments/888331_0050.wav,शिकायते जितने रखोगे खुद ही उतना मतलब डिप्रेस हो जाओगे डाउन हो जाओगे कुछ नहीं होगा आपका ऐसा
888331,232674,hi,51,486.71,500.81,14.1,/kaggle/working/Hindi-ASR-Whisper-Pipeline/artifacts/q1/preprocess/segments/888331_0051.wav,और मैं इस लाइन पे कहना चाहूंगा जैसे कि आपको थोड़ी देर पहले एक लाइन पे बताया थोड़ी देर पहले भी आपको बताया था जैसा गुन मैंने बोला हार ना मानना या फिर कोई भी सिचुएशन को स्टाइल करके मतलब एक्सपर्ट कर लेना कि मैं कर लूँगा
888331,232674,hi,52,500.96,515.63,14.67,/kaggle/working/Hindi-ASR-Whisper-Pipeline/artifacts/q1/preprocess/segments/888331_0052.wav,कॉन्फ़िडेन्स है खुद पे तो कोई भी काम हो मतलब हो जाएगा और किसी को बुडा भी न लगे मैनेज हो जाएगा सब कुछ ऐसा सिचुएशन से भागना नहीं है वही गुन मैंने अपनाया अपने जीवन में
888331,232674,hi,53,515.72,529.31,13.59,/kaggle/working/Hindi-ASR-Whisper-Pipeline/artifacts/q1/preprocess/segments/888331_0053.wav,दूसरा लाइन है उह कब ऐसा हुआ जब उनके उदाहरण का अनुसरण करने से अपने जीवन में अपने जीवन में कोई परिणाम वास्तव में बदल गया
888331,232674,hi,56,555.65,558.47,2.82,/kaggle/working/Hindi-ASR-Whisper-Pipeline/artifacts/q1/preprocess/segments/888331_0056.wav,हां हां बिल्कुल हां सोलह
888331,232674,hi,57,563.81,567.02,3.21,/kaggle/working/Hindi-ASR-Whisper-Pipeline/artifacts/q1/preprocess/segments/888331_0057.wav,बहुत हाँ हा वही हूँ
888331,232674,hi,58,578.0,590.0,12.0,/kaggle/working/Hindi-ASR-Whisper-Pipeline/artifacts/q1/preprocess/segments/888331_0058.wav,और वही बात है हां हां बिल्कुल और वही बात है ना आप जितना बार फेल होगे उतना सीखोगे आपको और अच्छे से करना आएगा वो चीज ज़्यादा से ज़्यादा फेल होना चाहिए
888331,232674,hi,59,590.21,604.82,14.61,/kaggle/working/Hindi-ASR-Whisper-Pipeline/artifacts/q1/preprocess/segments/888331_0059.wav,हां औरऔर इस एज में जैसे की एटीन से ट्वेंटी या फिर ट्वेंटी वन ट्वेंटी टू इस ऐज में तो ज़्यादा करके फेल होना चाहिए हर चीज में जाना चाहिए आपको फेल होके सीखना चाहिए कहां पर गलती हो रही है क्या नहीं करना है तो
888331,232674,hi,60,604.85,619.64,14.79,/kaggle/working/Hindi-ASR-Whisper-Pipeline/artifacts/q1/preprocess/segments/888331_0060.wav,में इस लाइन पे बताना चाहता हूँ हाँ हाँ हाँ बिलकुल हाँ में इस लाइन पे बताना चाहता हूँ उर्दाहरण जैसे आह जब मैं कुछ करके जब फेल हो जाता हूँ तो ऐसा लगता है ना कि आह मैं और कर नई पाऊंगा शायद मुझसे
888331,232674,hi,61,619.67,633.74,14.07,/kaggle/working/Hindi-ASR-Whisper-Pipeline/artifacts/q1/preprocess/segments/888331_0061.wav,नहीं होगा किज अ की कोई कोई सिचुएशन आता है कि मैं यहां जाऊ मुझे जाना चाहिए तो फिर मैं सोचता हूं अ मेरे पापा क्या करते थे उस टाइम अगर मेरे जगह होते थे होते तो तो ये सोचता हूं फिर मैं खुद ही पॉजिटिव हो जाता हूं
888331,232674,hi,62,633.89,640.43,6.54,/kaggle/working/Hindi-ASR-Whisper-Pipeline/artifacts/q1/preprocess/segments/888331_0062.wav,कि अगर मेरे पापा यह करते थे तो मैं भी यह कर सकता हूं ना तो मैं फिर हार नहीं मानता
888331,232674,hi,63,645.71,660.5,14.79,/kaggle/working/Hindi-ASR-Whisper-Pipeline/artifacts/q1/preprocess/segments/888331_0063.wav,हू वही आ आ आप जिसको मतलब इंस्पीरेशन मानते हैं जिससे आप सीखे तो उनके सिचुएशन अपने सिचुएशन में रिलेट करके देखना वो क्या करते हैं आप आपके जगह होने से तो खुद ही खुद मतलब आप मोटिवेट हो जाओगे
888331,232674,hi,64,665.33,679.13,13.8,/kaggle/working/Hindi-ASR-Whisper-Pipeline/artifacts/q1/preprocess/segments/888331_0064.wav,बोल रहा हूं कि आप जिसको इंस्पिरेशन मानते हैं जिससे आपको इंस्पिरेशन मिलता है आपने बहुत कुछ सीखा तो अप आपने लाइफ पर अगर वो सिच कोई सिचुएशन आया बुरा सिचुएशन तो उसको हैंडल करने के लिए मतलब आप सोचो आप क आप
888331,232674,hi,65,679.22,692.66,13.44,/kaggle/working/Hindi-ASR-Whisper-Pipeline/artifacts/q1/preprocess/segments/888331_0065.wav,जिसको इंस्पिरेशन मानते हैं जैसे कि ए पी जे अब्दूल का नाम अगर आपके जगह होती तो क्या करते हैं वही वही आप सोचने से आपको मोटिवेट मोटिवेशन खुद से मिली और आप मतलब वीडियो में देखने से आपको थोड़ी दिर की मोटिवेशन मिलेगी हा
888331,232674,hi,66,692.66,698.18,5.52,/kaggle/working/Hindi-ASR-Whisper-Pipeline/artifacts/q1/preprocess/segments/888331_0066.wav,खुद को आप खुद ही मोटिवेट कर सकते हो कुछ करने के लिए वीडियो वाली मोटिवेशन दो मिनिट की ही रहती हैं
888331,232674,hi,67,705.44,710.15,4.71,/kaggle/working/Hindi-ASR-Whisper-Pipeline/artifacts/q1/preprocess/segments/888331_0067.wav,और फिर क्या हां उसके बाद है
888331,232674,hi,68,713.6,727.55,13.95,/kaggle/working/Hindi-ASR-Whisper-Pipeline/artifacts/q1/preprocess/segments/888331_0068.wav,क्या आपको लगता है कि रोलमॉडल मार्गदर्शक हा मार्गदर्शक होते है हां या कभी कभी हाँ
888331,232674,hi,69,727.64,730.13,2.49,/kaggle/working/Hindi-ASR-Whisper-Pipeline/artifacts/q1/preprocess/segments/888331_0069.wav,झोपड़ पट्टी भी बन सकते है
888331,232674,hi,70,749.63,753.5,3.87,/kaggle/working/Hindi-ASR-Whisper-Pipeline/artifacts/q1/preprocess/segments/888331_0070.wav,होते होते है हां बिल्कुल
888331,232674,hi,72,764.9,779.3,14.4,/kaggle/working/Hindi-ASR-Whisper-Pipeline/artifacts/q1/preprocess/segments/888331_0072.wav,हां ऐसा नहीं होता है और और हां और ऐसा होता है ना आप जिसे इंस्पिरेशन मानते हो तो सबके लाइफ़ में कुछ कुछ प्रॉब्लम होती है किसी किसी की डिसएडवांटेज भी होते हैं तो
888331,232674,hi,73,779.81,789.95,10.14,/kaggle/working/Hindi-ASR-Whisper-Pipeline/artifacts/q1/preprocess/segments/888331_0073.wav,वो लाइफ में क्या करके उसको एडवांटेज मिला या फिर उस मतलब देश के लिए क्या अच्छा कर पाया या फिर सब के लिए अच्छा कर पाया हमें उनसे वो अच्छी चीजें सीखना चाहिए
888331,232674,hi,74,793.07,804.86,11.79,/kaggle/working/Hindi-ASR-Whisper-Pipeline/artifacts/q1/preprocess/segments/888331_0074.wav,है ना अच्छी चीजे अपनाना चाहिए कभी भी मतलब कुछ अगर सब का ही सबका ही गलती होता है ना लाइफ में हा बिल्कुल हा वही आ वही चीज
888331,232674,hi,75,808.25,822.83,14.58,/kaggle/working/Hindi-ASR-Whisper-Pipeline/artifacts/q1/preprocess/segments/888331_0075.wav,हम्म गलती सब की हो सकती है मतलब आप हाँ वहीं हाँ हाँ हो सकता हो सकता कुछ कुछ उनके लाइफ में भी उन्होंने गलती किया होगा पर हम वो देखने से तो नहीं होगा कि आप
888331,232674,hi,76,822.92,837.41,14.49,/kaggle/working/Hindi-ASR-Whisper-Pipeline/artifacts/q1/preprocess/segments/888331_0076.wav,अगर इंस्पिरेशन मानते हो तो उनके पॉजिटिव गुणों को ही देखना पड़ेगा ना आप खुद को सिख खुद को इंप्रूव करने के लिए खुद को साहस देने के लिए उसके बाद अगर आप चाहे तो इन ही सवालों पर आधारित एक प्रेरणात्मक निबंध लेख या व्यक्ति
888331,232674,hi,78,858.98,860.81,1.83,/kaggle/working/Hindi-ASR-Whisper-Pipeline/artifacts/q1/preprocess/segments/888331_0078.wav,हां
888331,232674,hi,79,863.33,866.69,3.36,/kaggle/working/Hindi-ASR-Whisper-Pipeline/artifacts/q1/preprocess/segments/888331_0079.wav,शिवरात्रि पे भांग खाते है भांग
888331,232674,hi,80,870.2,881.0,10.8,/kaggle/working/Hindi-ASR-Whisper-Pipeline/artifacts/q1/preprocess/segments/888331_0080.wav,हां हां वही वही चीज़ मतलब पत्तों में रहता है तो उसको थोड़ा मसल के उसको दूध में देते है पीने के लिए थोड़ा नशा हो जाता है वो पीने से हा
888331,232674,hi,81,890.0,904.07,14.07,/kaggle/working/Hindi-ASR-Whisper-Pipeline/artifacts/q1/preprocess/segments/888331_0081.wav,नहीं ये ये बुरी बात नहीं है आप वो मतलब वो हमारे मतलब हिन्दू रिलिजन में ये हमलोग का मतलब नियम भी होता है मतलब थोड़ा सा मतलब चखना चहिए क्योंकि शिव का प्रसाद ही होता है ना
888331,232674,hi,83,913.19,918.74,5.55,/kaggle/working/Hindi-ASR-Whisper-Pipeline/artifacts/q1/preprocess/segments/888331_0083.wav,अच्छा गा गांजा तो वो मतलब धुएं की तरह लेते है हां फुकते है हां
888331,232674,hi,84,920.93,923.27,2.34,/kaggle/working/Hindi-ASR-Whisper-Pipeline/artifacts/q1/preprocess/segments/888331_0084.wav,अपने लिया कोई
888331,232674,hi,85,925.37,940.01,14.64,/kaggle/working/Hindi-ASR-Whisper-Pipeline/artifacts/q1/preprocess/segments/888331_0085.wav,अच्छा हां लड़ू बनते हैं हा वहीं वहि ने हां वों हा बुड़ा है पर हां मतलब यह तो कोई लेते भी नहीं है कोई कोई लेते हैं ये
888331,232674,hi,86,940.13,942.02,1.89,/kaggle/working/Hindi-ASR-Whisper-Pipeline/artifacts/q1/preprocess/segments/888331_0086.wav,गांजा जो चीज होता है
888331,232674,hi,87,952.4,954.89,2.49,/kaggle/working/Hindi-ASR-Whisper-Pipeline/artifacts/q1/preprocess/segments/888331_0087.wav,हां हम्म
888331,232674,hi,88,960.86,962.18,1.32,/kaggle/working/Hindi-ASR-Whisper-Pipeline/artifacts/q1/preprocess/segments/888331_0088.wav,बिल्कुल बिल्कुल हां
888331,232674,hi,89,969.38,976.01,6.63,/kaggle/working/Hindi-ASR-Whisper-Pipeline/artifacts/q1/preprocess/segments/888331_0089.wav,हाँ हाँ अच्छा आप अभी जॉब करते हो
888331,232674,hi,90,987.53,988.58,1.05,/kaggle/working/Hindi-ASR-Whisper-Pipeline/artifacts/q1/preprocess/segments/888331_0090.wav,अच्छा अच्छा
888331,232674,hi,91,991.28,1004.51,13.23,/kaggle/working/Hindi-ASR-Whisper-Pipeline/artifacts/q1/preprocess/segments/888331_0091.wav,हम्म अच्छी बात है आप अपने इंस्पिरेशन को मान कर चलो आह लाइफ में शायद कुछ प्रोग्रेस होगा बिल्कुल हां
888331,232674,hi,92,1005.05,1013.84,8.79,/kaggle/working/Hindi-ASR-Whisper-Pipeline/artifacts/q1/preprocess/segments/888331_0092.wav,हां होती होती है बिल्कुल उनके साथ ही हमें चलना पड़ेगा क्योंकि लाइफ पर प्रॉब्लम होगी और उनको हम लोगों को सामना भी करना पड़ेगा
888331,232674,hi,93,1017.29,1021.01,3.72,/kaggle/working/Hindi-ASR-Whisper-Pipeline/artifacts/q1/preprocess/segments/888331_0093.wav,ठीक है आपसे बात करके बहुत अच्छा लगा
888331,232674,hi,95,1028.27,1030.64,2.37,/kaggle/working/Hindi-ASR-Whisper-Pipeline/artifacts/q1/preprocess/segments/888331_0095.wav,ओके धन्यवा
977253,341466,hi,0,4.86,6.06,1.2,/kaggle/working/Hindi-ASR-Whisper-Pipeline/artifacts/q1/preprocess/segments/977253_0000.wav,जी
977253,341466,hi,1,12.33,15.84,3.51,/kaggle/working/Hindi-ASR-Whisper-Pipeline/artifacts/q1/preprocess/segments/977253_0001.wav,जी जी जी
977253,341466,hi,2,38.04,42.96,4.92,/kaggle/working/Hindi-ASR-Whisper-Pipeline/artifacts/q1/preprocess/segments/977253_0002.wav,अच्छा जी जी जी
977253,341466,hi,3,50.52,52.86,2.34,/kaggle/working/Hindi-ASR-Whisper-Pipeline/artifacts/q1/preprocess/segments/977253_0003.wav,जी
977253,341466,hi,4,55.65,60.87,5.22,/kaggle/working/Hindi-ASR-Whisper-Pipeline/artifacts/q1/preprocess/segments/977253_0004.wav,जी
977253,341466,hi,5,64.35,68.97,4.62,/kaggle/working/Hindi-ASR-Whisper-Pipeline/artifacts/q1/preprocess/segments/977253_0005.wav,जी
977253,341466,hi,6,73.98,87.63,13.65,/kaggle/working/Hindi-ASR-Whisper-Pipeline/artifacts/q1/preprocess/segments/977253_0006.wav,जी जी जी सर जी आह
977253,341466,hi,7,92.46,96.42,3.96,/kaggle/working/Hindi-ASR-Whisper-Pipeline/artifacts/q1/preprocess/segments/977253_0007.wav,जी
977253,341466,hi,9,110.67,116.31,5.64,/kaggle/working/Hindi-ASR-Whisper-Pipeline/artifacts/q1/preprocess/segments/977253_0009.wav,जी
977253,341466,hi,10,119.61,122.67,3.06,/kaggle/working/Hindi-ASR-Whisper-Pipeline/artifacts/q1/preprocess/segments/977253_0010.wav,जी सर आप
977253,341466,hi,12,131.28,133.29,2.01,/kaggle/working/Hindi-ASR-Whisper-Pipeline/artifacts/q1/preprocess/segments/977253_0012.wav,जी
977253,341466,hi,13,137.4,141.84,4.44,/kaggle/working/Hindi-ASR-Whisper-Pipeline/artifacts/q1/preprocess/segments/977253_0013.wav,जी जी जी सर
977253,341466,hi,14,145.23,147.18,1.95,/kaggle/working/Hindi-ASR-Whisper-Pipeline/artifacts/q1/preprocess/segments/977253_0014.wav,अच्छा
977253,341466,hi,15,158.43,172.74,14.31,/kaggle/working/Hindi-ASR-Whisper-Pipeline/artifacts/q1/preprocess/segments/977253_0015.wav,जी जी जी जी ज़ी हूं हूं
977253,341466,hi,16,180.18,191.61,11.43,/kaggle/working/Hindi-ASR-Whisper-Pipeline/artifacts/q1/preprocess/segments/977253_0016.wav,जी सर आपने बहुत ही वही वही मैं कहना चाह रही थी कि आपने बहुत ही अच्छा सुन्दर विचार मेरे सामने रखा और आपने कहा की आ
977253,341466,hi,17,191.76,206.34,14.58,/kaggle/working/Hindi-ASR-Whisper-Pipeline/artifacts/q1/preprocess/segments/977253_0017.wav,आपका ब्रो है आपने बहुत सारी चीज़े भी मुझसे शेयर की जो मतलब काफी ज्यादा मुझे अच्छी लगी और मैं अपने आपको भी काफी ज्यादा उससे रिलेट रिलेट कर पा रही हूं और जैसे कि आपने ये बताया कि कभी कुछ झगड़ा कुछ भी हो तो फिर
977253,341466,hi,18,206.34,219.99,13.65,/kaggle/working/Hindi-ASR-Whisper-Pipeline/artifacts/q1/preprocess/segments/977253_0018.wav,मैं नहीं चाहता की चाहे मैं सही ही क्यों न हूं मैं नहीं चाहता कि का लगड़ वो ओ किसी को क्या कहते है सफाई दूं या फिर लड़ाई झगड़ा में योगदान दूं चीजें को सॉल्व करने में अ ज्यादा अ मैं मतलब बिलीव करता
977253,341466,hi,19,219.99,233.22,13.23,/kaggle/working/Hindi-ASR-Whisper-Pipeline/artifacts/q1/preprocess/segments/977253_0019.wav,बताओ कि आह या तो सॉल्व हो जाऊं हो जाए चीजें ओर चाहे कोई सही चाहे गलत जो भी है सब सही रहे किसी को प्रॉब्लम नहीं हो और ये आपका जो व्यक्तित्व है मुझे बहुत ही मतलब सराहनीय है काफी ज्यादा मुझे
977253,341466,hi,20,233.49,248.37,14.88,/kaggle/working/Hindi-ASR-Whisper-Pipeline/artifacts/q1/preprocess/segments/977253_0020.wav,सही लगा की रहना चाहिए आज कल लोग खुद को ज्यादा सही साबित करने के चक्कर में गलत ही साबित हो जाते है और कहीं ऐसी गलत चीज कर जाते है जो कि जो कि सही नहीं है जी और अगर मैं बताऊं कि अ इस बारे में
977253,341466,hi,21,249.0,262.71,13.71,/kaggle/working/Hindi-ASR-Whisper-Pipeline/artifacts/q1/preprocess/segments/977253_0021.wav,कि कब रोए थे तो एग्जैक्ट तो मुझे याद नहीं है कब रोती हू कब नहीं ऐसे मुझे ध्यान रहता नहीं है और थोड़ा मेरा नेचर अलग तरीके का है जैसे ऐसे कि मैं थोड़ा मतलब
977253,341466,hi,22,262.86,277.86,15.0,/kaggle/working/Hindi-ASR-Whisper-Pipeline/artifacts/q1/preprocess/segments/977253_0022.wav,कहते नहीं कि लड़के लोग रोते नहीं है और लड़कियां लोग जल्दीजल्दी रो जाती हैं इस तरीके का मतलब चीजें सुनने को मिलती है तो मेरा थोड़ा व्यक्तित्व थोड़ा उल्टा है मुझे तो अ जल्दी जल्दी रोना नहीं आता जल्दी में रो भी नहीं पाती हूं
977253,341466,hi,23,278.13,290.1,11.97,/kaggle/working/Hindi-ASR-Whisper-Pipeline/artifacts/q1/preprocess/segments/977253_0023.wav,कोई भी बात हो कोई भी चीज हो तो मैं जल्दी उस चीज़ पे रिएक्ट भी नहीं कर पाती हूं बहुत ज्यादा मतलब उस पे सोचूंगी थिंकिंग करूंगी तो ही वो चीज होगी वो काफी ज्यादा अ प्रॉब्लम मतलब
977253,341466,hi,24,290.13,303.93,13.8,/kaggle/working/Hindi-ASR-Whisper-Pipeline/artifacts/q1/preprocess/segments/977253_0024.wav,जो मैं नहीं सेहन कर पा रही उस पे ही मुझे रोना आ जाएगा ऐसे न जल्दी मुझे रोना भी नहीं आता है और इसी वजहें से बहुत ही कम दिन ऐसे आते हैं जिसमें मतलब मुझे ऐसा रोना वगैरा कुछ आए क्योंकि मेरा व्यक्तित्व कुछ इस तरीके का है
977253,341466,hi,25,304.35,317.61,13.26,/kaggle/working/Hindi-ASR-Whisper-Pipeline/artifacts/q1/preprocess/segments/977253_0025.wav,अगर ऐसा कहेंगे थोड़ा मतलब कि अंदर से थोड़ा कठोर टाईप की जल्दी नहीं रो सकते जी जल्दी रो नहीं सकते ऐसा और अ थोड़ा सा मैं अगर रोती भी हू कभी मैं दूसरे के सामने नहीं रो सकती
977253,341466,hi,26,317.91,329.58,11.67,/kaggle/working/Hindi-ASR-Whisper-Pipeline/artifacts/q1/preprocess/segments/977253_0026.wav,अ चाहे मैं कितनी भी बड़ी प्रॉब्लम में हू चाहे कुछ हू चाहे मेरे मेरे दोस्त हो चाहे मेरे फैमिली मेंबर हो कोई भी हो मैं किसी के साथ अपने जो मतलब खुशियां शेयर कर लेती हू
977253,341466,hi,27,329.85,344.01,14.16,/kaggle/working/Hindi-ASR-Whisper-Pipeline/artifacts/q1/preprocess/segments/977253_0027.wav,लेकिन दर्द शेयर करने में मुझे काफी ज्यादा अनकंफर्टेबल हो जाती हूँ मैं और मैं जैसे की जी जी वही
977253,341466,hi,28,346.83,349.14,2.31,/kaggle/working/Hindi-ASR-Whisper-Pipeline/artifacts/q1/preprocess/segments/977253_0028.wav,जी
977253,341466,hi,30,362.7,369.21,6.51,/kaggle/working/Hindi-ASR-Whisper-Pipeline/artifacts/q1/preprocess/segments/977253_0030.wav,जी जी वो ही
977253,341466,hi,31,372.0,386.37,14.37,/kaggle/working/Hindi-ASR-Whisper-Pipeline/artifacts/q1/preprocess/segments/977253_0031.wav,जी जी वही सेम मतलब मेरा भी कहना है कि मेरा भी थोड़ा इस तरीके का है कि जल्दी मुझे लोगों पे विश्वास नहीं होता कि अगर मैं उसे कोई प्रॉब्लम अगर बता रही हूँ तो उसका बाद में गलत फायदा ना उठाए नहीं उठाएगा
977253,341466,hi,32,386.43,401.01,14.58,/kaggle/working/Hindi-ASR-Whisper-Pipeline/artifacts/q1/preprocess/segments/977253_0032.wav,मुझे इस तरीके का रहता है इसी वजह से मैं किसी के सामने अपने आपको कभी भी कमजोर नहीं होने देती हुं और इसी वजह से किसी के सामने रोना ये सब शायद ही कभी हुआ हो ऐसा मेरे साथ नहीं हो पाता है अगर कभी मुझे रोना है तो मैं घर
977253,341466,hi,33,401.04,415.08,14.04,/kaggle/working/Hindi-ASR-Whisper-Pipeline/artifacts/q1/preprocess/segments/977253_0033.wav,अकेले ही रो सकती हूँ और सामने बाले को पता भी नहीं चलेगा कि मैं रो रही हूँ अगर उसके सामने भी हूँ मैं तो भी इस तरीके का थोड़ा मतलब मेरा नेचर कह सकते आप और बाकी रही बात आपको ऐसा क्यों महसूस हुआ
977253,341466,hi,34,415.38,430.17,14.79,/kaggle/working/Hindi-ASR-Whisper-Pipeline/artifacts/q1/preprocess/segments/977253_0034.wav,कि आपको मतलब क्यूं महसूस हुआ कि आप रो रही हैं सारी चीज़े तो आह मुझे क्या है ना कि अगर काफी चीज़े बहुत ज्यादा अंदर तक हर्ट कर रही हो जैसे कि मान लीजिए कि मैं एक अहह जल्दी जैसे कि
977253,341466,hi,35,430.59,445.11,14.52,/kaggle/working/Hindi-ASR-Whisper-Pipeline/artifacts/q1/preprocess/segments/977253_0035.wav,मान लीजिए कि मैं सामने वाले को बहुत ज़्यादा उसको हर चीज़ के लिए उस पे बिलीव करती हूं और वो इंसान मुझे आ मुझे मेरे सामने तो सही बनता हैं मगर मेरे पीठ पीछे मेरे बारे में बहुत ग़लत सलत कहता हैं तो मुझे बहुत उस समय
977253,341466,hi,36,445.26,460.14,14.88,/kaggle/working/Hindi-ASR-Whisper-Pipeline/artifacts/q1/preprocess/segments/977253_0036.wav,बुरा लगता है इस तरह की चीजें मुझे होती हैं तभी मुझे रोना या कुछ ऐसा कुछ महसूस होता है जी और मैंने आखिरी बार कभी इसे गहराई से महसूस किया था ये भी मैं आपको अच्छे से तो नहीं बता सकती
977253,341466,hi,37,460.26,475.17,14.91,/kaggle/working/Hindi-ASR-Whisper-Pipeline/artifacts/q1/preprocess/segments/977253_0037.wav,क्योंकि मैंने अ मेने जैसे कि आपको बताया कि मुझे दूसरों की बाते बहुत कम हर्ट करती है जल्दी नहीं हर्ट कर सकती अगर कोई मुझे अगर अ तकलीफ भी पहुंचाना चाह रहा है तो वो जल्दी तकलीफ नहीं पहुंचा सकता जब तक मैं खुद उसके बारे में नहीं सोचती
977253,341466,hi,38,475.17,488.43,13.26,/kaggle/working/Hindi-ASR-Whisper-Pipeline/artifacts/q1/preprocess/segments/977253_0038.wav,क्यों इसीलिए मैं लोगों को इतना इंपॉर्टेंस नहीं देती कि वो मुझे इस तरीके की तकलीफ कभी पहुंचा सके इसीलिए अ मैंने गहराई से इन सभी चीजों के बारे में ज्यादा महसूस नहीं किया है हा
977253,341466,hi,39,488.55,502.02,13.47,/kaggle/working/Hindi-ASR-Whisper-Pipeline/artifacts/q1/preprocess/segments/977253_0039.wav,लेकिन जैसे कि अगर मै किसी चीज को पाना चाहती जैसे कि अगर मै कोई गोल मैने सेट कर रखा है वो कंप्लीट नहीं हो पा रहा है मेरी पढ़ाई इस टाइम पे नहीं हो पा रही है जिसके कारण मै
977253,341466,hi,40,502.47,517.44,14.97,/kaggle/working/Hindi-ASR-Whisper-Pipeline/artifacts/q1/preprocess/segments/977253_0040.wav,मैं जो मतलब कुछ करना चाहती हू लाइफ में वो नही कर पा रही और उसमे मुझे फेलियर मिलता है तब मुझे काफी ज्यादा तकलीफ महसूस होती है तो अभी ही कुछ समय पहले मैंने एक एग्जाम दिया था तो वो क्लियर नहीं हुआ तब मुझे काफी ज्यादा
977253,341466,hi,41,517.8,532.08,14.28,/kaggle/working/Hindi-ASR-Whisper-Pipeline/artifacts/q1/preprocess/segments/977253_0041.wav,उसके लिए मतलब बुरा लगा था जी हेलो जी आप और आप बताऐ कुछ अपने बारे में मतलब इसी इस सन्दर में
977253,341466,hi,42,536.52,539.1,2.58,/kaggle/working/Hindi-ASR-Whisper-Pipeline/artifacts/q1/preprocess/segments/977253_0042.wav,जी
977253,341466,hi,43,544.35,550.05,5.7,/kaggle/working/Hindi-ASR-Whisper-Pipeline/artifacts/q1/preprocess/segments/977253_0043.wav,जी जी जी जी
977253,341466,hi,45,562.08,564.78,2.7,/kaggle/working/Hindi-ASR-Whisper-Pipeline/artifacts/q1/preprocess/segments/977253_0045.wav,जी जी जी
977253,341466,hi,48,587.85,590.94,3.09,/kaggle/working/Hindi-ASR-Whisper-Pipeline/artifacts/q1/preprocess/segments/977253_0048.wav,जी जी जी
977253,341466,hi,49,594.27,596.07,1.8,/kaggle/working/Hindi-ASR-Whisper-Pipeline/artifacts/q1/preprocess/segments/977253_0049.wav,जी
977253,341466,hi,50,599.37,606.45,7.08,/kaggle/working/Hindi-ASR-Whisper-Pipeline/artifacts/q1/preprocess/segments/977253_0050.wav,का जी जी सही
977253,341466,hi,51,608.88,610.86,1.98,/kaggle/working/Hindi-ASR-Whisper-Pipeline/artifacts/q1/preprocess/segments/977253_0051.wav,जी सर आप एकदम सही कह रहे हैं
977253,341466,hi,53,623.34,625.26,1.92,/kaggle/working/Hindi-ASR-Whisper-Pipeline/artifacts/q1/preprocess/segments/977253_0053.wav,जी सही है
977253,341466,hi,54,627.75,632.01,4.26,/kaggle/working/Hindi-ASR-Whisper-Pipeline/artifacts/q1/preprocess/segments/977253_0054.wav,जी जी
977253,341466,hi,55,637.41,643.05,5.64,/kaggle/working/Hindi-ASR-Whisper-Pipeline/artifacts/q1/preprocess/segments/977253_0055.wav,जी हु
977253,341466,hi,57,653.25,659.61,6.36,/kaggle/working/Hindi-ASR-Whisper-Pipeline/artifacts/q1/preprocess/segments/977253_0057.wav,जी जी सर आ
977253,341466,hi,58,662.64,675.06,12.42,/kaggle/working/Hindi-ASR-Whisper-Pipeline/artifacts/q1/preprocess/segments/977253_0058.wav,जी सर आप एकदम सही कह रहे हैं कि जैसे कि मैं अपने ही बारे में बताया कि मेरा नेचर कि मैं जल्दी नहीं रो पाती हूं या फिर मैं अब अब किसी को जल्दी कोई बात शेयर नहीं करती हूं
977253,341466,hi,59,675.3,689.61,14.31,/kaggle/working/Hindi-ASR-Whisper-Pipeline/artifacts/q1/preprocess/segments/977253_0059.wav,तो मैं मानती हूँ कि ये नेचर अच्छा भी कह सकते हैं लेकिन बहुत हद तक बुरा भी कह सकते हैं इसलिए क्योंकि ये चीज़ आपको बाद में काफी ज़्यादा हर्ट करेंगी अगर आप आह ऐसी तरीके का बिहेवियर रखते हैं कि आप अपने आह दिल का मतलब कोई भी
977253,341466,hi,60,689.61,703.2,13.59,/kaggle/working/Hindi-ASR-Whisper-Pipeline/artifacts/q1/preprocess/segments/977253_0060.wav,तकलीफ़ है तो आप किसी से नहीं शेयर करते ऐसा कोई भी नहीं आप नहीं अगर किसी पर बिलीव करते तो अपने पेरेंट्स से कर सकते हो नहीं है तो अपने टीचर से और ऐसे नहीं ऐसे तो दोस्त होते है नहीं तो एक तो होता ही है जिसे आप अपने मन.
977253,341466,hi,61,703.29,716.73,13.44,/kaggle/working/Hindi-ASR-Whisper-Pipeline/artifacts/q1/preprocess/segments/977253_0061.wav,की बातें बता सकते हो तो आपको बताना चाहिए थोड़ा बहुत ट्रस्ट रहना चाहिए इस तरीके का ट्रस्ट अह ट्रस्ट डिफिशिएंट नहीं मतलब पर्सन नहीं होना चाहिए इतना ज्यादा अह कि आप किसी पे विश्वास ना करो
977253,341466,hi,62,716.94,731.55,14.61,/kaggle/working/Hindi-ASR-Whisper-Pipeline/artifacts/q1/preprocess/segments/977253_0062.wav,तो इसके कारण बाद में प्रॉब्लम आप ही को होगी कि आप किसी चीज को इतना ज्यादा सोचोगे कोई आपको उस प्रॉब्लम को सॉल्व करने के लिए नहीं मिलेगा तो आप उसी में ज्यादा तर फंसते चले जाओगे और फिर क्या होगा
977253,341466,hi,63,731.79,744.54,12.75,/kaggle/working/Hindi-ASR-Whisper-Pipeline/artifacts/q1/preprocess/segments/977253_0063.wav,कि आप डिप्रेशन का और ऐसे बहुत सारे मानसिक रूप का आप शिकार हो जाओगे ये चीज मै मानती हू कि ऐसा कई बार मेरे साथ भी हुआ है कि अह किसी को कुछ नही बताने के कारण या
977253,341466,hi,64,744.9,758.16,13.26,/kaggle/working/Hindi-ASR-Whisper-Pipeline/artifacts/q1/preprocess/segments/977253_0064.wav,या कभी कभी मतलब रोने में भी प्रोबलम जल्दी रोना नहीं आना किसी किसी चीज को मै इतना सोचने लग जाती हु कि कि मुझे लगता है कि क्या करू में सर में दर्द हो रहा है सर फट
977253,341466,hi,65,758.16,772.71,14.55,/kaggle/working/Hindi-ASR-Whisper-Pipeline/artifacts/q1/preprocess/segments/977253_0065.wav,मेरको आ रहा है और फिर भी मैं किसी को कॉल करके या कुछ भी कुछ बताती नहीं हूं तो फिर उसका अ अ उसका मतलब सिर्फ शारीरिक मानसिक रूप से नही बल्कि शारीरिक रूप से भी मतलब मुझे बहुत सारे कष्टों का सामना करना पड़ता है इस इस सारी मतलब मेरी
977253,341466,hi,66,772.74,782.58,9.84,/kaggle/working/Hindi-ASR-Whisper-Pipeline/artifacts/q1/preprocess/segments/977253_0066.wav,बिहेवियर के कारण जो कि मैं चाहती हूं धीरे धीरे मैं कुछ इसमें चेंज ला सकूं तो फिर सही रहेगा जी
977253,341466,hi,70,810.54,814.17,3.63,/kaggle/working/Hindi-ASR-Whisper-Pipeline/artifacts/q1/preprocess/segments/977253_0070.wav,जी जी सही कहा रहे हैं
977253,341466,hi,71,816.84,824.01,7.17,/kaggle/working/Hindi-ASR-Whisper-Pipeline/artifacts/q1/preprocess/segments/977253_0071.wav,REDACTED
977253,341466,hi,72,826.68,829.98,3.3,/kaggle/working/Hindi-ASR-Whisper-Pipeline/artifacts/q1/preprocess/segments/977253_0072.wav,जी
977253,341466,hi,74,846.96,850.95,3.99,/kaggle/working/Hindi-ASR-Whisper-Pipeline/artifacts/q1/preprocess/segments/977253_0074.wav,जी
977253,341466,hi,76,862.02,870.84,8.82,/kaggle/working/Hindi-ASR-Whisper-Pipeline/artifacts/q1/preprocess/segments/977253_0076.wav,जी जी सर
977253,341466,hi,77,875.46,879.06,3.6,/kaggle/working/Hindi-ASR-Whisper-Pipeline/artifacts/q1/preprocess/segments/977253_0077.wav,जी जी
977253,341466,hi,78,884.19,897.36,13.17,/kaggle/working/Hindi-ASR-Whisper-Pipeline/artifacts/q1/preprocess/segments/977253_0078.wav,REDACTED
977253,341466,hi,80,901.56,916.08,14.52,/kaggle/working/Hindi-ASR-Whisper-Pipeline/artifacts/q1/preprocess/segments/977253_0080.wav,जी सर और एक और चीज है जो हमारे मानसिक स्वास्थ्य को बनाये रखने में काफी ज्यादा योगदान देती है वो ये है मेरा मानना है कि एक्सरसाइज को मतलब अपनी जिंदगी में काफी ज्यादा मतलब महत्व देना चाहिए
977253,341466,hi,81,916.11,930.3,14.19,/kaggle/working/Hindi-ASR-Whisper-Pipeline/artifacts/q1/preprocess/segments/977253_0081.wav,आप नहीं और कुछ तो छोटा मोटा योगा कर सकते हो जो आपके मतलब आपको शांत रखे और आपको बहोत सारी प्रोब्लम तो सोल्व करने का सिर वो ही रास्ता दे देता है एक्सेस आपका जो जी जी दिनचर्या कैसा है
977253,341466,hi,82,930.57,943.71,13.14,/kaggle/working/Hindi-ASR-Whisper-Pipeline/artifacts/q1/preprocess/segments/977253_0082.wav,अगर दिनचर्या आपका सही है सुबह उठकर के टाइम टेबल पे चीजें टाइम से चीज़े करते हो और ऊपर से आप एक्सरसाइज वगैरा करते हो खाना वगैरा भी जो भी फूड है वो आप अ सही मात्रा में लेते हैं और सही लेते हो
977253,341466,hi,83,943.95,958.89,14.94,/kaggle/working/Hindi-ASR-Whisper-Pipeline/artifacts/q1/preprocess/segments/977253_0083.wav,तो तो इससे क्या होगा ना कि आपका आपका जो श कहते हैं ना कि एक सही शरीर में ही सही म अह मन अह रह सकता है अगर आपका आप शारीरिक रूप से ठी जी हां अगर आप शरीर शारीरिक रूप से ठीक हैं
977253,341466,hi,84,959.07,973.5,14.43,/kaggle/working/Hindi-ASR-Whisper-Pipeline/artifacts/q1/preprocess/segments/977253_0084.wav,तो चांसेस है है कि आप मानसिक रूप से भी ठीक होंगे हैंडरेंड् पर्सेंट तो नहीं कह रही हू और भी बहुत सारी चीजे है इसलिए लोग अपने शारीरिक रूप से लोग इंसान क्या करते है कि क्या कुछ भी
977253,341466,hi,85,973.62,988.44,14.82,/kaggle/working/Hindi-ASR-Whisper-Pipeline/artifacts/q1/preprocess/segments/977253_0085.wav,जी जी
977253,341466,hi,86,988.47,1002.66,14.19,/kaggle/working/Hindi-ASR-Whisper-Pipeline/artifacts/q1/preprocess/segments/977253_0086.wav,जी जी
977253,341466,hi,87,1004.58,1006.92,2.34,/kaggle/working/Hindi-ASR-Whisper-Pipeline/artifacts/q1/preprocess/segments/977253_0087.wav,REDACTED
977253,341466,hi,88,1009.44,1023.48,14.04,/kaggle/working/Hindi-ASR-Whisper-Pipeline/artifacts/q1/preprocess/segments/977253_0088.wav,जी जी
977253,341466,hi,89,1024.92,1039.02,14.1,/kaggle/working/Hindi-ASR-Whisper-Pipeline/artifacts/q1/preprocess/segments/977253_0089.wav,जी जी
977253,341466,hi,90,1041.51,1045.2,3.69,/kaggle/working/Hindi-ASR-Whisper-Pipeline/artifacts/q1/preprocess/segments/977253_0090.wav,जी सर
977253,341466,hi,91,1048.08,1062.33,14.25,/kaggle/working/Hindi-ASR-Whisper-Pipeline/artifacts/q1/preprocess/segments/977253_0091.wav,जी सर जी सर इसी लिए अ अगर मे ही इस इसी संदर्भ मे कुछ कहूँ तो जैसे कि मेरा जैसे कि अ जेसे की लास्ट टॉपिक है वो कौन इस भावना को आपके साथ साजा करता है तो
977253,341466,hi,92,1062.36,1075.14,12.78,/kaggle/working/Hindi-ASR-Whisper-Pipeline/artifacts/q1/preprocess/segments/977253_0092.wav,जैसे कि अगर प्रॉब्लम में प्रॉब्लम में अगर कोई है तो कोई अपना ही है जो आपको अपना समझ कर के उस चीज को सॉल्व मतलब चाहेगा शेयर करना जैसे कि दोस्त हो गए फैमली मेंबर हो गए
977253,341466,hi,93,1075.44,1088.52,13.08,/kaggle/working/Hindi-ASR-Whisper-Pipeline/artifacts/q1/preprocess/segments/977253_0093.wav,वो वो आपसे मतलब कोई भी प्रॉब्लम हो तो शेयर करेंगे क्यों क्यों कि वो आपको अपना समझते हैं और आप उसे मतलब किस तरीके से सॉल्व करते हैं तो मैं कोशिश करती हूं ना कि मैं पहले सामने वाले को मतलब.
977253,341466,hi,94,1088.88,1102.56,13.68,/kaggle/working/Hindi-ASR-Whisper-Pipeline/artifacts/q1/preprocess/segments/977253_0094.wav,पॉजिटिव फि फील कराओ जो भी उसने नेगेटिव बाते मतलब बोली मुझे और सोच रहा है उससे मैं कोशिश करती हु कि उसके दिमाग से रिमूव करने की अ कोशिश करती हु चाय मैं अपने बातों से है या फिर और भी बहुत सारी चीज़े है
977253,341466,hi,95,1102.83,1117.65,14.82,/kaggle/working/Hindi-ASR-Whisper-Pipeline/artifacts/q1/preprocess/segments/977253_0095.wav,और फिर उसके बाद उसे यह कहती हूँ कि चाहे कोई भी प्रॉब्लम हो मगर आप उसका सॉल्व कर सकते हो इसलिए अपने आपको शांत रखो क्योंकि शांत रहके ही आप चीज़ों को सोल्व कर सकते हो जी सर.
977253,341466,hi,96,1117.86,1132.77,14.91,/kaggle/working/Hindi-ASR-Whisper-Pipeline/artifacts/q1/preprocess/segments/977253_0096.wav,जी सर तो इसी के साथ हमारा टॉपिक लगता है कंप्लीट हो गया है तो हम
977253,341466,hi,97,1134.24,1137.03,2.79,/kaggle/working/Hindi-ASR-Whisper-Pipeline/artifacts/q1/preprocess/segments/977253_0097.wav,जी सर आपका भी दिन शुभ हो
978393,294324,hi,0,1.38,10.5,9.12,/kaggle/working/Hindi-ASR-Whisper-Pipeline/artifacts/q1/preprocess/segments/978393_0000.wav,अरे अच्छा खासा हो जाएगा क्यों अट्ठाइस शहर है एक शहर के पीछे हम हम एक एक मिनट भी देंगे तो आराम से होगा
978393,294324,hi,1,15.87,25.26,9.39,/kaggle/working/Hindi-ASR-Whisper-Pipeline/artifacts/q1/preprocess/segments/978393_0001.wav,REDACTED
978393,294324,hi,2,36.3,51.27,14.97,/kaggle/working/Hindi-ASR-Whisper-Pipeline/artifacts/q1/preprocess/segments/978393_0002.wav,हाँ तो मेरा जो शहर का नाम है दुर्ग है छत्तीसगढ़ में तो यहाँ पे मतलब दो चार ठो जैसे एक मैत्री गार्डन हो गया और सेंचुरी होती है गवर्नमेंट का सेंचुरी जिसमें चिड़िया है फिर पेड़ पौधे को सिक्योर करके रखते हैं
978393,294324,hi,3,52.71,67.35,14.64,/kaggle/working/Hindi-ASR-Whisper-Pipeline/artifacts/q1/preprocess/segments/978393_0003.wav,वह भी दो टूक है ओर यहां पे माता रानी जो है ना मातेश्वरी हैं दो चार माताएं और उधर जाना मुझे अच्छा लगता और एक ये है कि ह्यूमन क्रिएटेड है
978393,294324,hi,4,67.8,74.4,6.6,/kaggle/working/Hindi-ASR-Whisper-Pipeline/artifacts/q1/preprocess/segments/978393_0004.wav,वो क्या फन सिटी होता है ना वाटरपार्क वह सब मतलब जाता नहीं हूंँ लेकिन अच्छा लगता है
978393,294324,hi,5,77.16,84.21,7.05,/kaggle/working/Hindi-ASR-Whisper-Pipeline/artifacts/q1/preprocess/segments/978393_0005.wav,अभी शहर में ही हूं बाकी तो गांव जाता हूं
978393,294324,hi,8,133.92,148.86,14.94,/kaggle/working/Hindi-ASR-Whisper-Pipeline/artifacts/q1/preprocess/segments/978393_0008.wav,हा अरे तो ओ तो ज्योतिर्लिंग भी तो एक है ना अपना अच्छा में आता है ना सॉरी सॉरी अरे उ
978393,294324,hi,9,149.07,153.42,4.35,/kaggle/working/Hindi-ASR-Whisper-Pipeline/artifacts/q1/preprocess/segments/978393_0009.wav,अहह त्रम्ब्केश्वर ए जन था यार कुछ याद नहीं आ रहा नाम मेरे को
978393,294324,hi,10,164.7,168.09,3.39,/kaggle/working/Hindi-ASR-Whisper-Pipeline/artifacts/q1/preprocess/segments/978393_0010.wav,REDACTED
978393,294324,hi,11,173.01,177.36,4.35,/kaggle/working/Hindi-ASR-Whisper-Pipeline/artifacts/q1/preprocess/segments/978393_0011.wav,ह्म्म
978393,294324,hi,12,179.76,184.92,5.16,/kaggle/working/Hindi-ASR-Whisper-Pipeline/artifacts/q1/preprocess/segments/978393_0012.wav,अरे मतलब दिलीब्री भी दिख जाता है बादल भी दिखता है मस्त मौसम ठंडी ठंडी हवाएं भी रहती है.
978393,294324,hi,13,188.55,195.24,6.69,/kaggle/working/Hindi-ASR-Whisper-Pipeline/artifacts/q1/preprocess/segments/978393_0013.wav,ह्म्म मतलब सिलीपरी जगह था
978393,294324,hi,14,198.27,204.15,5.88,/kaggle/working/Hindi-ASR-Whisper-Pipeline/artifacts/q1/preprocess/segments/978393_0014.wav,अच्छा हां
978393,294324,hi,15,206.52,209.67,3.15,/kaggle/working/Hindi-ASR-Whisper-Pipeline/artifacts/q1/preprocess/segments/978393_0015.wav,ऐ नीचे नहीं उपर जाएंगे सीधा
978393,294324,hi,17,219.3,221.07,1.77,/kaggle/working/Hindi-ASR-Whisper-Pipeline/artifacts/q1/preprocess/segments/978393_0017.wav,मतलब बहुत आउटर एरिया में है
978393,294324,hi,18,227.16,232.14,4.98,/kaggle/working/Hindi-ASR-Whisper-Pipeline/artifacts/q1/preprocess/segments/978393_0018.wav,हां तो अरे तो मध्यप्रदेश और छत्तीसगढ़ ऊंचे इलाके में इसलिए तो आता है क्योंकि पहाड़ी इलाका है
978393,294324,hi,19,237.18,251.7,14.52,/kaggle/working/Hindi-ASR-Whisper-Pipeline/artifacts/q1/preprocess/segments/978393_0019.wav,हां और वही मै तो एक बार गया था मध्य प्रदेश में मइहर का नाम सुना होगा आपने मइहर मइहर मां शारदा हां वहीं गया था मैं मइहर में अच्छा लगा
978393,294324,hi,20,252.27,264.3,12.03,/kaggle/working/Hindi-ASR-Whisper-Pipeline/artifacts/q1/preprocess/segments/978393_0020.wav,ही अ छोटे छोटे टॉपिक जब आपको जीवन को समझने या खुद को शांत करने के लिए एक जगह चाहिए होती है तो आप कहां जाते हैं अकेले या दोस्त के साथ
978393,294324,hi,21,268.14,270.66,2.52,/kaggle/working/Hindi-ASR-Whisper-Pipeline/artifacts/q1/preprocess/segments/978393_0021.wav,बिल्कुल मनाया था दोस्त के साथ
978393,294324,hi,22,275.97,277.74,1.77,/kaggle/working/Hindi-ASR-Whisper-Pipeline/artifacts/q1/preprocess/segments/978393_0022.wav,अच्छा
978393,294324,hi,23,282.03,290.13,8.1,/kaggle/working/Hindi-ASR-Whisper-Pipeline/artifacts/q1/preprocess/segments/978393_0023.wav,REDACTED
978393,294324,hi,24,295.56,306.03,10.47,/kaggle/working/Hindi-ASR-Whisper-Pipeline/artifacts/q1/preprocess/segments/978393_0024.wav,पहले तो आपने बोला उदयपुर बोला की उधमपुर बोला हां नहीं मेरे को लगा उधमपुर बोल रहे हो जम्मू वाला
978393,294324,hi,25,322.02,332.67,10.65,/kaggle/working/Hindi-ASR-Whisper-Pipeline/artifacts/q1/preprocess/segments/978393_0025.wav,REDACTED
978393,294324,hi,26,338.79,353.13,14.34,/kaggle/working/Hindi-ASR-Whisper-Pipeline/artifacts/q1/preprocess/segments/978393_0026.wav,REDACTED
978393,294324,hi,27,353.67,362.94,9.27,/kaggle/working/Hindi-ASR-Whisper-Pipeline/artifacts/q1/preprocess/segments/978393_0027.wav,ड्रीम इंडिया स्कूल
978393,294324,hi,28,364.98,376.02,11.04,/kaggle/working/Hindi-ASR-Whisper-Pipeline/artifacts/q1/preprocess/segments/978393_0028.wav,अच्छा ठीक बा हो गइल
978393,294324,hi,29,377.25,380.19,2.94,/kaggle/working/Hindi-ASR-Whisper-Pipeline/artifacts/q1/preprocess/segments/978393_0029.wav,REDACTED
978393,294324,hi,30,382.35,390.96,8.61,/kaggle/working/Hindi-ASR-Whisper-Pipeline/artifacts/q1/preprocess/segments/978393_0030.wav,REDACTED
978393,294324,hi,31,394.17,408.99,14.82,/kaggle/working/Hindi-ASR-Whisper-Pipeline/artifacts/q1/preprocess/segments/978393_0031.wav,चलो ठीक है मम्मी ठीक बा रख तानी
978393,294324,hi,32,409.08,412.92,3.84,/kaggle/working/Hindi-ASR-Whisper-Pipeline/artifacts/q1/preprocess/segments/978393_0032.wav,ठीक है भाई थैंक यू वेट करने के लिए
978393,294324,hi,33,419.49,421.29,1.8,/kaggle/working/Hindi-ASR-Whisper-Pipeline/artifacts/q1/preprocess/segments/978393_0033.wav,हम्म
978393,294324,hi,37,450.21,454.56,4.35,/kaggle/working/Hindi-ASR-Whisper-Pipeline/artifacts/q1/preprocess/segments/978393_0037.wav,जानवर जानवर हो गये भेड़िया हो गया तेंदुआ हो गया लकड़बक्का हो गया
978393,294324,hi,38,468.78,473.46,4.68,/kaggle/working/Hindi-ASR-Whisper-Pipeline/artifacts/q1/preprocess/segments/978393_0038.wav,आं गलती से कुछ एक्सिडेंट हो जाता तो फिर दोस्त बेचारे
978393,294324,hi,39,484.59,492.81,8.22,/kaggle/working/Hindi-ASR-Whisper-Pipeline/artifacts/q1/preprocess/segments/978393_0039.wav,अरे हाँ तो आदत नहीं है न पहाड़ के चड़ने की वहाँ क्या उपर प्रेसर ज़्यादा होता है एयर कम होता है
978393,294324,hi,40,498.57,511.17,12.6,/kaggle/working/Hindi-ASR-Whisper-Pipeline/artifacts/q1/preprocess/segments/978393_0040.wav,हां जैसे कि मैं डोंगलगढ़ बता रहा था ना मांबमलेश्वरी हां तो वहाँ पर अपरोक्स मतलब वहाँ पर सिस्टमेटिक सीढ़ी उड़ी बना हुआ है जैसे दर्शन के लिए वो टूरिस्ट प्लेस एक जियार रस से बोल सकते हैं नु
978393,294324,hi,41,511.32,525.87,14.55,/kaggle/working/Hindi-ASR-Whisper-Pipeline/artifacts/q1/preprocess/segments/978393_0041.wav,तो अच्छा वहां हमलोग जाते हैं यहां से हमारे यहां से लगभग सत्तर किलोमीटर पड़ता है बाई ट्रेन जाते हैं तो इस स्टेशन से लगभग दो किलोमीटर चल कर जाएंगे तो फिर हम लोगो वो चढ़ना चालू होता है पहाड़ पर लेकिन
978393,294324,hi,42,525.87,540.81,14.94,/kaggle/working/Hindi-ASR-Whisper-Pipeline/artifacts/q1/preprocess/segments/978393_0042.wav,यही हैं आप पहाड़ पर चढ़ रहे हैं सीढ़ी के साथ साथ ठीक है लेकिन आजु वजु थोड़ा मौड़ा रस्ता बना हुआ है मतलब खुराफाति लोग होते हैं ना थोड़े बहुत हां तो उन्होंने रस्ता बना कर रखा है तो आप उधर निकल सकते हो
978393,294324,hi,43,541.74,545.31,3.57,/kaggle/working/Hindi-ASR-Whisper-Pipeline/artifacts/q1/preprocess/segments/978393_0043.wav,REDACTED
978393,294324,hi,44,548.34,562.83,14.49,/kaggle/working/Hindi-ASR-Whisper-Pipeline/artifacts/q1/preprocess/segments/978393_0044.wav,हां हां नाइन सेवेन लिखके लिखके भेजतानी लिखके
978393,294324,hi,45,563.85,578.58,14.73,/kaggle/working/Hindi-ASR-Whisper-Pipeline/artifacts/q1/preprocess/segments/978393_0045.wav,देखा व्हाट्सएप पर भेजने बनी भेज ले बानी व्हाट्सएप पर
978393,294324,hi,46,579.63,585.03,5.4,/kaggle/working/Hindi-ASR-Whisper-Pipeline/artifacts/q1/preprocess/segments/978393_0046.wav,सुनाना क्या अच्छा नहीं रहेगा ना
978393,294324,hi,47,597.36,612.03,14.67,/kaggle/working/Hindi-ASR-Whisper-Pipeline/artifacts/q1/preprocess/segments/978393_0047.wav,हां इसे दे मेरको अचानक से सूझा में बोला की उन्होंने बताया था पर्सनल डिटेल नहीं शेयर करना अरे भाई किसी का भी नंबर मतलब मेरे पापा का ही नंबर है तो हर जगह ही नंबर चल जाएगा बड़ा गड़बड़ हो जाएगा
978393,294324,hi,48,612.06,624.51,12.45,/kaggle/working/Hindi-ASR-Whisper-Pipeline/artifacts/q1/preprocess/segments/978393_0048.wav,मेरा भी काम बिगड़ जाएगा हाँ तो मै घूमने गया था तो उधर साइड साइड में अपन निकल जाते हैं ना घूमने के लिए तो
978393,294324,hi,49,624.54,636.57,12.03,/kaggle/working/Hindi-ASR-Whisper-Pipeline/artifacts/q1/preprocess/segments/978393_0049.wav,एक बार ऐसी वह एक बंदा न साइड में निकल गया था अपने ग्रुप के साथ तीन चार लोगों का ग्रुप था फ्रेंड लोगों का उन लोग निकल गए घूमने के लिए पहाड़ वहाड़ पे कि चलो एक्सप्लोर करेंगे मजा आएगा उन लोग चले गए
978393,294324,hi,50,636.6,647.46,10.86,/kaggle/working/Hindi-ASR-Whisper-Pipeline/artifacts/q1/preprocess/segments/978393_0050.wav,अंदर अंदर जाते गए जाते गए बहार बहुत बड़ा एरिया उसका तो उधर उन लोग खो गए सुबह के गए थे हमलोग शाम का चार पांच बज गया उन लोग का पता ही नहीं चल रहा है
978393,294324,hi,51,650.19,662.61,12.42,/kaggle/working/Hindi-ASR-Whisper-Pipeline/artifacts/q1/preprocess/segments/978393_0051.wav,फिर उन्होंने कैसे भी मतलब रात हुआ तो रात को उन लोगों ने कैसे भी आग वाग जलाया वहां से धुआं या फिर जो रोशनी होती है उसके जरिए लोगों ने उनको खोजा उसमें से चार में से एक जो दोस्त था ना
978393,294324,hi,52,664.14,674.88,10.74,/kaggle/working/Hindi-ASR-Whisper-Pipeline/artifacts/q1/preprocess/segments/978393_0052.wav,उसका एक्सीडेंटली उसका शायद हाथ या पैर मतलब टूट गया था या फिर फ्रैक्चर गया था तो उसके चक्कर में फिर उन लोग के टेंशन के कारण उनको रस्ता याद नहीं हो रहा था
978393,294324,hi,53,676.77,685.26,8.49,/kaggle/working/Hindi-ASR-Whisper-Pipeline/artifacts/q1/preprocess/segments/978393_0053.wav,और एक जन गिरते गिरते बच गया था मतलब साइड में अपना बड़ा सा तलाब है एकदम गहरा और उसमें बहुत खतरनाक खतरनाक मछली भी रहती है मछली मतलब समझते है न फ़िशेस
978393,294324,hi,54,687.63,694.35,6.72,/kaggle/working/Hindi-ASR-Whisper-Pipeline/artifacts/q1/preprocess/segments/978393_0054.wav,हां तो उस चक्कर में उन लोग मतलब पूरा उन लोगों का ना लग गया था अच्छे से
978393,294324,hi,55,696.42,707.49,11.07,/kaggle/working/Hindi-ASR-Whisper-Pipeline/artifacts/q1/preprocess/segments/978393_0055.wav,उस चक्कर में उधर पूरा अब मतलब दो चार जवान रहते हैं मतलब सेफ्टी के लिए कि हां कोई इधर आएं बाएं नहीं जाए आए माता का दर्शन करें चल जाए किसी का नुकसान नहीं होना चाहिए न
978393,294324,hi,56,709.5,722.91,13.41,/kaggle/working/Hindi-ASR-Whisper-Pipeline/artifacts/q1/preprocess/segments/978393_0056.wav,तो में हम लोग भी गय थे एक्सप्लोर रास्ता पता था पहले तुरंत गए तुरंत आ गय क्योंकि रिस्क लेना जरूरी नहीं है क्योंकि बिना घर पे बताये जा रहे हो आप आपके परिवार वाले को दिक्कत होगा आपको क्या दिक्कत होगा आप तो सुमसे चल जाओगे
978393,294324,hi,57,726.42,740.7,14.28,/kaggle/working/Hindi-ASR-Whisper-Pipeline/artifacts/q1/preprocess/segments/978393_0057.wav,हूं तो और क्या टॉपिक है अगर कोई मेहमान अगर कोई मेहमान अरे यार अरे यार नीचे नहीं होता है अगर कोई मेहमान आपके शहर की आत्मा को सच में महसूस
978393,294324,hi,58,741.24,749.25,8.01,/kaggle/working/Hindi-ASR-Whisper-Pipeline/artifacts/q1/preprocess/segments/978393_0058.wav,करना चाहे तो आप उसे कहां भेजेंगे
978393,294324,hi,59,751.59,756.75,5.16,/kaggle/working/Hindi-ASR-Whisper-Pipeline/artifacts/q1/preprocess/segments/978393_0059.wav,हा .
978393,294324,hi,60,763.62,765.03,1.41,/kaggle/working/Hindi-ASR-Whisper-Pipeline/artifacts/q1/preprocess/segments/978393_0060.wav,आउट ऑफ एरिया है बहुत
978393,294324,hi,62,790.17,791.28,1.11,/kaggle/working/Hindi-ASR-Whisper-Pipeline/artifacts/q1/preprocess/segments/978393_0062.wav,एक तरह से खाई है
978393,294324,hi,63,797.19,799.05,1.86,/kaggle/working/Hindi-ASR-Whisper-Pipeline/artifacts/q1/preprocess/segments/978393_0063.wav,सा
978393,294324,hi,65,816.06,817.65,1.59,/kaggle/working/Hindi-ASR-Whisper-Pipeline/artifacts/q1/preprocess/segments/978393_0065.wav,आ भोजपुर वाला बोल रहे हैं क्या
978393,294324,hi,66,819.84,822.39,2.55,/kaggle/working/Hindi-ASR-Whisper-Pipeline/artifacts/q1/preprocess/segments/978393_0066.wav,नहीं मैं एक बार भोजपूर में भी गया था ना भूपाल
978393,294324,hi,67,837.27,843.06,5.79,/kaggle/working/Hindi-ASR-Whisper-Pipeline/artifacts/q1/preprocess/segments/978393_0067.wav,मतलब खड़ी खड़ी चढ़ाई जैसे होता है ना एकदम
978393,294324,hi,68,846.54,852.81,6.27,/kaggle/working/Hindi-ASR-Whisper-Pipeline/artifacts/q1/preprocess/segments/978393_0068.wav,हैं न मतलब नेचुरल जो रस्ता बना है वहीं रस्ता पर फॉलो करना पड़ता और कोई सेफ्टी टूल भी नहीं होता होगा
978393,294324,hi,69,856.05,857.43,1.38,/kaggle/working/Hindi-ASR-Whisper-Pipeline/artifacts/q1/preprocess/segments/978393_0069.wav,रिस्क ज्यादा होता है मतलब
978393,294324,hi,70,862.59,875.04,12.45,/kaggle/working/Hindi-ASR-Whisper-Pipeline/artifacts/q1/preprocess/segments/978393_0070.wav,अरे बहुत बहुत पहाड़ है जैसे कि हम लोग मैं हमलोग के मैं जहां रहता हूँ वहाँ से हम लोग कहीं भी किसी भी दिशा में दस किलोमीटर निकल जाएंगे न तो हम कहीं न कहीं पहाड़ पे पहुँच जाएंगे ऐसा है
978393,294324,hi,72,882.12,895.17,13.05,/kaggle/working/Hindi-ASR-Whisper-Pipeline/artifacts/q1/preprocess/segments/978393_0072.wav,हम्म वही मैं बता रहा था हम लोग जाते हैं पुरब की ओर मतलब जो डोंगागढ़ बोल रहे हो ना उससे दस किलोमीटर और आगे जाते हैं वहाँ कोई सेफ्टी उफटी नहीं है और वहाँ सबसे टॉप पे एक भोले जी का मतलब शंकर जी का एक
978393,294324,hi,73,895.77,906.63,10.86,/kaggle/working/Hindi-ASR-Whisper-Pipeline/artifacts/q1/preprocess/segments/978393_0073.wav,छोटा सा मंदिर टाइप का बना के रखे है तो वहा पे आपको चढ़ना रहता है मतलब बिना सेफ्टी बिना उसके और वहा पे जानवरो का खतरा बहुत ज्यादा रहता है सांप का खासकर बहुत ज्यादा मिलते है वहां पे ज़हरीले वाले
978393,294324,hi,74,908.28,918.72,10.44,/kaggle/working/Hindi-ASR-Whisper-Pipeline/artifacts/q1/preprocess/segments/978393_0074.wav,हां तो उससे बच बचाकर अगर आप ऊपर गए तो ठीक है वहां से मतलब आपको जो आपका मेंटल पीस है ना बहुत अच्छा मिलेगा क्योंकि वहां से सनसेट और सनराइज बहुत अच्छा दिखता है
978393,294324,hi,75,921.06,927.36,6.3,/kaggle/working/Hindi-ASR-Whisper-Pipeline/artifacts/q1/preprocess/segments/978393_0075.wav,लेकिन रात को चढ़ना मना है उसमें मतलब इसलिए क्योंकि रिस्क हैं अगर आप कहीं निपट जाए तो किसी को पता भी नहीं चलेगा
978393,294324,hi,76,930.21,936.84,6.63,/kaggle/working/Hindi-ASR-Whisper-Pipeline/artifacts/q1/preprocess/segments/978393_0076.wav,और अकेले खास कर जाना मना है वहां पे
978393,294324,hi,77,940.71,947.25,6.54,/kaggle/working/Hindi-ASR-Whisper-Pipeline/artifacts/q1/preprocess/segments/978393_0077.wav,हम्म
978393,294324,hi,79,958.74,968.79,10.05,/kaggle/working/Hindi-ASR-Whisper-Pipeline/artifacts/q1/preprocess/segments/978393_0079.wav,हू .हू
978393,294324,hi,80,973.92,988.29,14.37,/kaggle/working/Hindi-ASR-Whisper-Pipeline/artifacts/q1/preprocess/segments/978393_0080.wav,वहाँ पे अगर यह भी काम हो सकता था कि भईया तुम भागो जो तेज भागेगा वो बचेगा
978393,294324,hi,81,994.02,996.75,2.73,/kaggle/working/Hindi-ASR-Whisper-Pipeline/artifacts/q1/preprocess/segments/978393_0081.wav,हां मतलब कैजुअल्टी नहीं हुई लेकिन मज़ा आया
978393,294324,hi,82,1007.82,1016.16,8.34,/kaggle/working/Hindi-ASR-Whisper-Pipeline/artifacts/q1/preprocess/segments/978393_0082.wav,आह चित्तौड़ का मैंने भी नाम सुना है चित्तौड़ गड़ वाला बोल रहे है ना चित्तौड़ गड़ तो वो बहुत अच्छी जगह है वह घूमने लायक जगह है
978393,294324,hi,83,1021.38,1023.78,2.4,/kaggle/working/Hindi-ASR-Whisper-Pipeline/artifacts/q1/preprocess/segments/978393_0083.wav,ए मतलब एरिया बहुत बड़ा है उस किला का
978393,294324,hi,84,1027.08,1029.0,1.92,/kaggle/working/Hindi-ASR-Whisper-Pipeline/artifacts/q1/preprocess/segments/978393_0084.wav,आ
978393,294324,hi,85,1031.82,1038.42,6.6,/kaggle/working/Hindi-ASR-Whisper-Pipeline/artifacts/q1/preprocess/segments/978393_0085.wav,हां और वहां पे क्या बोलते हैं कि आपको रात को मतलब उसमें जाने का परमिशन नहीं रहता क्योंकि हॉन्टेड प्लेस जैसे हो जाता है वो
978393,294324,hi,86,1042.86,1046.4,3.54,/kaggle/working/Hindi-ASR-Whisper-Pipeline/artifacts/q1/preprocess/segments/978393_0086.wav,हा हा अरे
978393,294324,hi,87,1049.97,1062.24,12.27,/kaggle/working/Hindi-ASR-Whisper-Pipeline/artifacts/q1/preprocess/segments/978393_0087.wav,हां अरे मतलब वहा का जो हिस्ट्री है न वो बहुत अच्छा है बहुत खास है मतलब याद रखने लायक बहुत और वहां पर जो मॉन्यूमेंट बने हैं मतलब राजा के द्वारा फिर मॉन्यूमेंट बहुत खास है मतलब जो
978393,294324,hi,88,1062.27,1076.13,13.86,/kaggle/working/Hindi-ASR-Whisper-Pipeline/artifacts/q1/preprocess/segments/978393_0088.wav,कारिगरी है या फिर जो बनाने का तरिका है वो अनोखा है भारत परमपरा के हिसाब से बहुत बढिया बना था वो बट वही धीरे धीरे उसको नुकसान पहुंचते गया नेचर के थ्रू इंसान के थ्रू और पशु पक्षी के थ्रू
978393,294324,hi,89,1087.89,1102.59,14.7,/kaggle/working/Hindi-ASR-Whisper-Pipeline/artifacts/q1/preprocess/segments/978393_0089.wav,हाँ मैं अभी कुछ टाइम पहले कहां गया था यूपी बलिया गया था मैं हां तो वहां जाके ना हमने प्लैन बनाया कि हम घूमने जाएंगे कहीं
978393,294324,hi,90,1104.09,1118.52,14.43,/kaggle/working/Hindi-ASR-Whisper-Pipeline/artifacts/q1/preprocess/segments/978393_0090.wav,वहां से गंगा घाघरा नदी का नाम सुना होगा तो हम घागरा नदी भी गए थे तो वहां पे एक हमारा जो दोस्त है उनमें से बचा कैसे अभी
978393,294324,hi,91,1119.39,1130.85,11.46,/kaggle/working/Hindi-ASR-Whisper-Pipeline/artifacts/q1/preprocess/segments/978393_0091.wav,हा चलो ठीक है हा ठीक है धन्यवाद खींचा गया टॉपिक उन्नीस मिनट
978484,336911,hi,0,0.27,2.79,2.52,/kaggle/working/Hindi-ASR-Whisper-Pipeline/artifacts/q1/preprocess/segments/978484_0000.wav,हाँ
978484,336911,hi,1,7.23,15.72,8.49,/kaggle/working/Hindi-ASR-Whisper-Pipeline/artifacts/q1/preprocess/segments/978484_0001.wav,अरे आराम से जाएगा तो आपका पसंदीदा शहर में अपने आपके शहर में आपका पसंदीदा स्थान कुछ बताइए हम्म
978484,336911,hi,2,18.63,29.13,10.5,/kaggle/working/Hindi-ASR-Whisper-Pipeline/artifacts/q1/preprocess/segments/978484_0002.wav,अच्छा अच्छा काम है ऐसे मेरे को तो हां मैं भी जैसे चलिए आपने बताया वैसे मै भी बिल्कुल बताऊंगा वैसे तो इसमें पर्सनल जानकारी नहीं देनी है
978484,336911,hi,3,29.25,36.21,6.96,/kaggle/working/Hindi-ASR-Whisper-Pipeline/artifacts/q1/preprocess/segments/978484_0003.wav,आपका नाम वगेरा वगेरा हो गया जिससे शेयर तो चलो ठीक है मैंने आज टॉपिक ही है तो फिर तो बताना ही पड़ेगा तो अब शुरू करते है हाँ
978484,336911,hi,4,39.75,41.16,1.41,/kaggle/working/Hindi-ASR-Whisper-Pipeline/artifacts/q1/preprocess/segments/978484_0004.wav,हां
978484,336911,hi,5,43.62,45.42,1.8,/kaggle/working/Hindi-ASR-Whisper-Pipeline/artifacts/q1/preprocess/segments/978484_0005.wav,हां
978484,336911,hi,6,50.28,53.46,3.18,/kaggle/working/Hindi-ASR-Whisper-Pipeline/artifacts/q1/preprocess/segments/978484_0006.wav,हुं हुं हूं
978484,336911,hi,7,55.74,60.87,5.13,/kaggle/working/Hindi-ASR-Whisper-Pipeline/artifacts/q1/preprocess/segments/978484_0007.wav,हां हां हां अच्छा अच्छा
978484,336911,hi,8,63.51,66.96,3.45,/kaggle/working/Hindi-ASR-Whisper-Pipeline/artifacts/q1/preprocess/segments/978484_0008.wav,हम्ममम
978484,336911,hi,10,73.35,75.15,1.8,/kaggle/working/Hindi-ASR-Whisper-Pipeline/artifacts/q1/preprocess/segments/978484_0010.wav,अच्छा मतलब शहर में है आपके
978484,336911,hi,11,77.58,90.72,13.14,/kaggle/working/Hindi-ASR-Whisper-Pipeline/artifacts/q1/preprocess/segments/978484_0011.wav,अच्छा अच्छा अच्छा तो जैसे मतलब मैं मेरे शहर की बात करु तो जैसे मैं हू एम पी में रतलाम साइड से रतलाम में ही रहता हु मैनली जैसे हमारे यहां तो जैसे अगर
978484,336911,hi,12,90.72,98.85,8.13,/kaggle/working/Hindi-ASR-Whisper-Pipeline/artifacts/q1/preprocess/segments/978484_0012.wav,REDACTED
978484,336911,hi,13,100.89,115.23,14.34,/kaggle/working/Hindi-ASR-Whisper-Pipeline/artifacts/q1/preprocess/segments/978484_0013.wav,हा तो जैसे कभी आओ तो एक बाद चखके देखना बहुत अच्छी होती है मतलब यहां की सेव हो तो अगर मैं आगे घूमने फिरने की जगह की बात करूँ तो यहां कुछ खास है नहीं वैसे तो लेकिन यह है कि जो जो है वो काफी खास है जैसे हमारे यहां पर छोटीमोटी जगह है जिनका अगर मैं नाम लूं तो जैसे अगर में
978484,336911,hi,14,115.41,129.96,14.55,/kaggle/working/Hindi-ASR-Whisper-Pipeline/artifacts/q1/preprocess/segments/978484_0014.wav,मेन सिटी के अंदर की बात करो तो वहाँ पर जैसे एक मतलब एक महलवाड़ा है वहाँ पर जैसे जो पुराने जो राजा महाराजाओं का था वह से वैसा स्ट्रक्चर है फिलहाल उसको काट कर कोलोनिया बना दी है बहुत बड़ी गलती की थी शहरवालों ने सरकार ने बहुत बड़ी
978484,336911,hi,15,129.96,134.07,4.11,/kaggle/working/Hindi-ASR-Whisper-Pipeline/artifacts/q1/preprocess/segments/978484_0015.wav,और बाकी जैसे यहाँ पे कालिका माता मंदिर है घूमने के लिए
978484,336911,hi,16,136.44,147.75,11.31,/kaggle/working/Hindi-ASR-Whisper-Pipeline/artifacts/q1/preprocess/segments/978484_0016.wav,नहीं यह नहीं फिर वह उज्जैन में चला जाता हैं हमारे यहाँ पर साथ ज्योतिर्लिंग में एक नहीं है कोई साथ वह सिर्फ एक काली कहा हो यहाँ यहाँ इससे मैं एम_पी की बात कर रहा हूँ
978484,336911,hi,17,150.3,165.21,14.91,/kaggle/working/Hindi-ASR-Whisper-Pipeline/artifacts/q1/preprocess/segments/978484_0017.wav,हाँ जैसे वो आस पास मे ही होगा में कभी मेरे को भी ध्यान नहीं आ रहा फिलहाल जैसे अगर मे शहर की बात करु तो यहाँ पे जैसे रात के टाइम घूमने के लिए जैसे शाम के टाइम तो चौपाटी वगैराह मिल जाती है तो शहर की बात हुई लेकिन अगर मैं यहां के आस पास में जो गाँव वगैरह है
978484,336911,hi,18,165.24,179.85,14.61,/kaggle/working/Hindi-ASR-Whisper-Pipeline/artifacts/q1/preprocess/segments/978484_0018.wav,जैसे हमारे यहाँ से कुछ दूर जाते तो शिव गढ़ पड़ता है शिव गढ़ के अंदर कयी सारे ऐसे पहाड़ है जैसे उपलर भी है जैसे गिरमाता मंदिर तो वहाँ के टाइम से जेसे अभी बारिश का मौसम है ना तो जैसे हम तभ जाते हैं तो वो मतलब वो उपर उपर बहुत ऊँचा पहाड़ है वो बहुत ज़्यादा ऊँचा
978484,336911,hi,19,181.44,193.56,12.12,/kaggle/working/Hindi-ASR-Whisper-Pipeline/artifacts/q1/preprocess/segments/978484_0019.wav,हां मतलब बहुत हां जैसे जब मैं एक बार जब वहां पे गाया था पर अगर मैं वहां की बात करूं जहां मैं गया था तो मतलब एक तरीके से मैं मरने वाल ही था क्योंकि वह पे है हु इतनी अजीब से जगह वो लेकिन वहां पे
978484,336911,hi,20,193.74,206.04,12.3,/kaggle/working/Hindi-ASR-Whisper-Pipeline/artifacts/q1/preprocess/segments/978484_0020.wav,हा वो खड़ी जा खड़ी चढ़ाई चढ़ते चढ़नी पड़ती है वहां पर खड़ी चढ़ाई वो भी चिकनी मिट्टी के ऊपर और वो खास बात तो ये कि अगर वहां से हमारा पैर फिसला तो हम सीधा पहाड़ से नीचे औंधी साइड पे गिरेंगे ऐसा होता हैं
978484,336911,hi,21,207.84,219.96,12.12,/kaggle/working/Hindi-ASR-Whisper-Pipeline/artifacts/q1/preprocess/segments/978484_0021.wav,हाँ हाँ वो तो है लेकिन गिरते टाइम और खास चीज़ ये है कि वो शुगर साइड जो है ना वो पूरा गांव का एरिया है वहाँ पे जो घर वगैराह हैं वो जो पहाड़ है उससे भी मतलब दस पंद्रह किलोमीटर आगे की साइड पे पड़ता है हाँ
978484,336911,hi,22,220.02,229.2,9.18,/kaggle/working/Hindi-ASR-Whisper-Pipeline/artifacts/q1/preprocess/segments/978484_0022.wav,और खास चीज वो यह है कि मतलब एक तरह से घूमने करने के लिए वी यह है मतलब यहां पे ऐसी पहाड़ वाली जगह बहुत हैं हमारे यहां तो घूमने फिरने के लिए ह्म्म
978484,336911,hi,23,231.0,245.73,14.73,/kaggle/working/Hindi-ASR-Whisper-Pipeline/artifacts/q1/preprocess/segments/978484_0023.wav,हुं और यही चीज मतलब सेफ्टी में भी आता है यहां पे जैसे बाढ़ वगैरा का खतरा भी बहुत कम हो जाता है इसी वजह से हुं तो हां अच्छा कहा का हां हां
978484,336911,hi,24,245.73,247.47,1.74,/kaggle/working/Hindi-ASR-Whisper-Pipeline/artifacts/q1/preprocess/segments/978484_0024.wav,मां शारदा हा सुना तो है
978484,336911,hi,25,250.89,257.19,6.3,/kaggle/working/Hindi-ASR-Whisper-Pipeline/artifacts/q1/preprocess/segments/978484_0025.wav,अच्छा अच्छा हम्म हाँ जैसा इसमें टॉपिक पे
978484,336911,hi,26,263.28,274.38,11.1,/kaggle/working/Hindi-ASR-Whisper-Pipeline/artifacts/q1/preprocess/segments/978484_0026.wav,हम्म्म तो उम्म जैसे अगर अरे अभी मानोगे नहीं है इत्ते टाइम बात मतलब मेरे मतलब जैसे ट्रिप अभी होने ही वाला है
978484,336911,hi,27,274.77,287.73,12.96,/kaggle/working/Hindi-ASR-Whisper-Pipeline/artifacts/q1/preprocess/segments/978484_0027.wav,मतलब एक तरीके से जैसे हम लोगों ने सिर्फ सांवरिया सेठ का ट्रिप बनाया था उस के बाद हमारा प्लान चल रहा था पहले हम लोग सोच रहे थे कि अगर पैसे हुए जैसे अगर कभी हम कमाले पैसे एक तरीके से तो हमारा जो ट्रिप हो जाएगा चितौड़ हो जाएगा चितौड़ उदयपुर
978484,336911,hi,28,287.97,294.63,6.66,/kaggle/working/Hindi-ASR-Whisper-Pipeline/artifacts/q1/preprocess/segments/978484_0028.wav,चित्तौड़ उदयपुर में आराम से दो चार दिन घूमेंगे और उसके बाद आराम से फिर सांवरिया सेठ के दर्शन करके फिर घर आ जाएंगे
978484,336911,hi,29,297.57,312.21,14.64,/kaggle/working/Hindi-ASR-Whisper-Pipeline/artifacts/q1/preprocess/segments/978484_0029.wav,उदयपुर उदयपुर चित्तौड़ उदयपुर वो आसपास में पड़ता है न दोनों आ वैसा ऐसे नहीं होता वो दूर है घरवाले जाने भी नहीं देंगे घरवालों ने पता हा कर दी मतलब एक तरीके से मुझे लगा अभी टवेल्थ कंप्लीट हुई थी और मुझे लगा कि मना कर देंगे
978484,336911,hi,30,312.27,327.12,14.85,/kaggle/working/Hindi-ASR-Whisper-Pipeline/artifacts/q1/preprocess/segments/978484_0030.wav,कोई जरूरत नहीं है हम ले जाएंगे तब चले जाना उन्होंने दोस्तों के साथ जाने के लिए भी हाँ करते हैं हम लोगों ने प्लान भी बना लिया हैं उसको ही बजट की दिक्कत आती है थोड़ी बहुत
978484,336911,hi,31,327.6,342.6,15.0,/kaggle/working/Hindi-ASR-Whisper-Pipeline/artifacts/q1/preprocess/segments/978484_0031.wav,हहह नहीं मतलब मैंने मतलब मैंने जैसे मेरे भैया मेंरे को बारबार मना कर रहे थे तो मैंने उन को यही बोला था की आप रतलाम मे भी मेरे को घूमने से मना करते हो आप को क्या पता मै रतलाम मे कहा कहा जा चुका हूँ जो आप को गिर माता
978484,336911,hi,32,342.6,357.39,14.79,/kaggle/working/Hindi-ASR-Whisper-Pipeline/artifacts/q1/preprocess/segments/978484_0032.wav,मन हां हां बिलकुल बिल्कुल सर
978484,336911,hi,33,366.69,376.44,9.75,/kaggle/working/Hindi-ASR-Whisper-Pipeline/artifacts/q1/preprocess/segments/978484_0033.wav,REDACTED
978484,336911,hi,34,379.32,394.32,15.0,/kaggle/working/Hindi-ASR-Whisper-Pipeline/artifacts/q1/preprocess/segments/978484_0034.wav,REDACTED
978484,336911,hi,35,395.34,403.5,8.16,/kaggle/working/Hindi-ASR-Whisper-Pipeline/artifacts/q1/preprocess/segments/978484_0035.wav,REDACTED
978484,336911,hi,36,405.72,417.72,12.0,/kaggle/working/Hindi-ASR-Whisper-Pipeline/artifacts/q1/preprocess/segments/978484_0036.wav,हाँ हाँ बिल्कुल बस कॉल रिजेक्ट नहीं हो जाए कभी मेरे साथ एक बार हुआ था हाँ तो अपन थोड़ा टॉपिक पे वापिस से चर्चा करते हैं
978484,336911,hi,37,417.75,431.76,14.01,/kaggle/working/Hindi-ASR-Whisper-Pipeline/artifacts/q1/preprocess/segments/978484_0037.wav,अगर आपको बताया था तो वह लोगों को गर्माता मंदिर का भी बना रहे थे तो मैंने उनको एक ही चीज़ बोली थी कि आप मुझे रतलाम शहर पर घूमने भी बना करते हैं तो आपको कहाँ पता जो मांको गिर्माता मंदिर बता रहो ना वो हमारा रतलाम से भी जैसे मतलब
978484,336911,hi,38,431.76,443.31,11.55,/kaggle/working/Hindi-ASR-Whisper-Pipeline/artifacts/q1/preprocess/segments/978484_0038.wav,पांच छ सात किलोमीटर आठ किलोमीटर मान ही लो कि वो बहुत दूर है वहां से यहां से भी दूर है और वहां से शिवगढ़ और ज्यादा दूर पड़ता है तो वहां पे जो बीच में पड़ता तो वहां पे घर वालो ने मना भी किया था और एक तरह से बिना बोले गया था
978484,336911,hi,39,443.34,456.03,12.69,/kaggle/working/Hindi-ASR-Whisper-Pipeline/artifacts/q1/preprocess/segments/978484_0039.wav,तो मैं बता रहा था कि जैसे वो नीचे गिरते है न तो खास बात इन्हीं जानवर है मतलब जैसे जो जैसे केते मतलब जैसे वो हा ये तो अगर आप नीचे गिरे और बहुत घनी झाड़ी है अगर आप एक बार गिरे तो आप
978484,336911,hi,40,456.09,470.01,13.92,/kaggle/working/Hindi-ASR-Whisper-Pipeline/artifacts/q1/preprocess/segments/978484_0040.wav,उठके ऊपर आना तो बुली जाओगी अब बच भी गए तो पत्थर भी इतने सारे और बाद में नीचे जानवर ही आपको नाश्ता बनाकर खा जाएंगे और मैं गया भी था घर पर बिना बोले दोस्तों के साथ मैं बोलके गया था कि बस मेरे दोस्त यहाँ जा रहा हूँ पढाई वगैरा करने के लिए और घरवाले
978484,336911,hi,41,471.24,486.0,14.76,/kaggle/working/Hindi-ASR-Whisper-Pipeline/artifacts/q1/preprocess/segments/978484_0041.wav,तो बहुत दिक्कत आती है हाँ वों भी है लेकिन नहीं मेरे साथ तो नहीं हुआ मेरा दोस्त बेचारा परेशान हो गया उसको ये लग रहा था कि मैं अब गिरूँगा अब गिरूँगा क्योंकि वो बेचारे से चला भी नहीं जा रहा था स्टेमिना कम होने की वज़ह से तो जैसे आप हाँ
978484,336911,hi,43,489.03,497.46,8.43,/kaggle/working/Hindi-ASR-Whisper-Pipeline/artifacts/q1/preprocess/segments/978484_0043.wav,हूँ हां तो जिसे आप आपकी कोई जैसे आसपास छत्तीसगढ़ में कई आपके आसपास कोई जगह वगैरा बताईए
978484,336911,hi,44,499.77,505.74,5.97,/kaggle/working/Hindi-ASR-Whisper-Pipeline/artifacts/q1/preprocess/segments/978484_0044.wav,हां हां हां हां
978484,336911,hi,46,512.97,515.4,2.43,/kaggle/working/Hindi-ASR-Whisper-Pipeline/artifacts/q1/preprocess/segments/978484_0046.wav,हूँ
978484,336911,hi,48,521.85,525.27,3.42,/kaggle/working/Hindi-ASR-Whisper-Pipeline/artifacts/q1/preprocess/segments/978484_0048.wav,हाँ अच्छा
978484,336911,hi,49,533.28,534.6,1.32,/kaggle/working/Hindi-ASR-Whisper-Pipeline/artifacts/q1/preprocess/segments/978484_0049.wav,हां हां
978484,336911,hi,50,538.65,541.26,2.61,/kaggle/working/Hindi-ASR-Whisper-Pipeline/artifacts/q1/preprocess/segments/978484_0050.wav,हम्म जी जी
978484,336911,hi,51,561.24,575.73,14.49,/kaggle/working/Hindi-ASR-Whisper-Pipeline/artifacts/q1/preprocess/segments/978484_0051.wav,हां वो सही रहेगा हम्म या ये हां
978484,336911,hi,52,584.76,598.11,13.35,/kaggle/working/Hindi-ASR-Whisper-Pipeline/artifacts/q1/preprocess/segments/978484_0052.wav,हां मैं समझ सकता हूं मैंने आपको यही बोलने आया था जैसी नाइन वन बोले ना आप तो मैं यही बोलने वाला था कि सर नंबर शेयर मत कीजिए वरना अपन दोनों को दिक्कत होगी जैसे मैं को कोई मेरा दोस्त पेरेंट बोल भी रहता है आप अपनी परसनल डिटेल शेयर करते है ना तो मेरी जो आई डी भी ब्लॉक कर देते है वो
978484,336911,hi,53,599.61,609.09,9.48,/kaggle/working/Hindi-ASR-Whisper-Pipeline/artifacts/q1/preprocess/segments/978484_0053.wav,हां हां तो उस वजह से आपको भी दिक्कत हां हां हां हां
978484,336911,hi,54,611.85,624.09,12.24,/kaggle/working/Hindi-ASR-Whisper-Pipeline/artifacts/q1/preprocess/segments/978484_0054.wav,वहीं तो बहुत जरूरी है हा हा जी बिल्कुल तो जैसे अब अपन टॉपिक पर चर्चा करते हैं हा
978484,336911,hi,55,628.53,630.12,1.59,/kaggle/working/Hindi-ASR-Whisper-Pipeline/artifacts/q1/preprocess/segments/978484_0055.wav,हूं जी जी
978484,336911,hi,56,633.12,636.75,3.63,/kaggle/working/Hindi-ASR-Whisper-Pipeline/artifacts/q1/preprocess/segments/978484_0056.wav,उम्म हूह
978484,336911,hi,61,659.58,663.03,3.45,/kaggle/working/Hindi-ASR-Whisper-Pipeline/artifacts/q1/preprocess/segments/978484_0061.wav,अच्छा है
978484,336911,hi,62,668.82,670.5,1.68,/kaggle/working/Hindi-ASR-Whisper-Pipeline/artifacts/q1/preprocess/segments/978484_0062.wav,अच्छा अच्छा
978484,336911,hi,63,674.64,676.02,1.38,/kaggle/working/Hindi-ASR-Whisper-Pipeline/artifacts/q1/preprocess/segments/978484_0063.wav,अच्छा अच्छा अच्छा
978484,336911,hi,65,683.19,697.74,14.55,/kaggle/working/Hindi-ASR-Whisper-Pipeline/artifacts/q1/preprocess/segments/978484_0065.wav,ह्म्म हा हा मतलब थोड़ा समझ लेता हूं हम्म हम्म अच्छा अच्छा हम्म हम्म
978484,336911,hi,66,707.43,710.88,3.45,/kaggle/working/Hindi-ASR-Whisper-Pipeline/artifacts/q1/preprocess/segments/978484_0066.wav,जी बिल्कुल बिल्कुल
978484,336911,hi,67,723.75,730.02,6.27,/kaggle/working/Hindi-ASR-Whisper-Pipeline/artifacts/q1/preprocess/segments/978484_0067.wav,जी जी हूं
978484,336911,hi,68,743.97,756.24,12.27,/kaggle/working/Hindi-ASR-Whisper-Pipeline/artifacts/q1/preprocess/segments/978484_0068.wav,हा हा तो जैसे अगर मैं इसकी बोलूं तो मतलब मेरे शहर में एक और ऐसी जगह है पैराडाइस बेली जैसे हां तो कभी मतलब वो खास चीज ये है जो
978484,336911,hi,69,756.24,770.37,14.13,/kaggle/working/Hindi-ASR-Whisper-Pipeline/artifacts/q1/preprocess/segments/978484_0069.wav,मै आपको जगह बता रहा हूं न हमारे शहर में ऐसी कुछ जगह है जो मतलब वो बाहर कहते हैं न पहाड़ी इलाके वगैरह यहां का सा पूरा ऐसा एहसास दिलाती है की हम हां वो भी तकरीबन यहां से मतलब पन्द्रह सत्रह किलो मीटर दूर है रतलाम से
978484,336911,hi,70,770.4,785.04,14.64,/kaggle/working/Hindi-ASR-Whisper-Pipeline/artifacts/q1/preprocess/segments/978484_0070.wav,वहां जब जाते हैं ना तो वहां एक तरीके से पूरा एक प्लेन जगह है छोटेछोटे पहाड़ी है और छोटे पहाड़ के नीचे ही मतलब बहुत अंदर तक ऐसा बहुत जैसे गड्ढा जैसा होता ना गड्ढा जैसा वो उधर से बीच में से होती हुई नदी जाती है
978484,336911,hi,71,785.4,797.49,12.09,/kaggle/working/Hindi-ASR-Whisper-Pipeline/artifacts/q1/preprocess/segments/978484_0071.wav,और वो जो ऊपर से देखने में बहुत अलग लगता है वहां पर भी खड़ा उतरना पड़ता है मतलब जेसे मैंने आपको बताया खड़ी चाहिए हां एक खाई है बहुत गहरी एक मतलब मैं जब पहली बार वहा गया था ना तो वहां पर एक डेथ भी हो गई थी एक लड़की की तैरते तैरते
978484,336911,hi,72,798.39,812.85,14.46,/kaggle/working/Hindi-ASR-Whisper-Pipeline/artifacts/q1/preprocess/segments/978484_0072.wav,बोल रहे थे खतरनाक जगह है ये लेकिन यह है कि आप वहां जाते हो तो अगर एंजॉय वगैरह करते हो दोस्तों के साथ मैगी बहुत बार बनाई है तो वहां पे तो एंजॉय करने में बहुत मजा आता है और ऐसी एक और ऐसी जगह है जैसे हमारा केदाररेश्वर मंदिर तो वो भी मतलब
978484,336911,hi,73,813.51,815.31,1.8,/kaggle/working/Hindi-ASR-Whisper-Pipeline/artifacts/q1/preprocess/segments/978484_0073.wav,केदारेश्वर महादेव मंदिर है एक
978484,336911,hi,74,817.65,819.03,1.38,/kaggle/working/Hindi-ASR-Whisper-Pipeline/artifacts/q1/preprocess/segments/978484_0074.wav,नहीं नहीं रतलाम में ही है हमारे
978484,336911,hi,75,822.42,837.36,14.94,/kaggle/working/Hindi-ASR-Whisper-Pipeline/artifacts/q1/preprocess/segments/978484_0075.wav,अच्छा नहीं नहीं वहां का नई रतलाम कई यहां पे है एक केदारेश्वर और एक मतलब एक और है मतलब बड़े केदारेश्वर भी है दोनों मंदिर आस ऐसे ही है ये जो जगह बता रहा हुआ न आपको ये जगह सब खाई वाली जगह है और यहां की जो खाई है न मतलब चार या पांच मंजिला घिरी होती अबतक
978484,336911,hi,76,837.87,851.79,13.92,/kaggle/working/Hindi-ASR-Whisper-Pipeline/artifacts/q1/preprocess/segments/978484_0076.wav,फीट के हिसाब से नहीं खड़ी खड़ी चढ़ाई है जैसे हम यहां तो जैसे मंदिर वगैरा में तो सीढ़ियां है लेकिन पेरडाइस वेली में सीढ़ियां नहीं है वह आपको ऐसी नॉर्मल उतरना पड़ता है तो लोग उतर तो उतरते भी कभीकभी गिर जाता है बस वैसा ही जी जी
978484,336911,hi,77,853.26,866.4,13.14,/kaggle/working/Hindi-ASR-Whisper-Pipeline/artifacts/q1/preprocess/segments/978484_0077.wav,हाँ तो जैसे आपके कोई हां जैसे आप जैसे छत्तीसगढ़ में तो वहां आसपास भी कुछ पहाड़ वगैरा की कोई एरिया वगैरा दोस्तों के साथ कभी गए हो तो
978484,336911,hi,79,875.07,883.29,8.22,/kaggle/working/Hindi-ASR-Whisper-Pipeline/artifacts/q1/preprocess/segments/978484_0079.wav,हाँ सेम हमारा भी वैसा ही है बस ये है कि यहाँ पे ऊंचाई बहुत कम है जो मैं आपको गिनी चुनी जगह बताऊं ना वहाँ पे ऊंचाई ज्यादा है बस हा
978484,336911,hi,80,886.62,890.49,3.87,/kaggle/working/Hindi-ASR-Whisper-Pipeline/artifacts/q1/preprocess/segments/978484_0080.wav,जी जी
978484,336911,hi,82,906.9,911.61,4.71,/kaggle/working/Hindi-ASR-Whisper-Pipeline/artifacts/q1/preprocess/segments/978484_0082.wav,जी जी जी हूँ
978484,336911,hi,83,919.02,925.35,6.33,/kaggle/working/Hindi-ASR-Whisper-Pipeline/artifacts/q1/preprocess/segments/978484_0083.wav,अच्छा अच्छा हां
978484,336911,hi,84,927.36,940.41,13.05,/kaggle/working/Hindi-ASR-Whisper-Pipeline/artifacts/q1/preprocess/segments/978484_0084.wav,हां ये तो फिर अच्छा अच्छा हां मतलब जैसे अकेले की आपने एक बात बोली है तो जैसे मैं आपको ये इंसिडेंट भी सुना सकता हूं
978484,336911,hi,85,940.47,955.32,14.85,/kaggle/working/Hindi-ASR-Whisper-Pipeline/artifacts/q1/preprocess/segments/978484_0085.wav,कुछ टाइम पहले ही हम लोगो ने पार्टी की थी और जैसा वो पहाड़ पे करी थी वो भी रात के टाइम पे करी थी आह वो मतलब एक तरह रात के टाइम पे जैसे पहाड़ जैसा होता हैं मतलब एक मंदिर ही था उजाला तो है वहाँ पे ऐसी बात नहीं है बस यही कि वहाँ पे रात के टाइम पे ऐसा कुछ जाना वगैरह रहता नहीं मतलब इता
978484,336911,hi,86,955.41,967.47,12.06,/kaggle/working/Hindi-ASR-Whisper-Pipeline/artifacts/q1/preprocess/segments/978484_0086.wav,बस एक ही है वहां बहुत दूर है हमारे शहर से मैंने घर पे बोला था में मेरे दोस्त के घर पर रुक रहा हूं और मैं जा रहा हूं ऐसा बोलके हम चले गए थे और फिर हम लोगों ने खाना वाना बनाया था शाम का टाइम था और शाम से फिर रात हो गई थी आते आते पूरी
978484,336911,hi,87,968.4,981.84,13.44,/kaggle/working/Hindi-ASR-Whisper-Pipeline/artifacts/q1/preprocess/segments/978484_0087.wav,तो फिर मैंने यह बोला था कि मैं दोस्त के यहीं रुकूंगा तो आते आते हमको लगभग समथिंग दो या तीन बज गए थे आते आते और वहां पर यही डर था कि अगर जानवर निकल गया तो फिर हम लोग साथ साथ ही जाएंगे बस यह है कि
978484,336911,hi,88,983.97,995.07,11.1,/kaggle/working/Hindi-ASR-Whisper-Pipeline/artifacts/q1/preprocess/segments/978484_0088.wav,हा हा तो फिर वही मतलब एक तरीके से हमने एंजॉय किया था वैसे उसे टाइम कुछ हुआ नहीं लेकिन ये है कि एंजॉय बहुत किया हम लोगों ने
978484,336911,hi,89,997.05,1010.97,13.92,/kaggle/working/Hindi-ASR-Whisper-Pipeline/artifacts/q1/preprocess/segments/978484_0089.wav,बहुत ज़्यादा मजा है एक तरीके से हम लोगों ने हमारे शहर में ही वो सारे मजे ले लिए थे जो हम बाहर जाकर लेते हैं वैसे ही अब बाहर जाने का जो प्रोग्राम हुआ है उदयपुर चित्तौड़ तो वहां पर भी हम ऐसे ही मजे करने वाले हैं वहां पर भी जाएंगे घूमेंगे
978484,336911,hi,90,1011.54,1026.39,14.85,/kaggle/working/Hindi-ASR-Whisper-Pipeline/artifacts/q1/preprocess/segments/978484_0090.wav,हाँ हाँ जी जी बिल्कुल बिल्कुल किला है जैसे मतलब किला है वहा का किला तेरह किलोमीटर चौड़ा है मतलब लंबा है बहुत ज्यादा तेरह किलोमीटर के एरिया में फैलाहै बहुत ज्यादा बोलता हूं तेरा किलो मीटर में फैला हुआ है किला
978484,336911,hi,91,1026.39,1032.87,6.48,/kaggle/working/Hindi-ASR-Whisper-Pipeline/artifacts/q1/preprocess/segments/978484_0091.wav,और आपको उसको घूमते घूमते ही अगर आप पैदल पैदल भी घूमना शुरू करोगे तो आपको दो दिन लग जाएंगे अकेले घूमते घूमते
978484,336911,hi,92,1035.93,1049.1,13.17,/kaggle/working/Hindi-ASR-Whisper-Pipeline/artifacts/q1/preprocess/segments/978484_0092.wav,बिल्कुल भी नई है बिल्कुल बिल्कुल बिल्कुल ऐसा बस वहां पर एक चीज़ है कि शाम के टाइम पर न एक नाइट शो होता है वो इतिहास के ऊपर वहां के और जैसे वहां पे खास बात तो ये है की इसे रानी महारानी पद्मावती ने न जौहर किया था
978484,336911,hi,93,1050.96,1054.83,3.87,/kaggle/working/Hindi-ASR-Whisper-Pipeline/artifacts/q1/preprocess/segments/978484_0093.wav,हाँ
978484,336911,hi,95,1064.91,1070.76,5.85,/kaggle/working/Hindi-ASR-Whisper-Pipeline/artifacts/q1/preprocess/segments/978484_0095.wav,जी जी जी बिल्कुल बिल्कुल
978484,336911,hi,96,1074.12,1087.56,13.44,/kaggle/working/Hindi-ASR-Whisper-Pipeline/artifacts/q1/preprocess/segments/978484_0096.wav,हम्म हां और तो जिसे फिलहाल तो जिसे टाइम होता जा रहा जिसे आप एक कोई साथ की लाइफ का कोई जिसे आप गुमने फिरने वाला इंसिडेंट आप मुझे बता सकते हो
978484,336911,hi,97,1095.36,1106.13,10.77,/kaggle/working/Hindi-ASR-Whisper-Pipeline/artifacts/q1/preprocess/segments/978484_0097.wav,अच्छा जी
978484,336911,hi,98,1113.33,1127.88,14.55,/kaggle/working/Hindi-ASR-Whisper-Pipeline/artifacts/q1/preprocess/segments/978484_0098.wav,अरे सर हां हां अरे मैं बोल रहा था मेरा भी एक कॉल आ रहा है वो शायद मैं कॉल काटना पड़ेगा टाइम भी हो चुका है ना तो मैं बोल रहा था आपसे बात करके अच्छा लगा
978484,336911,hi,99,1127.91,1132.08,4.17,/kaggle/working/Hindi-ASR-Whisper-Pipeline/artifacts/q1/preprocess/segments/978484_0099.wav,REDACTED
979497,108626,hi,0,0.36,14.7,14.34,/kaggle/working/Hindi-ASR-Whisper-Pipeline/artifacts/q1/preprocess/segments/979497_0000.wav,जी मिस्टेट के हम लोग जरूर हैं बट अलगअलग डिस्ट्रिक्ट के हैं बट एक ही स्टेट के हैं तो उसके सामने उसको एक ही बुरा लगता था कि हर चीज का सॉल्यूशन हो भी इमोशनल हो जाता था तो उसका कहना यही था कि तुम जो है ना मतलब रोया मत करो
979497,108626,hi,1,15.15,28.17,13.02,/kaggle/working/Hindi-ASR-Whisper-Pipeline/artifacts/q1/preprocess/segments/979497_0001.wav,ठीक है प्रॉबलम है लाइफ में म मानते है सब के साथ बात सही है किसी के साथ बड़ी प्रोबलेम है किसी के साथ छोटी है लेकिन कठिनाइयां हर इंसान के जीवन में है चाहे अमीर हो गरीब हो स्वास्थ्य हो रोगी हो जो भी हो
979497,108626,hi,2,28.89,41.52,12.63,/kaggle/working/Hindi-ASR-Whisper-Pipeline/artifacts/q1/preprocess/segments/979497_0002.wav,जिस भी स्तर पे हो तो ये बात है तो हम अपने दोस्त के सामने रोए थे और आखिरी बार तो हमको लगता है मैने कल ही रोया था क्योंकि घर में लड़ाई झगड़े हुए ना आपस में
979497,108626,hi,3,41.52,56.4,14.88,/kaggle/working/Hindi-ASR-Whisper-Pipeline/artifacts/q1/preprocess/segments/979497_0003.wav,भाईयो मतलब घर के संबंधियो के भी तो आपको ये बात बहुत हर्ट करता है कभी भी घर में लड़ाई झगडा हम जानते हैं कि उसकी गलती नहीं है या हमारी गलती नहीं है फिर भी हम जो हैं न सफाई नही देते है हम चाहते हैं कि घर में किसी ढंग से महौल शांत हो जाए
979497,108626,hi,4,57.21,71.19,13.98,/kaggle/working/Hindi-ASR-Whisper-Pipeline/artifacts/q1/preprocess/segments/979497_0004.wav,तो घर में झगड़ा होता तो इसका बहुत ज्यादा बहुत लोगों को देखके बढ़चढ़ के उसे झगड़ा में अपनी बात को रखेंगे यह अपनी सफाई देंगे गलत नहीं है तो सफाई देंगे तो फिर हमारे साथ जो की बिल्कुल मैं सही होने के बाबजूद भी अपना सफाई नहीं दे पाता और चाहता हूं बस
979497,108626,hi,5,71.49,85.56,14.07,/kaggle/working/Hindi-ASR-Whisper-Pipeline/artifacts/q1/preprocess/segments/979497_0005.wav,ये है कि सब लोग कम से कम अब से बेहतर ढंग से रहे है हम तो कल ही रोए है ओर अकेले भी रोए है और जैसे है कि आपने आखिरी बार इतनी गहराई से कब महसूस किया
979497,108626,hi,6,86.22,100.5,14.28,/kaggle/working/Hindi-ASR-Whisper-Pipeline/artifacts/q1/preprocess/segments/979497_0006.wav,तो सबसे बड़ी बात हैं अपनी फ्यूचर को लेकर ना मैं सबसे ज्यादा में हर एक घंटा ऐसा नहीं बीता होगा कोई अगर हम लोग इस समय सोते है हम उसको अगर हटा दे हर कोई ऐसा घंटा नहीं बीता होगा जिसमें हम नहीं सोचते
979497,108626,hi,7,101.7,116.37,14.67,/kaggle/working/Hindi-ASR-Whisper-Pipeline/artifacts/q1/preprocess/segments/979497_0007.wav,तो ये तो मतलब कह सकते हैं कि वो ओवरथिंकिंग का शिकार हैं डिप्रेशन का तो ये तो हमसे बहोत जुड़ा हुआ इच्छा है मतलब आपने आखिरी बार इतनी गहराई से कब महसूस किया और सुबह ही कौन सी भावना को आप
979497,108626,hi,8,116.37,125.04,8.67,/kaggle/working/Hindi-ASR-Whisper-Pipeline/artifacts/q1/preprocess/segments/979497_0008.wav,के साथ कौन इस भावना को आप के साथ साझा करता है मेरा दोस्त मै इनडायरेक्टली रूप से ही हर चीज अपने दोस्त को बता देता हूँ
979497,108626,hi,9,126.12,139.71,13.59,/kaggle/working/Hindi-ASR-Whisper-Pipeline/artifacts/q1/preprocess/segments/979497_0009.wav,क्योंकि हमको लगता है न है कि हम अपने मम्मी पापा से भी ज्यादा कुछ दोस्त वैसे है जो कि हमको बहुत ही ज्यादा मानते है तो हम अपने चूंकि कुछ वैसी बात है जो अभी तक हमारे मन में ही है लेकिन कुछ हद तक जो है अपने दोस्तों के साथ शेयर करते
979497,108626,hi,10,140.49,153.72,13.23,/kaggle/working/Hindi-ASR-Whisper-Pipeline/artifacts/q1/preprocess/segments/979497_0010.wav,तो हम अपने दोस्त के साथ जो है अपनी भावनाओं को सबसे ज़्यादा साझा करता हूँ इस भावना से निपटने में जो है ना हमको सबसे ज़्यादा भी जो मतलब कह सकते है कि एक बार हम सोच लिये कि अब क्या होगा तो एक दोस्त मदद की
979497,108626,hi,11,153.72,166.59,12.87,/kaggle/working/Hindi-ASR-Whisper-Pipeline/artifacts/q1/preprocess/segments/979497_0011.wav,और दूसरा भी एक आर्टिफिशियल इंटेलिजेंस आया है ए_आई जो कि व्हाट्सएप वगैराह पे भी अवेलेबल है उसका सेक्टर तो उस पे मैंने जब अपने प्रश्नों को लिखा तो उसका बहुत बेहतरीन ढंग से जो है उत्तर आया है कि इन सब
979497,108626,hi,12,166.65,180.03,13.38,/kaggle/working/Hindi-ASR-Whisper-Pipeline/artifacts/q1/preprocess/segments/979497_0012.wav,प्रक्रियाओं को ऐसे डॉक्टर से ऐसे मिलें ये वो हमको लगता है कि कुछ दिनों में मतलब इस मंथ में या अगले मंथ तक हर हाल मे उस प्रोसेस में हम पूरी रूप से खुद को ढाल पाऊंगा ताकि एक बेहतर जीवन मिल सकें
979497,108626,hi,13,181.44,182.67,1.23,/kaggle/working/Hindi-ASR-Whisper-Pipeline/artifacts/q1/preprocess/segments/979497_0013.wav,जी अपना कुछ बताये
979497,108626,hi,14,219.18,225.24,6.06,/kaggle/working/Hindi-ASR-Whisper-Pipeline/artifacts/q1/preprocess/segments/979497_0014.wav,बिल्कुल
979497,108626,hi,15,228.36,232.5,4.14,/kaggle/working/Hindi-ASR-Whisper-Pipeline/artifacts/q1/preprocess/segments/979497_0015.wav,बिल्कुल
979497,108626,hi,18,305.16,311.16,6.0,/kaggle/working/Hindi-ASR-Whisper-Pipeline/artifacts/q1/preprocess/segments/979497_0018.wav,हा होता है सबका अपनी अपनी मतलब तौर तरीका होता है जी
979497,108626,hi,19,332.52,346.47,13.95,/kaggle/working/Hindi-ASR-Whisper-Pipeline/artifacts/q1/preprocess/segments/979497_0019.wav,नहीं नहीं यह आपके बात नहीं है समान तौर पर जो है लोग जो है न खुशियां जरूर बांट देते हैं दर्द नहीं बांटते हैं क्योंकि अधिकतर आदमी जो अभी मारे हमारे समाज में है न वह मतलब है
979497,108626,hi,20,346.5,359.67,13.17,/kaggle/working/Hindi-ASR-Whisper-Pipeline/artifacts/q1/preprocess/segments/979497_0020.wav,इस दर्द में कही न कही हम देखे है की जो संबंधियों में भी ऐसे गुन आप के दर्द में कही न कही ऊपर से तो लग जाएगा ये हमारे सहयोगी है लेकिन उनको सुकून मिलता है पहली बात और आदमी उसी के सामने रोए गा या अपने दुख
979497,108626,hi,21,359.7,373.8,14.1,/kaggle/working/Hindi-ASR-Whisper-Pipeline/artifacts/q1/preprocess/segments/979497_0021.wav,शेयर करेगा जिसपे वो अपने बराबर विश्वास करता हो या अपने से ज्यादा या अपनी माँ के पास यह अपना वैसा दोस्त जिसके साथ हर चीज शेयर करते हैं तो कुछ एक के साथ अपनी बातें अपना दुख शेयर करता हूँ जी अपनी बात थोड़ी करे
979497,108626,hi,23,519.69,525.09,5.4,/kaggle/working/Hindi-ASR-Whisper-Pipeline/artifacts/q1/preprocess/segments/979497_0023.wav,हलो
979497,108626,hi,24,531.66,544.53,12.87,/kaggle/working/Hindi-ASR-Whisper-Pipeline/artifacts/q1/preprocess/segments/979497_0024.wav,जी जी प्रॉब्लम यह होता है न कि सबसे बड़ी चीज होती है न कि दुख सबके सामने आता है कम या जादा तो सभाविक आदमी कस्ट में है तभी वो मतलब चिंतित रहेगा उस बात को गहराई से सोचेगा
979497,108626,hi,25,544.71,554.64,9.93,/kaggle/working/Hindi-ASR-Whisper-Pipeline/artifacts/q1/preprocess/segments/979497_0025.wav,भावनाओं से निपटने में एक कोशिस करेगा कि कोई मेरी मदद करें तो ऐसा है कि इन सब चीजों को लेकर जो है ना हम थोड़ा संजीदगी में रहते हैं और मतलब
979497,108626,hi,26,555.51,568.8,13.29,/kaggle/working/Hindi-ASR-Whisper-Pipeline/artifacts/q1/preprocess/segments/979497_0026.wav,जनरली मेरी आदत है सामान्य तौर पे देखे तो अपनी जो खुद नकारात्मक स्थितियां है जब हम बहुत चिंतन में हैं बहुत कह सकते है अवसाद में हैं तो मेरी कोशिश रहती है कि हम अपने जहां तक संभव होता है ना मैं अपने
979497,108626,hi,27,569.19,583.68,14.49,/kaggle/working/Hindi-ASR-Whisper-Pipeline/artifacts/q1/preprocess/segments/979497_0027.wav,मैं मैक्सिमम अगर जितना बार अपसेट रहता हूं या रोता हूं अगर दस बार तो कम से कम आठ से नौ बार मैं अकेले दुख को मैं जनरली जो है न समान तौर पर सभी लोग ऐसा करते हैं और मेरे अ स्थिति में एक
979497,108626,hi,28,583.77,598.5,14.73,/kaggle/working/Hindi-ASR-Whisper-Pipeline/artifacts/q1/preprocess/segments/979497_0028.wav,ये बात थोड़ी से ज्यादा है कि मैं दुख को से ज्यादा से ज्यादा कोशिश करता हूँ कि किसी को पता ना चले और एक चीज और है ना कि जब दुख हो ना तो अगर आप अकेले में बहुत ज्यादा रो ले तो फिर उसके बाद जो है ना वो दुख से उबरने का हमको जो है ना मतलब
979497,108626,hi,29,598.89,608.19,9.3,/kaggle/working/Hindi-ASR-Whisper-Pipeline/artifacts/q1/preprocess/segments/979497_0029.wav,REDACTED
979497,108626,hi,30,609.21,623.67,14.46,/kaggle/working/Hindi-ASR-Whisper-Pipeline/artifacts/q1/preprocess/segments/979497_0030.wav,तो कहीं ना कहीं दुख हो तो मैं उसका आदमी चिंतन करना चाहिए और हम उसकी गहराई से जब सोचते हैं त हर दुख का निराकरण निकलता है और सुखदुख तो जीवन के नदी के दो किनारे हैं एक की बिना दूसरे की कल्पना हो ही नहीं सकती है
979497,108626,hi,31,624.03,637.71,13.68,/kaggle/working/Hindi-ASR-Whisper-Pipeline/artifacts/q1/preprocess/segments/979497_0031.wav,कम ज़्यादा हर एक के जीवन में है उम्मीद करता हूं सब लोग जो हैं अभी का जो समय है ज्यादा दुख है और बेवजह का दुख ज्यादा है तो मेरा हिसाब है कि इतना हर टाइम की मानसिक स्वास्थ्य की है शारीरिक स्वास्थ्य की
979497,108626,hi,32,637.74,651.39,13.65,/kaggle/working/Hindi-ASR-Whisper-Pipeline/artifacts/q1/preprocess/segments/979497_0032.wav,सुविधा हर ढंग से खानपान हर चीज अवेलेबल है जो हमारे शरीर पे मन मस्तिष्क पे प्रतिकूल प्रभाव डाले तो सब लोगों को इस तरफ जो है थोड़ा सा आगे बढ़ना चाहिए और खुद के लिए चिंतन करना चाहिए क्योंकि अभी का जो समय जो है न
979497,108626,hi,33,651.87,662.19,10.32,/kaggle/working/Hindi-ASR-Whisper-Pipeline/artifacts/q1/preprocess/segments/979497_0033.wav,वो मानसिक स्वास्थ्य जो है ज्यादा मतलब उसको लेकर जो है ना इस तिथिया गंभीर होती जा रही है मेरा ऐसा मानना है मानसिक स्वास्थ्य के प्रति लोग सचेत रहे
979497,108626,hi,34,673.17,688.11,14.94,/kaggle/working/Hindi-ASR-Whisper-Pipeline/artifacts/q1/preprocess/segments/979497_0034.wav,बिल्कुल बिल्कुल
979497,108626,hi,35,722.61,724.89,2.28,/kaggle/working/Hindi-ASR-Whisper-Pipeline/artifacts/q1/preprocess/segments/979497_0035.wav,आ
979497,108626,hi,36,779.37,793.95,14.58,/kaggle/working/Hindi-ASR-Whisper-Pipeline/artifacts/q1/preprocess/segments/979497_0036.wav,नही नही ये ऐसा मानना है ना कि जब जब परेशानियां कुछ हद तक हमारे समय में खारकर अब तो अब तो समय वाला आ गया पहले की तुलना में लेकिन पहले जो है और अभी भी हम इस चीज को देखते है कि लोग शारीरिक स्वास्थ
979497,108626,hi,37,794.07,806.22,12.15,/kaggle/working/Hindi-ASR-Whisper-Pipeline/artifacts/q1/preprocess/segments/979497_0037.wav,जी बिल्कुल ध्यान नही देते अगर सर्दी है खासी है तो डॉक्टर के पास जाना दवा लेना कुछ भी लेकिन मानसिक स्वस्थ को लोग तवज्जो नहीं देते जो कि गलत है कहीं ना कहीं मानसिक स्वस्थ का होना शारीरिक स्वस्थ
979497,108626,hi,38,806.22,817.59,11.37,/kaggle/working/Hindi-ASR-Whisper-Pipeline/artifacts/q1/preprocess/segments/979497_0038.wav,हिसाब से मानसिक स्वास्थ्य का ज्यादा सुदृढ़ होना वो ज्यादा बेहतर है तो इस चीज के प्रति जो है ना जब मेरा ऐसा मानना है की हर व्यक्ति के लाइफ में चिंता है अगर
979497,108626,hi,39,817.77,830.67,12.9,/kaggle/working/Hindi-ASR-Whisper-Pipeline/artifacts/q1/preprocess/segments/979497_0039.wav,हम नौकरी की एग्जाम दिये नौकरी के लिये सरकारी नौकरी के लिये या इंटरव्यू दिये सलेक्शन नहीं हुआ तो ऑप्शन बी क्या हम रखे ये सब सबके लाइफ में उतार चढ़ाव हैं घर में कोई बेवजह डांट दिये या तबियत खराब हैं
979497,108626,hi,40,830.88,843.27,12.39,/kaggle/working/Hindi-ASR-Whisper-Pipeline/artifacts/q1/preprocess/segments/979497_0040.wav,क्या करें बहुत सारे सिचुएशन है छोटी बड़ी घटनायें सबके साथ है जो उनके सीधेसीधे उनकी इसी मानसिक स्थिति पे भी प्रभाव डाल सकती है तो जब थोड़ी बहुत चिंता है तो मेरा ऐसा मनाना है की आप या हम या हम सब लोग
979497,108626,hi,41,843.57,856.08,12.51,/kaggle/working/Hindi-ASR-Whisper-Pipeline/artifacts/q1/preprocess/segments/979497_0041.wav,हां गहराई से चिंतन करें आत्म चिंतन करें तो शायद उससे उबर सकते हैं लेकिन जब प्रॉब्लम ऐसा हो कि हम उससे उबर ना पा रहे हो या उबरने का तरीका ना मालूम हो और घर में हम किसी को ना बता पाये
979497,108626,hi,42,856.08,870.12,14.04,/kaggle/working/Hindi-ASR-Whisper-Pipeline/artifacts/q1/preprocess/segments/979497_0042.wav,हा तो ऐसी स्थिति में ये होना चाहिए किसी काउंसलर का मदद ले ऑनलाइन भी सहायता अवेलेबल है या नजदीकी किसी अच्छे मानसिक स्वास्थ्य पेशेवर से मिलना एक बेहतर कदम हो सकता है क्योंकि हम अधिकतर देखें आत्महत्या का जो है ना आत्महत्या
979497,108626,hi,43,870.12,884.4,14.28,/kaggle/working/Hindi-ASR-Whisper-Pipeline/artifacts/q1/preprocess/segments/979497_0043.wav,क्या कोई भी वैसा नहीं है अभी आत्महत्या का प्रचलन हमारे देश में बहुत बढ़ा जो एक बहुत दुर्भाग्यपूर्ण स्थिति है तो आत्महत्या के जब आप केसेस में देखते होंगे तो ज्यादातर ऐसे कैसे केसेस होंगें 99 से ज्यादा
979497,108626,hi,44,884.67,897.27,12.6,/kaggle/working/Hindi-ASR-Whisper-Pipeline/artifacts/q1/preprocess/segments/979497_0044.wav,शरीरिक रूप से जो मतलब कमजोर है वो आत्महत्या कभी ना करता कहीं ना कहीं उसकी मानसिक स्थिति प्रभावित होगी तभी वो आत्महत्या करेगा तो इसी से अंदाजा लगाया जा सकता है कि मानसिक स्वास का अनुकूल होना कितना
979497,108626,hi,45,897.27,901.59,4.32,/kaggle/working/Hindi-ASR-Whisper-Pipeline/artifacts/q1/preprocess/segments/979497_0045.wav,हां जरूरी है हमारे लिए परिवार समाज खुद के लिए सब
979497,108626,hi,46,912.27,917.55,5.28,/kaggle/working/Hindi-ASR-Whisper-Pipeline/artifacts/q1/preprocess/segments/979497_0046.wav,बिलकुल बिलकुल
979497,108626,hi,47,928.68,935.43,6.75,/kaggle/working/Hindi-ASR-Whisper-Pipeline/artifacts/q1/preprocess/segments/979497_0047.wav,जी जी जी जी बिल्कुल बिल्कुल
979497,108626,hi,48,953.07,957.15,4.08,/kaggle/working/Hindi-ASR-Whisper-Pipeline/artifacts/q1/preprocess/segments/979497_0048.wav,जी एक संतुलित मन रह सकता है बिल्कुल
979497,108626,hi,49,963.48,964.62,1.14,/kaggle/working/Hindi-ASR-Whisper-Pipeline/artifacts/q1/preprocess/segments/979497_0049.wav,बिल्कुल बिल्कुल
979497,108626,hi,50,969.51,984.45,14.94,/kaggle/working/Hindi-ASR-Whisper-Pipeline/artifacts/q1/preprocess/segments/979497_0050.wav,एक चीज़ होता है कि एक चीज़ है न यहाँ पर मैं जोड़ना चाहता हूँ कि जो मतलब एक है कि अगर मानसिक स्थिति में हमारे मानसिक स्थिति सही नहीं है तो कहीं न कहीं शरीर में चाहे हमारी सोच में
979497,108626,hi,51,984.63,995.94,11.31,/kaggle/working/Hindi-ASR-Whisper-Pipeline/artifacts/q1/preprocess/segments/979497_0051.wav,हमारे खान पान में हमारे रहन सहन में कुछ ऐसा मतलब नकारात्मकता हुई है जिसका प्रतिक अनुकूल नहीं प्रतिकूल परवाह हमारे मन मस्तिष्क में पड़ रहा है तो हम अगर
979497,108626,hi,52,995.94,1006.65,10.71,/kaggle/working/Hindi-ASR-Whisper-Pipeline/artifacts/q1/preprocess/segments/979497_0052.wav,किसी कारण से हम गहराई से सोच रहे हैं किसी बात को हो सकता है हम में कमजोर हैं हमारे शरीर में मन लगे कि कोई पोषक तत्व का अभाव हो अगर स्वस्थ संतुलित खान पान है योगा कर रहे हैं
979497,108626,hi,53,1007.01,1018.77,11.76,/kaggle/working/Hindi-ASR-Whisper-Pipeline/artifacts/q1/preprocess/segments/979497_0053.wav,आप डीप ब्रीदिंग वाली योगा खास तौर पे गहरी सांस वाली तो वो कहीं न कहीं जो हमारे जो बॉडी के टिसूज हैं उसको एक्टिव कर रहा है मन में मस्तिष्क में सरीर में खून का संचार संतुलित स्तर पर हो रहा है
979497,108626,hi,54,1019.34,1034.31,14.97,/kaggle/working/Hindi-ASR-Whisper-Pipeline/artifacts/q1/preprocess/segments/979497_0054.wav,तो ये कही ना कही जो है हमारे शरीर को स्वस्थ रख रहा है जैसे शरीर स्वस्थ होगा तो हमारी मानसिक स्थिति बहुत हद तक खत्म होगी और अगर खतम नहीं भी हो पा रही है तो एक बेहतर सोच जहां से मानसिक के क्या करें जिससे हमारी स्थिति बेहतर हो उस तरफ हमारा दिमाग
979497,108626,hi,55,1034.31,1049.25,14.94,/kaggle/working/Hindi-ASR-Whisper-Pipeline/artifacts/q1/preprocess/segments/979497_0055.wav,का झुकाव हो जाता है उस सकारात्मक मतलब कह सकते हैं कि उस अ रास्ते में तो ये बहुत बड़ी चीज है और बचपन से बताया जा रहा है कि स्वस्थ शरीर में ही स्वस्थ मन मस्तिष्क का निवास होता है तो ये सर्वविदित है
979497,108626,hi,57,1114.05,1125.93,11.88,/kaggle/working/Hindi-ASR-Whisper-Pipeline/artifacts/q1/preprocess/segments/979497_0057.wav,बिल्कुल बिल्कुल शांत रहके ही चाहे वो किसी भी रंग की स्थितियां हो परिस्थितियां हो तो शांत रहकर ही हमारी समझ विकसित होगी कि उस चीज के परती क्या बेहतर विकल्प हम अपना सके
979497,108626,hi,58,1126.47,1134.42,7.95,/kaggle/working/Hindi-ASR-Whisper-Pipeline/artifacts/q1/preprocess/segments/979497_0058.wav,तो उम्मीद करता हूँ कि हम लोग की बात बहुत सही रही बहुत सकारात्मक रहा जी जी बहुत बहुत धन्यवाद उम्मीद करता हूँ आपका जीवन बेहतर हो
989901,318541,hi,0,0.52,3.67,3.15,/kaggle/working/Hindi-ASR-Whisper-Pipeline/artifacts/q1/preprocess/segments/989901_0000.wav,आं इसके बाद हम कुछ कहना चाहेगी आप मुझे बोलना
989901,318541,hi,1,5.83,12.58,6.75,/kaggle/working/Hindi-ASR-Whisper-Pipeline/artifacts/q1/preprocess/segments/989901_0001.wav,आ आप स्टार्ट कर रहे कुछ बता कुछ बताइए अपने
989901,318541,hi,2,18.82,20.68,1.86,/kaggle/working/Hindi-ASR-Whisper-Pipeline/artifacts/q1/preprocess/segments/989901_0002.wav,हूं
989901,318541,hi,3,40.06,41.17,1.11,/kaggle/working/Hindi-ASR-Whisper-Pipeline/artifacts/q1/preprocess/segments/989901_0003.wav,जी जी
989901,318541,hi,5,57.94,59.53,1.59,/kaggle/working/Hindi-ASR-Whisper-Pipeline/artifacts/q1/preprocess/segments/989901_0005.wav,अच्छा
989901,318541,hi,9,109.06,112.18,3.12,/kaggle/working/Hindi-ASR-Whisper-Pipeline/artifacts/q1/preprocess/segments/989901_0009.wav,REDACTED
989901,318541,hi,10,114.85,120.43,5.58,/kaggle/working/Hindi-ASR-Whisper-Pipeline/artifacts/q1/preprocess/segments/989901_0010.wav,लेकिन एक बात है ये की ये सब करने से दिल को संतुष्टि मिलती है बहुत अच्छा लगता है
989901,318541,hi,13,138.07,149.98,11.91,/kaggle/working/Hindi-ASR-Whisper-Pipeline/artifacts/q1/preprocess/segments/989901_0013.wav,लेकिन जो उससे उस काम से जो संतुष्टि मिली वो आपको जीवन भर अच्छा अहसास कर दिलाएगा मेरे साथ भी इनसे इंसीडेंट होता है हुआ है
989901,318541,hi,14,150.19,162.73,12.54,/kaggle/working/Hindi-ASR-Whisper-Pipeline/artifacts/q1/preprocess/segments/989901_0014.wav,ऐसा तो नई हुआ है मेरे साथ कभी लेकिन मेरे साथ हुआ है क्या अ जब मैं ट्रेन पर सफर कर रहा था तो बहुत बूढ़े व्यक्ति थे मैं कुछ यूजुअली उतना नई लेकिन जब वो आ रहे थे तो उनके पास समान कुछ ज़्यादा था
989901,318541,hi,15,162.97,177.55,14.58,/kaggle/working/Hindi-ASR-Whisper-Pipeline/artifacts/q1/preprocess/segments/989901_0015.wav,REDACTED
989901,318541,hi,16,178.87,192.4,13.53,/kaggle/working/Hindi-ASR-Whisper-Pipeline/artifacts/q1/preprocess/segments/989901_0016.wav,तो मैने उनका बाबा उम्म सीट नहीं थी तो मैने उनको अपना सीट दिया बोला कि बाबा आप बैठ जाइए क्योकि अच्छा नहीं लगता न अगर सीट रूम में है नहीं है तो फिर वो नीचे फर्श पर बैठेंगे
989901,318541,hi,17,195.88,207.97,12.09,/kaggle/working/Hindi-ASR-Whisper-Pipeline/artifacts/q1/preprocess/segments/989901_0017.wav,तो वहीं फिर मैंने उनका सामान भी सामान वो है न ऊपर रख दिया जहां पर सेटल करना था समान को मैंने उसके बाद उनको उनके पास पानी का बॉटल नहीं था तो फिर मैने लगा की
989901,318541,hi,18,208.3,221.83,13.53,/kaggle/working/Hindi-ASR-Whisper-Pipeline/artifacts/q1/preprocess/segments/989901_0018.wav,मतलब उनका देखकर हाल मैंने पूछा पानी वानी पीना है क्या तो फिर मैंने बोतल कप उनको दिया ये सवाल उन्होंने फिर अच्छा कुछ कुछ बाते हुई कुछकुछ कहां से हे
989901,318541,hi,19,222.61,236.14,13.53,/kaggle/working/Hindi-ASR-Whisper-Pipeline/artifacts/q1/preprocess/segments/989901_0019.wav,REDACTED
989901,318541,hi,20,237.46,245.89,8.43,/kaggle/working/Hindi-ASR-Whisper-Pipeline/artifacts/q1/preprocess/segments/989901_0020.wav,REDACTED
989901,318541,hi,21,252.25,256.06,3.81,/kaggle/working/Hindi-ASR-Whisper-Pipeline/artifacts/q1/preprocess/segments/989901_0021.wav,ह्म्म ह्म्म बिल्कुलह्म्म
989901,318541,hi,22,258.55,267.67,9.12,/kaggle/working/Hindi-ASR-Whisper-Pipeline/artifacts/q1/preprocess/segments/989901_0022.wav,हा हा बिलकुल जब आप किसी अनजान व्यक्ति की मदद करने के लिए आगे बढ़ते हैं तो उस छण आपके मन में कौन कौन से विचार दौड़ते हैं
989901,318541,hi,23,270.88,273.88,3.0,/kaggle/working/Hindi-ASR-Whisper-Pipeline/artifacts/q1/preprocess/segments/989901_0023.wav,कौन कौन हां बिल्कुल
989901,318541,hi,27,308.2,310.93,2.73,/kaggle/working/Hindi-ASR-Whisper-Pipeline/artifacts/q1/preprocess/segments/989901_0027.wav,क्या हुआ हु
989901,318541,hi,28,315.13,319.66,4.53,/kaggle/working/Hindi-ASR-Whisper-Pipeline/artifacts/q1/preprocess/segments/989901_0028.wav,हाँ हाँ
989901,318541,hi,29,326.71,331.72,5.01,/kaggle/working/Hindi-ASR-Whisper-Pipeline/artifacts/q1/preprocess/segments/989901_0029.wav,हाँ हाँ हाँ एक्चुअली एक्चुअली वो लोग घमनतु होते हैं
989901,318541,hi,33,358.57,360.73,2.16,/kaggle/working/Hindi-ASR-Whisper-Pipeline/artifacts/q1/preprocess/segments/989901_0033.wav,हां हम्म हम्म
989901,318541,hi,34,365.77,366.82,1.05,/kaggle/working/Hindi-ASR-Whisper-Pipeline/artifacts/q1/preprocess/segments/989901_0034.wav,हाँ हाँ बिल्कुल
989901,318541,hi,36,379.15,387.13,7.98,/kaggle/working/Hindi-ASR-Whisper-Pipeline/artifacts/q1/preprocess/segments/989901_0036.wav,हां बिल्कुल सही बात है कभी कभी सामने वाला एहसास दिलवा देता है कि आपने मदद करके बहुत बड़ी गलती कर दिया है ऐसा होता है
989901,318541,hi,37,389.47,404.44,14.97,/kaggle/working/Hindi-ASR-Whisper-Pipeline/artifacts/q1/preprocess/segments/989901_0037.wav,ओ मेरे साथ भी हुआ है इंसीडेंट आ क्योंकि अ ट्रेन का ही मैं वाकया सुनाऊं क्योंकि मैं यूजअली अ ट्रेन में ही सफर करना पसंद करता हूं
989901,318541,hi,38,404.92,419.71,14.79,/kaggle/working/Hindi-ASR-Whisper-Pipeline/artifacts/q1/preprocess/segments/989901_0038.wav,आ तो जस्ट लाइक कि मैं बैठा हुआ था अब रात में जो भी बंदे आते हैं तो मैंने उनको सीट मतलब जस्ट लाइक उनके पास उस टाइम ट्रेन का वेटिंग लिस्ट नहीं हुआ करता था आराम से जा सकते थे वेटिंग ने भी तो
989901,318541,hi,39,419.89,433.63,13.74,/kaggle/working/Hindi-ASR-Whisper-Pipeline/artifacts/q1/preprocess/segments/989901_0039.wav,तो मैंने उनको अब कोई है तो एक्चुली वो एक लड़की थी जस्ट लाइक चौबीस पच्चीस साल की तो मैंने उनसे जस्ट गेस्टर के लिए पूछ लिया कि मैम आप ऐसा कीजिए क्यों ख़ड़े रहेंगे
989901,318541,hi,40,433.75,448.69,14.94,/kaggle/working/Hindi-ASR-Whisper-Pipeline/artifacts/q1/preprocess/segments/989901_0040.wav,हम सब तो सो गए हैं तो आप जस्ट कौनसा सीट ऑफर कर दिया साइड की आप अ मैं तो आपको फुल सीट ऑफर नही कर सकता हु लेकिन इतना दे सकता हु की आप आराम से जा सकते हो फिर दो बजे या तीन बजे के बाद रात में नींद आती है सबको
989901,318541,hi,41,448.69,460.72,12.03,/kaggle/working/Hindi-ASR-Whisper-Pipeline/artifacts/q1/preprocess/segments/989901_0041.wav,है तो उन्होंने उसने एसा किया ना की मुझे तो इटली लौकी से पास शर्म आती है लोके
989901,318541,hi,42,460.99,475.15,14.16,/kaggle/working/Hindi-ASR-Whisper-Pipeline/artifacts/q1/preprocess/segments/989901_0042.wav,तो मैंने उनसे मतलब टच हो गया मतलब एक होता न पैर टच हो गया क्योंकि वो तो मैं मैंने अपना पैर धीरे धीरे उपर के सरकने लगा कि यार कई टच हो रहा है उसने क्या किया ना मेरा
989901,318541,hi,43,475.15,489.67,14.52,/kaggle/working/Hindi-ASR-Whisper-Pipeline/artifacts/q1/preprocess/segments/989901_0043.wav,सेवंटी परसेंट कैप्चर कर लिया यार मेरा ही सीट है मुझे नहीं दे रहे हो सोने अब फिर उसे अब मैं तो मुझे उसको कुछ फील नहीं हो रहा है क्योंकि वो हल्का नींद में थी
989901,318541,hi,44,489.85,504.79,14.94,/kaggle/working/Hindi-ASR-Whisper-Pipeline/artifacts/q1/preprocess/segments/989901_0044.wav,और उसको तो चाहिए था बस नींद यार तुम मेरे बारे में तो कुछ ख्याल करो मैं इस सीट के पैसे देके जा रहा हू तो फिर मेरे में पूरा टच हो रही है मैं उपर की ओर खिसक रहा हू
989901,318541,hi,45,505.72,515.95,10.23,/kaggle/working/Hindi-ASR-Whisper-Pipeline/artifacts/q1/preprocess/segments/989901_0045.wav,तो फिर मैंने बोला मैम थोड़ा सा मेरे को भी नीद् आ रही है सोने दो मेरे को भी बोला हाँ हां बिल्कुल फिर भी अब रात में नींद आती है तो लोग हाथ पर जरूर मारते हैं इधर उधर
989901,318541,hi,46,517.54,528.07,10.53,/kaggle/working/Hindi-ASR-Whisper-Pipeline/artifacts/q1/preprocess/segments/989901_0046.wav,तो फिर ऐसी ही सफर का बई सुबह मैं बोला कि मेम आपको तो मैंने तो आपको थोड़ा सा जगह दिया आप तो पूरा कैप्चर कर ली मैं कि उसने कुछ नहीं बोला
989901,318541,hi,47,530.35,545.14,14.79,/kaggle/working/Hindi-ASR-Whisper-Pipeline/artifacts/q1/preprocess/segments/989901_0047.wav,तो हूं हाँ लेकिन होता है चलो भाई चाहिए बिकाता दोनों को सफर करना था और भी एक्सीडेंट हुए हैं जैसे कि जस्ट लाइक आपने कहा बेगर वाली बातें
989901,318541,hi,48,545.38,559.51,14.13,/kaggle/working/Hindi-ASR-Whisper-Pipeline/artifacts/q1/preprocess/segments/989901_0048.wav,तो आज कल क्या हो रहा है रोड पर बहुत सारे बच्चे जो हैं छोटे छोटे वो भी अं अपना कुछकुछ मांगते हैं और पैसे ले के पैसे ले करके ना आपके सामने पैसे लेंगे और और वहाँ पे सौ लगभग
989901,318541,hi,49,559.66,573.46,13.8,/kaggle/working/Hindi-ASR-Whisper-Pipeline/artifacts/q1/preprocess/segments/989901_0049.wav,REDACTED
989901,318541,hi,50,577.48,590.29,12.81,/kaggle/working/Hindi-ASR-Whisper-Pipeline/artifacts/q1/preprocess/segments/989901_0050.wav,उसके बाद आए आवाज हां उसके बाद ये लोग चले जाते है अच्छे अच्छे चीज खाते है रोल्स खाएंगे या जो कोई भी अपना मौज मस्ती और बहुत से तो नशा भी करते है हां
989901,318541,hi,51,592.81,604.57,11.76,/kaggle/working/Hindi-ASR-Whisper-Pipeline/artifacts/q1/preprocess/segments/989901_0051.wav,REDACTED
989901,318541,hi,52,611.62,613.63,2.01,/kaggle/working/Hindi-ASR-Whisper-Pipeline/artifacts/q1/preprocess/segments/989901_0052.wav,यह वाकया पटना का ही होगा
989901,318541,hi,53,616.66,617.83,1.17,/kaggle/working/Hindi-ASR-Whisper-Pipeline/artifacts/q1/preprocess/segments/989901_0053.wav,हं मेरे ही
989901,318541,hi,55,633.64,638.32,4.68,/kaggle/working/Hindi-ASR-Whisper-Pipeline/artifacts/q1/preprocess/segments/989901_0055.wav,शिखा जी मै साफ बोल साफ बोल नहीं पाता हां
989901,318541,hi,57,648.52,653.65,5.13,/kaggle/working/Hindi-ASR-Whisper-Pipeline/artifacts/q1/preprocess/segments/989901_0057.wav,हां अरे हाँ एक्चुअली वो क्या होता है न वो जो आ व्हाइटनर होता है न
989901,318541,hi,58,655.96,659.17,3.21,/kaggle/working/Hindi-ASR-Whisper-Pipeline/artifacts/q1/preprocess/segments/989901_0058.wav,वाइटनर का उस डाल के और सुंगते रहते हैं अब वो
989901,318541,hi,59,661.84,674.59,12.75,/kaggle/working/Hindi-ASR-Whisper-Pipeline/artifacts/q1/preprocess/segments/989901_0059.wav,हम्म आप वाइटनर कभी ट्राई करें देखो आपको वांटिक्वास वाइटनर हो गया ये सब मिलना हाँ लोग लोग तो ये सब लाद में से अधिक
989901,318541,hi,60,674.83,688.99,14.16,/kaggle/working/Hindi-ASR-Whisper-Pipeline/artifacts/q1/preprocess/segments/989901_0060.wav,नशा का बहुत सारा चीज़ आजकल बहुत निकल गया है बहुत लोग तो प्लास्टिक में वाइटनर डाल के और वामफिक्स डाल के उसे सूंघते रहते हैं पेट्रोल का महक अगर आप पेट्रोल का महक सूंघ लोगे. तो फिर ये सब चीज़े नशे तो
989901,318541,hi,61,689.29,701.74,12.45,/kaggle/working/Hindi-ASR-Whisper-Pipeline/artifacts/q1/preprocess/segments/989901_0061.wav,होती है तो यही सब बातें होती है तो इससे लगता है कि सामने वाला का मदद कर भी दिया तो आप उसके लिए आप तो बेचारी के लिए कर रहे हो उसके हेल्प लेकिन वो
989901,318541,hi,62,701.98,704.56,2.58,/kaggle/working/Hindi-ASR-Whisper-Pipeline/artifacts/q1/preprocess/segments/989901_0062.wav,किस ओर जा रहा है यह भी तो देखना होता है
989901,318541,hi,63,715.48,729.76,14.28,/kaggle/working/Hindi-ASR-Whisper-Pipeline/artifacts/q1/preprocess/segments/989901_0063.wav,लेकिन होता हैं ना कि जैसे मैं क्या मानता हूँ पर्सनली भगवान ने मुझे दिया है तो इससे तो बेहतर है किसी अफसर मुझे दिया है कि कोई मेरे से मांग रहा है क्योंकि में मैं किसी को कुछ देने वाला नहीं हूँ
989901,318541,hi,64,730.06,744.64,14.58,/kaggle/working/Hindi-ASR-Whisper-Pipeline/artifacts/q1/preprocess/segments/989901_0064.wav,मुझे भगवान ने दिया है तो मैं आगे बढ़ा रहा हूँ बस भगवान से मैं उमीद यही दुआ रहती है हमेशा कि आप मुझे दो मैं आगे सहल्प लोगों की जरूरत जरूरत मन्द लोगों की जरूरत पूरा करूँ
989901,318541,hi,65,749.98,760.99,11.01,/kaggle/working/Hindi-ASR-Whisper-Pipeline/artifacts/q1/preprocess/segments/989901_0065.wav,हाँ नेकस्ट टॉपिक है आपकी मदद करने की प्रवृत्ति को सबसे ज़्यादा कौन सी आंतरिक मूल्य प्रेरित करता है
989901,318541,hi,66,770.23,771.31,1.08,/kaggle/working/Hindi-ASR-Whisper-Pipeline/artifacts/q1/preprocess/segments/989901_0066.wav,हाँ हाँ
989901,318541,hi,67,774.55,776.38,1.83,/kaggle/working/Hindi-ASR-Whisper-Pipeline/artifacts/q1/preprocess/segments/989901_0067.wav,हाँ हाँ
989901,318541,hi,68,779.95,783.37,3.42,/kaggle/working/Hindi-ASR-Whisper-Pipeline/artifacts/q1/preprocess/segments/989901_0068.wav,हां हूँ जी
989901,318541,hi,69,790.54,799.6,9.06,/kaggle/working/Hindi-ASR-Whisper-Pipeline/artifacts/q1/preprocess/segments/989901_0069.wav,हुं हुं हूं
989901,318541,hi,70,804.25,806.02,1.77,/kaggle/working/Hindi-ASR-Whisper-Pipeline/artifacts/q1/preprocess/segments/989901_0070.wav,हूं हूं हूं
989901,318541,hi,73,816.7,820.99,4.29,/kaggle/working/Hindi-ASR-Whisper-Pipeline/artifacts/q1/preprocess/segments/989901_0073.wav,हां बिल्कुल हां
989901,318541,hi,75,827.23,841.96,14.73,/kaggle/working/Hindi-ASR-Whisper-Pipeline/artifacts/q1/preprocess/segments/989901_0075.wav,जस्ट लाइक की आपके जैसा मुझे भी कोई काफी करुणा है मैं दिल में भी काफी करुणा के भाव उत्पन्न होते है सामने वाले की हेल्प करना मुझे अच्छा लगता हैं बाद में भले मुझे महसूस करा देते है लोग की नहीं करना चाहिए था इसका हेल्प
989901,318541,hi,76,841.99,851.65,9.66,/kaggle/working/Hindi-ASR-Whisper-Pipeline/artifacts/q1/preprocess/segments/989901_0076.wav,REDACTED
989901,318541,hi,77,855.64,856.66,1.02,/kaggle/working/Hindi-ASR-Whisper-Pipeline/artifacts/q1/preprocess/segments/989901_0077.wav,हां हां बिल्कुल
989901,318541,hi,78,860.92,875.62,14.7,/kaggle/working/Hindi-ASR-Whisper-Pipeline/artifacts/q1/preprocess/segments/989901_0078.wav,हम्म वही है सब मिला के एक ही बाते है इंसान अपनी इंसानियत से पहचाना जाता है अपने अपने तौर तरीके से पहचाना जाता ना की इंसान बड़ा हो के भी आप अच्छे
989901,318541,hi,79,875.71,877.84,2.13,/kaggle/working/Hindi-ASR-Whisper-Pipeline/artifacts/q1/preprocess/segments/989901_0079.wav,काम नहीं करेंगे तो आप बड़ा नहीं कहलायेंगे.
989901,318541,hi,80,881.95,886.9,4.95,/kaggle/working/Hindi-ASR-Whisper-Pipeline/artifacts/q1/preprocess/segments/989901_0080.wav,बिल्कुल बिल्कुल ये पैसे मायने नही रखता है की आप अच्छे काम करे या ना करे
989901,318541,hi,81,889.06,903.67,14.61,/kaggle/working/Hindi-ASR-Whisper-Pipeline/artifacts/q1/preprocess/segments/989901_0081.wav,ऐसे आ जाने से नेस्ट टॉपिक है कि कोई ऐसा अनुभव साझा कीजिए जब आप किसीकी मदद करना चाहते थे लेकिन कर नहीं पाए और बाद में वो आपको कैसा महसूस हुआ
989901,318541,hi,82,904.09,917.77,13.68,/kaggle/working/Hindi-ASR-Whisper-Pipeline/artifacts/q1/preprocess/segments/989901_0082.wav,मुझे तो याद है इस टॉपिक के बारे में लगता है कि बहुत आत्मग्लानि फील होता है महसूस होता है कि मैं उसका हेल्प कर सकता था लेकिन नहीं किया तो होता है कि अगर उसके अं
989901,318541,hi,83,917.83,929.32,11.49,/kaggle/working/Hindi-ASR-Whisper-Pipeline/artifacts/q1/preprocess/segments/989901_0083.wav,जैसे मै उसका हेल्प नहीं कर पाया टाइम पे तो उसका मन में ऐसा भाव उत्पन्न होगा न कि वो भी किसी का हेल्प नहीं कर पाएगा क्योंकि आप सामने वाला से अगर हेल्प
989901,318541,hi,84,929.47,944.41,14.94,/kaggle/working/Hindi-ASR-Whisper-Pipeline/artifacts/q1/preprocess/segments/989901_0084.wav,नहीं करना चाहता तो आप किसी से हेल्प करने की उम्मीद भी न रखि. कि वो कोई आपका हेल्प करेगा तो वही हुं तो आप किसी कर हेल्प कीजिए सामने वाला भी आपका हेल्प करेगा तो वही होती हैं बातें
989901,318541,hi,85,944.83,949.51,4.68,/kaggle/working/Hindi-ASR-Whisper-Pipeline/artifacts/q1/preprocess/segments/989901_0085.wav,घूम फिर के कि जहां तक हो जाए तो कर देना चाहिए
989901,318541,hi,87,963.76,966.07,2.31,/kaggle/working/Hindi-ASR-Whisper-Pipeline/artifacts/q1/preprocess/segments/989901_0087.wav,ह्म्म बिल्कुल बिल्कुल
989901,318541,hi,88,970.18,976.0,5.82,/kaggle/working/Hindi-ASR-Whisper-Pipeline/artifacts/q1/preprocess/segments/989901_0088.wav,हा हा यह सब तो हम बाते हो गई है आज करते हैं
989901,318541,hi,89,978.79,984.79,6.0,/kaggle/working/Hindi-ASR-Whisper-Pipeline/artifacts/q1/preprocess/segments/989901_0089.wav,आजकल सब लोगों के दिल से करुणा एकदम सब खत्म होते जा रहा है
989901,318541,hi,90,987.16,990.7,3.54,/kaggle/working/Hindi-ASR-Whisper-Pipeline/artifacts/q1/preprocess/segments/989901_0090.wav,REDACTED
989901,318541,hi,91,1000.12,1001.44,1.32,/kaggle/working/Hindi-ASR-Whisper-Pipeline/artifacts/q1/preprocess/segments/989901_0091.wav,ओके उठा दो
989901,318541,hi,92,1005.76,1020.37,14.61,/kaggle/working/Hindi-ASR-Whisper-Pipeline/artifacts/q1/preprocess/segments/989901_0092.wav,सुन एक और टॉपिक है हाँ बिल्कुल एक और हा क्या आपको क्या आपको लगता है कि आजकल समाज व्यक्तिगत सोच की ओर झुक रहा है या सामुदायिक सहयोग की ओर
989901,318541,hi,94,1026.43,1028.26,1.83,/kaggle/working/Hindi-ASR-Whisper-Pipeline/artifacts/q1/preprocess/segments/989901_0094.wav,हा ये बात सही है
989901,318541,hi,95,1033.33,1035.25,1.92,/kaggle/working/Hindi-ASR-Whisper-Pipeline/artifacts/q1/preprocess/segments/989901_0095.wav,हूं सबको
989901,318541,hi,96,1038.01,1040.14,2.13,/kaggle/working/Hindi-ASR-Whisper-Pipeline/artifacts/q1/preprocess/segments/989901_0096.wav,हम्म हम्म हम्म
989901,318541,hi,97,1043.11,1057.15,14.04,/kaggle/working/Hindi-ASR-Whisper-Pipeline/artifacts/q1/preprocess/segments/989901_0097.wav,हा कहीं कहीं पे हम भी हम लोग भी अपने फैसले देने में अपना भला सोच लेता है क्योंकि मेरा माइंड है न उसी हिसाब से ही अपना ही काम सब लोगों प्रायरिटी देता है
989901,318541,hi,98,1057.81,1072.69,14.88,/kaggle/working/Hindi-ASR-Whisper-Pipeline/artifacts/q1/preprocess/segments/989901_0098.wav,तो कहीं कहीं पे हम लोग कभी सोच ऐसा ही हो जाता है भले सामने से नकारते हैं नहीं हम ऐसे हैं लेकिन अगर अपना खुद का गणना किया जाए ना तो कहीं न कहीं हमारे मोस्ट अ जितना सारे फैसले लेते हैं हमारे दिन में
989901,318541,hi,99,1073.32,1084.93,11.61,/kaggle/working/Hindi-ASR-Whisper-Pipeline/artifacts/q1/preprocess/segments/989901_0099.wav,उस से हां हां तो इससे सामने मैं उम्मीद करके चलता हूँ कि सामने वाला मुझे मदद करे और नहीं अगर कर पाता तो मुझे उस से
989901,318541,hi,100,1085.08,1093.48,8.4,/kaggle/working/Hindi-ASR-Whisper-Pipeline/artifacts/q1/preprocess/segments/989901_0100.wav,REDACTED
989901,318541,hi,102,1099.75,1103.68,3.93,/kaggle/working/Hindi-ASR-Whisper-Pipeline/artifacts/q1/preprocess/segments/989901_0102.wav,हां बिल्कुल हां
989901,318541,hi,103,1106.32,1111.36,5.04,/kaggle/working/Hindi-ASR-Whisper-Pipeline/artifacts/q1/preprocess/segments/989901_0103.wav,हां बिल्कुल ह्म्म
989901,318541,hi,104,1115.32,1117.36,2.04,/kaggle/working/Hindi-ASR-Whisper-Pipeline/artifacts/q1/preprocess/segments/989901_0104.wav,जी बिल्कुल
989901,318541,hi,105,1121.8,1124.47,2.67,/kaggle/working/Hindi-ASR-Whisper-Pipeline/artifacts/q1/preprocess/segments/989901_0105.wav,हम्म मुझे भी
990175,93626,hi,0,5.51,11.6,6.09,/kaggle/working/Hindi-ASR-Whisper-Pipeline/artifacts/q1/preprocess/segments/990175_0000.wav,जी जी जी
990175,93626,hi,1,13.64,22.85,9.21,/kaggle/working/Hindi-ASR-Whisper-Pipeline/artifacts/q1/preprocess/segments/990175_0001.wav,जी जी मेरे तो जैसे बहुत सारी यादे हैं कि मैं बताओं तो मे अ मेरा क्या था कि अ मतलब हमें तो बहुत ही किया जैसे कि हम लोग थर्ड फोर्ट में थे तो
990175,93626,hi,2,23.06,36.2,13.14,/kaggle/working/Hindi-ASR-Whisper-Pipeline/artifacts/q1/preprocess/segments/990175_0002.wav,जैसे मेरी मम्मी ने कभी कोई अच्छा लंच नहीं दिया ऐसे होता है ना कभी हम लोग रोटी भुजिया लेके जाते थे पराठा भुजिया लेके जाते थे मुझे ना वो उतना पसंद नहीं था जिससे कोई पराठा के साथ सब्जी रहती थी तो मैं खा लेती थी लेकिन जो भुजिया के साथ
990175,93626,hi,3,36.2,50.84,14.64,/kaggle/working/Hindi-ASR-Whisper-Pipeline/artifacts/q1/preprocess/segments/990175_0003.wav,पराठा हो गए फिर सब्जी हो गया तो मुझे ना वो उतनी अच्छी नहीं लगती थी तो फिर क्या करती थी या तो मैं आपनी बेस्ट फ्रेंड को खिला देती थी या फिर हम लोग क्या करते थे कि जैसे अह मतलब होता है ना कि क्लास मे बहुत लोग ऐसे होते हैं कि उनको अपना लंच नहीं चलते दूसरों का लंच अच्छा
990175,93626,hi,4,50.84,61.37,10.53,/kaggle/working/Hindi-ASR-Whisper-Pipeline/artifacts/q1/preprocess/segments/990175_0004.wav,अच्छा लगता है जैसे कि अ बहुत लोग ऐसे थे मेरे क्लास में कि वो खुद रोटी भुजिया लेकर आए तो उनका मतलब उनको वह खराब लग रहा है लेकिन जैसे मैं रोटी भुजिया लेकर जाती थी तो उनको बहुत अच्छा लगता था
990175,93626,hi,5,61.43,74.93,13.5,/kaggle/working/Hindi-ASR-Whisper-Pipeline/artifacts/q1/preprocess/segments/990175_0005.wav,तो मैं कभी उनको खिला देती थी कभी अपनी बेस्ट फ्रेंड को खिला देती थी या फिर कभी मेरी बेस्ट फ्रेंड जो है वो कोई अच्छा लंच लाइ है पास्ता मैगी नूडल्स ये सब लेके आई हैं तो फिर मैं उसका लंच आह मतलब हम लोग शेयर खाते थे या फिर मैं ही उस उसका खा जाती थी
990175,93626,hi,6,74.93,89.42,14.49,/kaggle/working/Hindi-ASR-Whisper-Pipeline/artifacts/q1/preprocess/segments/990175_0006.wav,और फिर जैसे क्या है ना कि बचपन में मुझे मम्मी एक बहुत ही मतलब टेस्टी सा लंच देती थी वो क्या करती थी कि जो वो होता है ना दाल फ्राइ जो होता है तो दाल फ्राइ बनाकर देती थी एंड उसके साथ ना वो होता है एक
990175,93626,hi,7,89.42,102.77,13.35,/kaggle/working/Hindi-ASR-Whisper-Pipeline/artifacts/q1/preprocess/segments/990175_0007.wav,मैदा मैदा का न पूरी होता है तो वो मुझे देती थी वो मुझे बहुत पसंद था बहुत सारा तो मैं जिस दिन वो ले की जाती थी न मैं उस दिन किसी के साथ उसके साथ शेयर नहीं करती थी बस एक जो मेरी बेस्ट फ्रेंड है जो मेरे बगल में बैठती थी उस
990175,93626,hi,8,102.77,113.18,10.41,/kaggle/working/Hindi-ASR-Whisper-Pipeline/artifacts/q1/preprocess/segments/990175_0008.wav,तो स्कूल में बस खिलाती थी जैसे कि मम्मी ने चार पुरिया दी है तो मैं उसको दो पुरी देती थी दो पूरी मै खाती थी तो यह फिर शरारतों के अगर बात करें
990175,93626,hi,9,113.27,127.91,14.64,/kaggle/working/Hindi-ASR-Whisper-Pipeline/artifacts/q1/preprocess/segments/990175_0009.wav,जैसे की अह अह गर्मी के महिने में तो मुझे भी कोई बाहर नहीं निकलने देता था लेकिन जैसे जैसे ही शाम होती थी तो जैसे जो मेरी अगल बगल की जो मतलब अह फ्रेंड लोग हैं जो मेरे साथ स्कूल में थी तो मैं उनके घर जाती थी अब जैसे क्या है कि मेरा घर जो है वो
990175,93626,hi,10,127.94,142.37,14.43,/kaggle/working/Hindi-ASR-Whisper-Pipeline/artifacts/q1/preprocess/segments/990175_0010.wav,जैसे मेरा घर जो है ना वो मेन रोड पे है तो अब मुझे कोई बाहर नहीं निकलने था क्योंकि बोलते थे कि गारी तुम्हें ठोक के भाग जाएगी तुम बच्ची हो तो मतो मुझे भी डर लगता था लेकिन जैसे ही शाम होती थी ना तो मैं सारे फ्रेंड लोगों के साथ उनके घर पे जाती थी
990175,93626,hi,11,142.37,157.25,14.88,/kaggle/working/Hindi-ASR-Whisper-Pipeline/artifacts/q1/preprocess/segments/990175_0011.wav,एंड हमलोग एक ही जगह को अड्डा बनाए हुए थे एक हम लोग का पार्क था उसमें हमलोग अपना मतलब खेलते थे एंड जैसे कि क्या है ना की अह उन लोगों का घर जो है ना की थोड़ा गली मे है तो गली में होती होती है हम लोग किसी के भी घर में नहीं मतलब ऐसे
990175,93626,hi,12,157.25,171.32,14.07,/kaggle/working/Hindi-ASR-Whisper-Pipeline/artifacts/q1/preprocess/segments/990175_0012.wav,एक घर था उसके उनके यहाँ पे ना बकरी जो होता है ना बकरियाँ वो लोग पालते थे तो क्या होता था कि जैसे कभी उनके घर पे जो मतलब जो बकरी जो होती है वो छोटे छोटे बच्चें जो होते हैं बकरी के तो कभी अगर बच्चों ने जन्म लिया हो अ बकरियों के
990175,93626,hi,13,171.38,186.17,14.79,/kaggle/working/Hindi-ASR-Whisper-Pipeline/artifacts/q1/preprocess/segments/990175_0013.wav,या फिर किसी गाय का जो बेबी हुआ हो तो हम लोग डैली उनको देखने जाते थे उनको खाना खिलाते खास देने से घास कि खिलाते थे पर या फिर जो गाय है उनको हम रोटी खिलाते थे यही सब किया है छुप छुप के जाना
990175,93626,hi,14,188.21,199.46,11.25,/kaggle/working/Hindi-ASR-Whisper-Pipeline/artifacts/q1/preprocess/segments/990175_0014.wav,मैम मेरे इधर नेटवर्क ही ऐसा है मैं क्या कर सकती हूँ आच्छा आप बोल सकते हूँ ओके ओके आप बोल सकते हूँ कोई दिक्कत नहीं है हाँ हेलो
990175,93626,hi,16,210.17,213.23,3.06,/kaggle/working/Hindi-ASR-Whisper-Pipeline/artifacts/q1/preprocess/segments/990175_0016.wav,मैम मतलब मेरे घर न थोड़ा है रहता है इशु
990175,93626,hi,17,215.36,221.36,6.0,/kaggle/working/Hindi-ASR-Whisper-Pipeline/artifacts/q1/preprocess/segments/990175_0017.wav,ओके ओके तो मतलब मेरे इधर ना थोड़ा नेटवर्क का इशू रहता है तो आप टॉपिक पर कंटिन्यू कर सकते हो कोई दिक्कत नहीं है
990175,93626,hi,18,243.89,246.38,2.49,/kaggle/working/Hindi-ASR-Whisper-Pipeline/artifacts/q1/preprocess/segments/990175_0018.wav,जी
990175,93626,hi,19,296.18,302.51,6.33,/kaggle/working/Hindi-ASR-Whisper-Pipeline/artifacts/q1/preprocess/segments/990175_0019.wav,जी
990175,93626,hi,20,367.34,374.69,7.35,/kaggle/working/Hindi-ASR-Whisper-Pipeline/artifacts/q1/preprocess/segments/990175_0020.wav,जी
990175,93626,hi,21,380.63,388.46,7.83,/kaggle/working/Hindi-ASR-Whisper-Pipeline/artifacts/q1/preprocess/segments/990175_0021.wav,जैसे की ऐसा तो मतलब कुछ नहीं है लेकिन क्या था की हाँजी एक जो फैमिली थी ना तो ज जी
990175,93626,hi,23,395.51,397.49,1.98,/kaggle/working/Hindi-ASR-Whisper-Pipeline/artifacts/q1/preprocess/segments/990175_0023.wav,अभी भी नहीं आ रही है मैम
990783,216793,hi,0,3.34,5.26,1.92,/kaggle/working/Hindi-ASR-Whisper-Pipeline/artifacts/q1/preprocess/segments/990783_0000.wav,जी जी आप बोलिए पहले
990783,216793,hi,1,8.35,22.21,13.86,/kaggle/working/Hindi-ASR-Whisper-Pipeline/artifacts/q1/preprocess/segments/990783_0001.wav,हां अच्छा अ इसमें करुणा के कोई काम बताना है जो हमने किया हो एक बारी हम जाड़ों के दिन थे सर्दियों के दिन थे अम कार में कहीं जा रहे थे
990783,216793,hi,2,22.84,36.31,13.47,/kaggle/working/Hindi-ASR-Whisper-Pipeline/artifacts/q1/preprocess/segments/990783_0002.wav,तो उनने रेड लाइट में कार आह रोकी हमारी कार रेड लाइट हो रही थी तोह हम ने साइड में देखा एक बड़ा व्यक्ति बैठा था बहोत ज्यादा काप रहा था उसके पास वाकई में वो जैसे हम कीस
990783,216793,hi,3,36.31,50.38,14.07,/kaggle/working/Hindi-ASR-Whisper-Pipeline/artifacts/q1/preprocess/segments/990783_0003.wav,सोच लेते है न कि भिखारी है कोई बात नहीं इनका धंधा है या कुछ है वो व्यक्ति सचमुच में बीमार था और कांप रहा था हम हमने कहा साइड में कर लेते कार उसे देख लेते है बेचारा लग रहा है बूढ़ा आदमी है
990783,216793,hi,4,50.74,65.14,14.4,/kaggle/working/Hindi-ASR-Whisper-Pipeline/artifacts/q1/preprocess/segments/990783_0004.wav,तो हम फिर गए वहां पर उसके पास तो उसके उसके पास बिचारे के पास कंबल भी नहीं था और वो बीमर था तो हम उसको फिर हमने कहा बाबा हमारे साथ चलोगे तो उसने कहा हा फिर हम उसको न नियर बाय जो हॉस्पिटल
990783,216793,hi,5,65.14,77.47,12.33,/kaggle/working/Hindi-ASR-Whisper-Pipeline/artifacts/q1/preprocess/segments/990783_0005.wav,हॉस्पिटल था उसमें उसको लेके गए वहां पर उसका सारा चेकअप वगैरह हुआ तो हमने हम अपने उसपे लेके गए तो फिर हमे डॉक्टर भी कहने लगे ऐसे कैसे सड़क पे उठाकर ले आए
990783,216793,hi,6,77.77,90.55,12.78,/kaggle/working/Hindi-ASR-Whisper-Pipeline/artifacts/q1/preprocess/segments/990783_0006.wav,तो हमने कहा हम है हैं तो इंसान ही ना ये ये भी इंसान है तो हमने इस इसको हम अगर सड़क पे मरता हुआ कैसे देखें इसको तो फिर उन्होंने हमने उसका इलाज किया हमने उसका पैसे वैसे किए
990783,216793,hi,7,91.06,105.73,14.67,/kaggle/working/Hindi-ASR-Whisper-Pipeline/artifacts/q1/preprocess/segments/990783_0007.wav,फिर वो मतलब पट्टी बट्टी करा के अपना दवाई ले के चला गया घर तो उसने हमारा इतना एहसान माना की ये साब आपने हमे दवाई दिला दी और हमारा काम कर दिया और उसने कुछ नही मांगा पैसे दो या कुछ नही कहा हमसे
990783,216793,hi,8,106.36,121.33,14.97,/kaggle/working/Hindi-ASR-Whisper-Pipeline/artifacts/q1/preprocess/segments/990783_0008.wav,और वो चला गया अपने घर फिर पता नहीं कहीं घर होगा उसका इस तरह से वो होता है न दूसरों की मदद करने का टॉपिक तो ही हमारे यही है न हां हां बि
990783,216793,hi,9,121.36,134.83,13.47,/kaggle/working/Hindi-ASR-Whisper-Pipeline/artifacts/q1/preprocess/segments/990783_0009.wav,यही ना चाहें हमारा काम रह गया कि हम जिस काम के लिए जा रहे थे तो वह हमारा हमने फोन कर दिया भाई हम देर से पहुंचेंगे लेकिन हमने उसको इस काम में हमारा एक घंटा लग गया उसको दवाई दिलवाई उसको डॉक्टर के
990783,216793,hi,10,135.64,138.04,2.4,/kaggle/working/Hindi-ASR-Whisper-Pipeline/artifacts/q1/preprocess/segments/990783_0010.wav,दिलवाया हांजी आप बताईए कुछ
990783,216793,hi,12,145.72,147.55,1.83,/kaggle/working/Hindi-ASR-Whisper-Pipeline/artifacts/q1/preprocess/segments/990783_0012.wav,दिलाएगा बिल्कुल बिल्कुल
990783,216793,hi,14,156.52,161.32,4.8,/kaggle/working/Hindi-ASR-Whisper-Pipeline/artifacts/q1/preprocess/segments/990783_0014.wav,हाँ अच्छा हाँ
990783,216793,hi,15,163.81,167.74,3.93,/kaggle/working/Hindi-ASR-Whisper-Pipeline/artifacts/q1/preprocess/segments/990783_0015.wav,हूं हूं हु
990783,216793,hi,17,176.74,179.38,2.64,/kaggle/working/Hindi-ASR-Whisper-Pipeline/artifacts/q1/preprocess/segments/990783_0017.wav,हम्म हम्म हम्मम्म
990783,216793,hi,18,185.74,197.14,11.4,/kaggle/working/Hindi-ASR-Whisper-Pipeline/artifacts/q1/preprocess/segments/990783_0018.wav,हम्म हम्म हा हा हम बैठे रहे हैं कोई हम्म हम्म बिल्कुल अच्छा किया
990783,216793,hi,20,203.65,204.85,1.2,/kaggle/working/Hindi-ASR-Whisper-Pipeline/artifacts/q1/preprocess/segments/990783_0020.wav,हम्म हुं
990783,216793,hi,23,220.48,224.68,4.2,/kaggle/working/Hindi-ASR-Whisper-Pipeline/artifacts/q1/preprocess/segments/990783_0023.wav,उम्म उम्म उम्म
990783,216793,hi,25,231.43,240.73,9.3,/kaggle/working/Hindi-ASR-Whisper-Pipeline/artifacts/q1/preprocess/segments/990783_0025.wav,हां हां तो अच्छा अच्छा लगता है ऐसे हां हूं
990783,216793,hi,26,243.19,256.96,13.77,/kaggle/working/Hindi-ASR-Whisper-Pipeline/artifacts/q1/preprocess/segments/990783_0026.wav,हां हां हां हां जब लगे तुम्हें की जेनुइन लग रहा है ये व्यक्ति तो उसकी हेल्प करनी चाहिए है ना दूसरा टॉपिक पढ़ेंगे आप
990783,216793,hi,27,261.22,262.33,1.11,/kaggle/working/Hindi-ASR-Whisper-Pipeline/artifacts/q1/preprocess/segments/990783_0027.wav,दूसरा टॉपिक है
990783,216793,hi,29,269.35,284.23,14.88,/kaggle/working/Hindi-ASR-Whisper-Pipeline/artifacts/q1/preprocess/segments/990783_0029.wav,हूं ये भी अच्छा प्रशन है जैसे मैं किसी की मदद करने के लिए आगे बढ़ना चाहती हूँ ना तो कई बारी मेरे मन में वो आ जाता है कि पता नहीं अच्छा व्यक्ति है या नहीं मैं तो इसकी मदद करूं यह मेरे को नुकस
990783,216793,hi,30,284.26,299.02,14.76,/kaggle/working/Hindi-ASR-Whisper-Pipeline/artifacts/q1/preprocess/segments/990783_0030.wav,हां तो नहीं पहुंचाएगा या ये ये बन रहा है ऐसे सीधा साधा कहीं अंदर से इसके चलाकी तो नहीं है ऐसे बहुत सारे सवाल होते हैं जो हमारे मन में चलते रहते हैं या कोई
990783,216793,hi,31,299.14,313.72,14.58,/kaggle/working/Hindi-ASR-Whisper-Pipeline/artifacts/q1/preprocess/segments/990783_0031.wav,अह कोई भिखारी औरतें हैं मान लो वो भीख मांग रही हैं लेकिन वह एक बार ही तो मेरे साथ बहुत बुरा इंसिडेंट हुआ मैं कहीं से मेट्रो से उतरी थी मेरे साथ एक बहुत खतरनाक एक इंसिडेंट सुनाऊं मैं
990783,216793,hi,32,314.29,328.75,14.46,/kaggle/working/Hindi-ASR-Whisper-Pipeline/artifacts/q1/preprocess/segments/990783_0032.wav,मैं मेट्रो से उतरी ओर स्टेशन पे बाहर आ गई मै मैं कोई ऑटो ढूंढ रही थी कि उम्म और में देख रही थी की वहां पे ना वो जो राजस्थान की लहंगा पहने हुए औरते होती है ना वो ऐसे अपना बच्चा गोद में लेके ओर अ पैसे मांगती
990783,216793,hi,33,329.41,342.16,12.75,/kaggle/working/Hindi-ASR-Whisper-Pipeline/artifacts/q1/preprocess/segments/990783_0033.wav,मैने सोचा वो मांग रही थी मैं वो बस वो बहुत हां तो वो बहुत सारी औरतें थी तो मैं निकल के ना ऑटो वाले से बात करने लगी भैया वहां जाओगे तो उन औरतों ने मेरे को घेर लिया
990783,216793,hi,34,343.15,356.08,12.93,/kaggle/working/Hindi-ASR-Whisper-Pipeline/artifacts/q1/preprocess/segments/990783_0034.wav,पता है उन्होंने सोचा ये इसके हाथ में बैग वैग है तो उन्होंने मेरे बैग मे भी हाथ डाल दिया अब बताओ मैं तो उनको भिखारी समझ रही थी और उन्होंने मेरे को ऐसे घेर लिया फिर मैंने ना मतलब मेरे को अंदर अंदर
990783,216793,hi,35,356.11,367.18,11.07,/kaggle/working/Hindi-ASR-Whisper-Pipeline/artifacts/q1/preprocess/segments/990783_0035.wav,अंतर ज्ञान होता है ना वो हो गया कि ये तो मुझे घर रही है मैंने जोर से मुक्का मार हटो मेरे को घेर लिया उन्होंने सबने चारों तरफ हो गई मेरे बहुत बुरा इंसीडेंट था मेरे लिए
990783,216793,hi,36,369.1,379.87,10.77,/kaggle/working/Hindi-ASR-Whisper-Pipeline/artifacts/q1/preprocess/segments/990783_0036.wav,तो अनजान व्यक्ति से भी देखो मैं तो बोल भी नहीं रही उनसे सिर्फ दूर से देखा उन्हें कि ये भीख मांग रही है तो किसका भरोसा करा जाए
990783,216793,hi,37,385.42,391.18,5.76,/kaggle/working/Hindi-ASR-Whisper-Pipeline/artifacts/q1/preprocess/segments/990783_0037.wav,हां हां हां बिल्कुल
990783,216793,hi,38,394.87,396.16,1.29,/kaggle/working/Hindi-ASR-Whisper-Pipeline/artifacts/q1/preprocess/segments/990783_0038.wav,हम्म हम्म हम्म
990783,216793,hi,39,402.04,406.18,4.14,/kaggle/working/Hindi-ASR-Whisper-Pipeline/artifacts/q1/preprocess/segments/990783_0039.wav,हां हां जरूर हां हाँ हाँ
990783,216793,hi,42,417.22,419.62,2.4,/kaggle/working/Hindi-ASR-Whisper-Pipeline/artifacts/q1/preprocess/segments/990783_0042.wav,हु हु.
990783,216793,hi,43,427.18,429.37,2.19,/kaggle/working/Hindi-ASR-Whisper-Pipeline/artifacts/q1/preprocess/segments/990783_0043.wav,हम्म हम्म हम्म
990783,216793,hi,44,434.62,436.45,1.83,/kaggle/working/Hindi-ASR-Whisper-Pipeline/artifacts/q1/preprocess/segments/990783_0044.wav,हू हू
990783,216793,hi,45,439.15,446.02,6.87,/kaggle/working/Hindi-ASR-Whisper-Pipeline/artifacts/q1/preprocess/segments/990783_0045.wav,ह्म्म ह्म्म हां
990783,216793,hi,49,466.09,467.86,1.77,/kaggle/working/Hindi-ASR-Whisper-Pipeline/artifacts/q1/preprocess/segments/990783_0049.wav,हां हां हां हां
990783,216793,hi,50,471.85,473.47,1.62,/kaggle/working/Hindi-ASR-Whisper-Pipeline/artifacts/q1/preprocess/segments/990783_0050.wav,हां हां
990783,216793,hi,51,478.96,483.4,4.44,/kaggle/working/Hindi-ASR-Whisper-Pipeline/artifacts/q1/preprocess/segments/990783_0051.wav,ओ बताओ
990783,216793,hi,52,491.17,493.72,2.55,/kaggle/working/Hindi-ASR-Whisper-Pipeline/artifacts/q1/preprocess/segments/990783_0052.wav,हां हां हां
990783,216793,hi,53,495.82,500.26,4.44,/kaggle/working/Hindi-ASR-Whisper-Pipeline/artifacts/q1/preprocess/segments/990783_0053.wav,हां हां बिल्कुल
990783,216793,hi,54,504.46,506.71,2.25,/kaggle/working/Hindi-ASR-Whisper-Pipeline/artifacts/q1/preprocess/segments/990783_0054.wav,हाँ हाँ
990783,216793,hi,56,515.14,518.47,3.33,/kaggle/working/Hindi-ASR-Whisper-Pipeline/artifacts/q1/preprocess/segments/990783_0056.wav,हूं हूं हूं
990783,216793,hi,57,525.4,527.23,1.83,/kaggle/working/Hindi-ASR-Whisper-Pipeline/artifacts/q1/preprocess/segments/990783_0057.wav,हां अ
990783,216793,hi,58,529.48,531.82,2.34,/kaggle/working/Hindi-ASR-Whisper-Pipeline/artifacts/q1/preprocess/segments/990783_0058.wav,हाँ गलत बात है लेकिन ये ना ऐसे
990783,216793,hi,59,537.61,540.64,3.03,/kaggle/working/Hindi-ASR-Whisper-Pipeline/artifacts/q1/preprocess/segments/990783_0059.wav,हां हां क्या कर
990783,216793,hi,62,550.12,553.87,3.75,/kaggle/working/Hindi-ASR-Whisper-Pipeline/artifacts/q1/preprocess/segments/990783_0062.wav,हां हां हां
990783,216793,hi,65,562.63,565.96,3.33,/kaggle/working/Hindi-ASR-Whisper-Pipeline/artifacts/q1/preprocess/segments/990783_0065.wav,हां हां किस किस को दोगे
990783,216793,hi,66,572.14,574.93,2.79,/kaggle/working/Hindi-ASR-Whisper-Pipeline/artifacts/q1/preprocess/segments/990783_0066.wav,हां धंधा है ये इनका
990783,216793,hi,67,578.11,580.12,2.01,/kaggle/working/Hindi-ASR-Whisper-Pipeline/artifacts/q1/preprocess/segments/990783_0067.wav,हेलो हा
990783,216793,hi,68,585.73,588.61,2.88,/kaggle/working/Hindi-ASR-Whisper-Pipeline/artifacts/q1/preprocess/segments/990783_0068.wav,हाँ हाँ
990783,216793,hi,69,591.28,601.87,10.59,/kaggle/working/Hindi-ASR-Whisper-Pipeline/artifacts/q1/preprocess/segments/990783_0069.wav,हाँ बिल्कुल नशा भी करते हैं हम एक बारी बिहार में बिहार गए थे कहीं गए थे मतलब बिहार पड़ा था
990783,216793,hi,70,604.12,610.72,6.6,/kaggle/working/Hindi-ASR-Whisper-Pipeline/artifacts/q1/preprocess/segments/990783_0070.wav,तो वहां पे छोटे छोटे बच्चे नशा कर रहे थे और ट्रेन में आ के वो भीख मांग रहे थे और एक हाथ में नशे का वो था उनके रुमाल
990783,216793,hi,71,615.01,629.83,14.82,/kaggle/working/Hindi-ASR-Whisper-Pipeline/artifacts/q1/preprocess/segments/990783_0071.wav,हां पटना के पास हैं एक वो एक सिक हां अरे अच्छा वहां पे एक वो है ना उं उं उं उं उं उं क्या कहते शिखर जी पड़ता कलकत्ता के इधर
990783,216793,hi,72,630.94,634.63,3.69,/kaggle/working/Hindi-ASR-Whisper-Pipeline/artifacts/q1/preprocess/segments/990783_0072.wav,तो हम वहां गये थे तो
990783,216793,hi,73,636.85,649.36,12.51,/kaggle/working/Hindi-ASR-Whisper-Pipeline/artifacts/q1/preprocess/segments/990783_0073.wav,हां वहीं वहीं गए थे तो हम तो बीच में बिहार पड़ा था तो वह बिहार में बच्चे चढ़े और वो भीख मांग रहे और एक हाथ मे नशा कर रहे हैं उनके एक हाथ में रुमाल है नशे का
990783,216793,hi,74,651.79,655.6,3.81,/kaggle/working/Hindi-ASR-Whisper-Pipeline/artifacts/q1/preprocess/segments/990783_0074.wav,हा हा हां वाइटनर
990783,216793,hi,75,659.5,662.68,3.18,/kaggle/working/Hindi-ASR-Whisper-Pipeline/artifacts/q1/preprocess/segments/990783_0075.wav,तो क्या होता है उसे व्हाइटनर में नशे की चीज होती है
990783,216793,hi,76,668.5,672.13,3.63,/kaggle/working/Hindi-ASR-Whisper-Pipeline/artifacts/q1/preprocess/segments/990783_0076.wav,अच्छा अच्छा मुझे नहीं पता.
990783,216793,hi,77,678.19,681.43,3.24,/kaggle/working/Hindi-ASR-Whisper-Pipeline/artifacts/q1/preprocess/segments/990783_0077.wav,हम्म म्म हम्म
990783,216793,hi,78,683.83,685.27,1.44,/kaggle/working/Hindi-ASR-Whisper-Pipeline/artifacts/q1/preprocess/segments/990783_0078.wav,औ
990783,216793,hi,80,697.72,708.1,10.38,/kaggle/working/Hindi-ASR-Whisper-Pipeline/artifacts/q1/preprocess/segments/990783_0080.wav,हाँ हाँ हाँ हमें नहीं पता क्या करेगा वो क्या नहीं करेगा हमारे पैसे का
990783,216793,hi,81,709.72,714.43,4.71,/kaggle/working/Hindi-ASR-Whisper-Pipeline/artifacts/q1/preprocess/segments/990783_0081.wav,अब अब कहते हैं कि भीख नहीं देनी चाहिए किसी को भी चाहे कोई कितना मांगे पैसे तो दो ही मत
990783,216793,hi,82,719.41,721.6,2.19,/kaggle/working/Hindi-ASR-Whisper-Pipeline/artifacts/q1/preprocess/segments/990783_0082.wav,हाँ हाँ हां
990783,216793,hi,83,730.21,734.65,4.44,/kaggle/working/Hindi-ASR-Whisper-Pipeline/artifacts/q1/preprocess/segments/990783_0083.wav,हां हम्म बिल्कुल
990783,216793,hi,84,741.34,750.22,8.88,/kaggle/working/Hindi-ASR-Whisper-Pipeline/artifacts/q1/preprocess/segments/990783_0084.wav,हुं हुं तो हम नेक्स्ट टॉपिक पढ़ते हैं क्या है नेक्स्ट टॉपिक
990783,216793,hi,85,761.47,775.3,13.83,/kaggle/working/Hindi-ASR-Whisper-Pipeline/artifacts/q1/preprocess/segments/990783_0085.wav,हां हां मेरे अम्म मूल्य मेरे अंदर जो दैनियता की भावना है न दया भाव वो मुझे प्रेरित करती है कि दूसरों पे दया करो है न
990783,216793,hi,86,776.2,790.18,13.98,/kaggle/working/Hindi-ASR-Whisper-Pipeline/artifacts/q1/preprocess/segments/990783_0086.wav,तो मानिये जो गुण होते हैं नैतिक गुण हैं यह हमारे दया इमानदारी है ना हमारी भावनाएं भी यही होती हैं तो मेरे विचार से तो दयालू रहना चाहिए उसका हमें फल मिलता ही मिलता है
990783,216793,hi,87,790.75,805.24,14.49,/kaggle/working/Hindi-ASR-Whisper-Pipeline/artifacts/q1/preprocess/segments/990783_0087.wav,अगर हम दयालू रहेंगे जानवरों के प्रति बुढो के प्रति बच्चों के प्रति किसी के भी प्रति हम अगर दयालू रहेंगे हमें पहले स्कूलों में सिखाते थे न दया करो दया करना सीखो दया भाव रखो
990783,216793,hi,88,805.99,820.36,14.37,/kaggle/working/Hindi-ASR-Whisper-Pipeline/artifacts/q1/preprocess/segments/990783_0088.wav,तो ये देया भाव और एक छमा भाव छ छमा भाव भी बहुत अच्छा भाव है कि किसीने कोई गलती हो गई या अपने से गलती हो गई तो भाई छमा मांग लो कि भई सौरी हम से ये गलती हो गई है ना
990783,216793,hi,89,821.02,825.43,4.41,/kaggle/working/Hindi-ASR-Whisper-Pipeline/artifacts/q1/preprocess/segments/990783_0089.wav,ये भा ये भाव अच्छे होते हैं आप बताईए कुछ इसके बारे में
990783,216793,hi,90,829.96,834.7,4.74,/kaggle/working/Hindi-ASR-Whisper-Pipeline/artifacts/q1/preprocess/segments/990783_0090.wav,हां हां हां
990783,216793,hi,91,836.89,839.59,2.7,/kaggle/working/Hindi-ASR-Whisper-Pipeline/artifacts/q1/preprocess/segments/990783_0091.wav,ह्म्म ह्म्म
990783,216793,hi,92,841.66,843.22,1.56,/kaggle/working/Hindi-ASR-Whisper-Pipeline/artifacts/q1/preprocess/segments/990783_0092.wav,हां
990783,216793,hi,93,845.53,859.09,13.56,/kaggle/working/Hindi-ASR-Whisper-Pipeline/artifacts/q1/preprocess/segments/990783_0093.wav,हां हां हां बिल्कुल और एक और चीज है कि जानवरों पर दया करनी चाहिए है ना जानवर तो बेचारे बोल नहीं सकते
990783,216793,hi,94,859.09,860.68,1.59,/kaggle/working/Hindi-ASR-Whisper-Pipeline/artifacts/q1/preprocess/segments/990783_0094.wav,नहीं उनपे दया करनी चाहिए
990783,216793,hi,95,866.83,873.52,6.69,/kaggle/working/Hindi-ASR-Whisper-Pipeline/artifacts/q1/preprocess/segments/990783_0095.wav,REDACTED
990783,216793,hi,96,876.13,881.74,5.61,/kaggle/working/Hindi-ASR-Whisper-Pipeline/artifacts/q1/preprocess/segments/990783_0096.wav,हां हां और एक गरीब इंसान भी बहुत अच्छे काम कर सकता है
990783,216793,hi,97,884.98,890.74,5.76,/kaggle/working/Hindi-ASR-Whisper-Pipeline/artifacts/q1/preprocess/segments/990783_0097.wav,हाँ बिलकुल और नेक्स्ट टॉपिक है
990783,216793,hi,98,909.55,914.59,5.04,/kaggle/working/Hindi-ASR-Whisper-Pipeline/artifacts/q1/preprocess/segments/990783_0098.wav,हां हां हां हां हां
990783,216793,hi,99,921.28,924.4,3.12,/kaggle/working/Hindi-ASR-Whisper-Pipeline/artifacts/q1/preprocess/segments/990783_0099.wav,हाँ हाँ
990783,216793,hi,101,934.0,948.91,14.91,/kaggle/working/Hindi-ASR-Whisper-Pipeline/artifacts/q1/preprocess/segments/990783_0101.wav,आ हां बिल्कुल- बिल्कुल- बिल्कुल हां हां हां बिल्कुल- बिल्कुल
990783,216793,hi,102,949.66,963.43,13.77,/kaggle/working/Hindi-ASR-Whisper-Pipeline/artifacts/q1/preprocess/segments/990783_0102.wav,हा जहां तक हो जाए जब और अगर हम नहीं कर पाते हैं और हम कर सकते थे तब ग्लानि होती है मन में कि यार कर सकते थे उसका कुछ भला ही हो जाता और हमारा तो कुछ नहीं बिगड़ता अगर हम उसकी मदद कर देते तो
990783,216793,hi,103,964.72,978.28,13.56,/kaggle/working/Hindi-ASR-Whisper-Pipeline/artifacts/q1/preprocess/segments/990783_0103.wav,है ना और बहुत से लोग ऐसे होते हैं गिरते को और पैर मार देते हैं कि गिरजा और और हां आजकल तो यही आम बातें हैं दया और वो कौन देखता हैं
990783,216793,hi,105,982.33,987.64,5.31,/kaggle/working/Hindi-ASR-Whisper-Pipeline/artifacts/q1/preprocess/segments/990783_0105.wav,खत्म होते जा रहा है ये जमाना बहुत खराब हो गया है सारा कुछ
990783,216793,hi,106,991.24,1005.34,14.1,/kaggle/working/Hindi-ASR-Whisper-Pipeline/artifacts/q1/preprocess/segments/990783_0106.wav,हां हां अह आप अभी फोन मत बंद करिएगा क्योंकि उन्नीस मिनट में अभी होने वाले हैं थोड़ी देर में दो मिनट रह गए ठीक हैं तो उस वो पूरा हो जाएगा ना टाइम उन्नीस सेकेंड उन्नीस मिनट और कुछ सेकेंड
990783,216793,hi,107,1006.66,1011.4,4.74,/kaggle/working/Hindi-ASR-Whisper-Pipeline/artifacts/q1/preprocess/segments/990783_0107.wav,तो और कोई टॉपिक रह गयी है हाँ हाँ हाँ हाँ
990783,216793,hi,108,1020.4,1032.91,12.51,/kaggle/working/Hindi-ASR-Whisper-Pipeline/artifacts/q1/preprocess/segments/990783_0108.wav,नहीं नहीं व्यक्तिकत सोच की ओरी बढ़ रहा है समुहाई सोच की ओरी तो कोई नहीं बढ़ रहा है नहीं सब अपना भला सोच रहे हैं मैं कहां से निकल जाओं आगे निकल जाओं दूसरे से.
990783,216793,hi,109,1034.59,1042.6,8.01,/kaggle/working/Hindi-ASR-Whisper-Pipeline/artifacts/q1/preprocess/segments/990783_0109.wav,मैं बस सब कुछ मुझे ही मिल जाए दूसरे को तो कुछ न मिले मैंने प्रत्यक्ष देखे हैं ऐसे बहुत से लोग
990783,216793,hi,114,1073.38,1078.3,4.92,/kaggle/working/Hindi-ASR-Whisper-Pipeline/artifacts/q1/preprocess/segments/990783_0114.wav,अपने लिए लेते हैं हाँ लेकिन हाँ हाँ
990783,216793,hi,115,1081.18,1082.92,1.74,/kaggle/working/Hindi-ASR-Whisper-Pipeline/artifacts/q1/preprocess/segments/990783_0115.wav,उम्म हम्म
990783,216793,hi,116,1088.5,1090.69,2.19,/kaggle/working/Hindi-ASR-Whisper-Pipeline/artifacts/q1/preprocess/segments/990783_0116.wav,ह्म्म हम्म
990783,216793,hi,117,1094.2,1107.85,13.65,/kaggle/working/Hindi-ASR-Whisper-Pipeline/artifacts/q1/preprocess/segments/990783_0117.wav,हाँ लेकिन कई बार ऐसा भी होता है कि चाहे ठीक है मैं अपना अपने लिए सोच रही हूँ लेकिन दूसरे का नुकसान नहीं करूँगी उसका अगर भला नहीं हो रहा है तो नुकसान नहीं होना चाहिए उसका मेरा भला हो रहा है तो ठीक है
990783,216793,hi,118,1108.21,1123.09,14.88,/kaggle/working/Hindi-ASR-Whisper-Pipeline/artifacts/q1/preprocess/segments/990783_0118.wav,मैं अपने लिए सोच रही हू है न तो दूसरे का नुकसान करके मैं अपना भला नहीं करना चाहूंगी है न चलिए समय भी हो गया है आपसे बात करके बहुत अच्छा लगा थैंक यू थैंक यू
990783,216793,hi,119,1123.63,1127.92,4.29,/kaggle/working/Hindi-ASR-Whisper-Pipeline/artifacts/q1/preprocess/segments/990783_0119.wav,हाँ थैंक यू धन्यवाद
1020918,11057,hi,0,4.34,18.65,14.31,/kaggle/working/Hindi-ASR-Whisper-Pipeline/artifacts/q1/preprocess/segments/1020918_0000.wav,जो टाइम था वो गोल्डन टाइम होता है स्कूल के दिन और बचपन की रात जीवन का सबसे सुनहरा मेरे हिसाब से जो मैं आपको बताना चाहूंगा सबसे सुनेहरा और बेफिक्र समय होता है वहाँ न तो
1020918,11057,hi,1,19.01,28.4,9.39,/kaggle/working/Hindi-ASR-Whisper-Pipeline/artifacts/q1/preprocess/segments/1020918_0001.wav,वहां तो जिम्मेदारियां भी नहीं होती हैं और कम कम होती है होती ही नहीं है मस्ती भरपूर होती हैं जितनी हमको मस्ती करनी है उतनी करो जिम्मेदारी का कोई बर्डन नहीं होता
1020918,11057,hi,2,29.9,44.3,14.4,/kaggle/working/Hindi-ASR-Whisper-Pipeline/artifacts/q1/preprocess/segments/1020918_0002.wav,की नहीं आपको ये समान लेके आना है कि नहीं आपको यहां जाना है आपको वहां जाना है कि आपको कुछ नहीं आपको जो करना है करे पढ़ना है आपको सिर्फ ये काम है पढ़ना है मस्ती करने का काम तो खैर हमारा ही रहता है हम ही करते हैं मस्ती करने का काम घरवाले तो खैर कहते नहीं है
1020918,11057,hi,3,44.9,47.33,2.43,/kaggle/working/Hindi-ASR-Whisper-Pipeline/artifacts/q1/preprocess/segments/1020918_0003.wav,लेकिन मस्ती भरपूर होती है मस्ती भरपूर
1020918,11057,hi,4,49.67,51.08,1.41,/kaggle/working/Hindi-ASR-Whisper-Pipeline/artifacts/q1/preprocess/segments/1020918_0004.wav,जी
1020918,11057,hi,5,58.1,63.86,5.76,/kaggle/working/Hindi-ASR-Whisper-Pipeline/artifacts/q1/preprocess/segments/1020918_0005.wav,बोल सकते
1020918,11057,hi,6,66.11,74.93,8.82,/kaggle/working/Hindi-ASR-Whisper-Pipeline/artifacts/q1/preprocess/segments/1020918_0006.wav,जी हां
1020918,11057,hi,7,80.3,86.66,6.36,/kaggle/working/Hindi-ASR-Whisper-Pipeline/artifacts/q1/preprocess/segments/1020918_0007.wav,हा
1020918,11057,hi,9,133.25,148.01,14.76,/kaggle/working/Hindi-ASR-Whisper-Pipeline/artifacts/q1/preprocess/segments/1020918_0009.wav,जी सर बिल्कुल बहुत ऐसी तो हमारी शरारतें तो बहुत हैं जैसे हमारे टीचर हुआ करते थे हमको वो साइंस सा साइंस पढ़ाते थे तो क्या वो थोड़े एजेड थे तो आ
1020918,11057,hi,10,148.1,162.26,14.16,/kaggle/working/Hindi-ASR-Whisper-Pipeline/artifacts/q1/preprocess/segments/1020918_0010.wav,एक होता है ना थोडे एजेड है वो थोड़ा स्लो स्लो पढ़ाया करते थे तो हमको क्या हम एक दिन हमने क्लास ली एक दिन क्लास ली हमने दो दिन क्लास ली हमको कुछ समझ में आया नहीं हमने प्रिंसिपल से जाते ही कंप्लेन की है कि सर हमे कुछ समझ में तो आता नहीं है या फिर
1020918,11057,hi,11,162.26,177.2,14.94,/kaggle/working/Hindi-ASR-Whisper-Pipeline/artifacts/q1/preprocess/segments/1020918_0011.wav,देख लो आपको आज तो कुछ समझ में नहीं आ रहा कि क्या पढ़ाते हैं तो हमारा हमारा हमारी किसी ने सुनी नहीं न उन्होंने सुनी उनकी पास फैकल्टी भी नहीं थी अब जो थी वो पढ़ा रहे थे तो हम अब आ .हम सभी ने एक ऐसा वो बनाया कि
1020918,11057,hi,12,177.26,191.51,14.25,/kaggle/working/Hindi-ASR-Whisper-Pipeline/artifacts/q1/preprocess/segments/1020918_0012.wav,हम क्लास नहीं लेंगे सर पढ़ा रहे हैं टीचर आ रहे हैं उनको लेने दो हम तो नहीं लेंगे अब बहुत से उनमें से होते हैं ना क्लास वाले कि नहीं हम तो लेंगे सर हम तो लेंगे तुम जिसको लेना है उसको लो हम तो नहीं लेंगे अब हम ऊपर हम चाहे
1020918,11057,hi,13,191.6,205.55,13.95,/kaggle/working/Hindi-ASR-Whisper-Pipeline/artifacts/q1/preprocess/segments/1020918_0013.wav,टैरिस पे छत पे चले जाते तो सर को गुस्सा आ जाता था वह बारबार पकड़ के नीचे लेके आते चलो माई क्लास में चलो माई क्लास में चलो आप हमारी क्लास लो आप कैसे नहीं ले रहे है क्लास हम उनको बोल दिया की हमको आपका पढ़ना नहीं समझ में आ रहा है हमको अच्छा नहीं लगता
1020918,11057,hi,14,206.18,215.03,8.85,/kaggle/working/Hindi-ASR-Whisper-Pipeline/artifacts/q1/preprocess/segments/1020918_0014.wav,अब जो पढ़ाते हैं अरे ऐसे कैसे समझ में नहीं आएगा हम समझायेंगे तो समझ में आयेगा ना आपको पढ़ोगे जभी तो समझ में आएगा पढ़ते ही नहीं हो आप पढ़ते ही नही हो आप आपका दिमाग तो बस मस्ती में और इन चीजों में लगा रहता हैं
1020918,11057,hi,15,216.95,230.87,13.92,/kaggle/working/Hindi-ASR-Whisper-Pipeline/artifacts/q1/preprocess/segments/1020918_0015.wav,हा तो अब इस बात की एक एक बात ओर में बताना चाहूंगा तो हमारा हमारे एक मित्र थे उनके पास एक पहले स्कूटी चला करती थीं स्कूल के टाइम पे आपने देखा होगा पैक करके हां
1020918,11057,hi,16,231.53,245.51,13.98,/kaggle/working/Hindi-ASR-Whisper-Pipeline/artifacts/q1/preprocess/segments/1020918_0016.wav,हां हां छोटी सी होती थी तो वो उनकी सिस्टर की हुआ करती तो उनकी सिस्टर वो लेकर आई थी तो ऐसा मौका मिला कि स्कूल का टाइम था तो वो लेकर आ गए साइकिल उनकी खराब हो गई थी तो हम भी साथ में चले गए
1020918,11057,hi,17,245.57,260.27,14.7,/kaggle/working/Hindi-ASR-Whisper-Pipeline/artifacts/q1/preprocess/segments/1020918_0017.wav,तो हमारे जैसे गेट के जो मेन गेट होता है ना तो मेंन गेट से एंट्री करते सम समय सामने प्रिंसिपल का ऑफिस हुआ करता तो क्या है हम तीन लोग बैठे हुए थे उस पे एक चला रहा था बी बीच में हम बैठे हुए थे
1020918,11057,hi,18,260.27,274.88,14.61,/kaggle/working/Hindi-ASR-Whisper-Pipeline/artifacts/q1/preprocess/segments/1020918_0018.wav,पीछे एक और बैठा हुआ था तो ऐसा हुआ कि हमने जब गेट खु गेट तो खुला रहता है तो ऐं एंट्री- एंट्री करते समय जो उसने था एक्सीलेटर ज्यादा ले लिया और जो एक टायर एक टायर पे जाके हमने एंट्री करी
1020918,11057,hi,19,276.32,282.08,5.76,/kaggle/working/Hindi-ASR-Whisper-Pipeline/artifacts/q1/preprocess/segments/1020918_0019.wav,की स्कूटी और उसमें तीन तीन लोग एंट्री कर रहे हैं एक टायर से
1020918,11057,hi,20,284.33,288.44,4.11,/kaggle/working/Hindi-ASR-Whisper-Pipeline/artifacts/q1/preprocess/segments/1020918_0020.wav,तो सामने प्रिंसिपल खड़े थे
1020918,11057,hi,21,291.14,294.02,2.88,/kaggle/working/Hindi-ASR-Whisper-Pipeline/artifacts/q1/preprocess/segments/1020918_0021.wav,हाँ जी
1020918,11057,hi,23,309.11,315.71,6.6,/kaggle/working/Hindi-ASR-Whisper-Pipeline/artifacts/q1/preprocess/segments/1020918_0023.wav,जी बिल्कुल बिल्कुल जी
1020918,11057,hi,24,322.28,327.56,5.28,/kaggle/working/Hindi-ASR-Whisper-Pipeline/artifacts/q1/preprocess/segments/1020918_0024.wav,हाँ जी
1020918,11057,hi,27,344.0,346.19,2.19,/kaggle/working/Hindi-ASR-Whisper-Pipeline/artifacts/q1/preprocess/segments/1020918_0027.wav,अच्छा
1020918,11057,hi,28,352.22,353.24,1.02,/kaggle/working/Hindi-ASR-Whisper-Pipeline/artifacts/q1/preprocess/segments/1020918_0028.wav,हां
1020918,11057,hi,29,355.7,360.89,5.19,/kaggle/working/Hindi-ASR-Whisper-Pipeline/artifacts/q1/preprocess/segments/1020918_0029.wav,जी हम्म
1020918,11057,hi,30,367.13,375.32,8.19,/kaggle/working/Hindi-ASR-Whisper-Pipeline/artifacts/q1/preprocess/segments/1020918_0030.wav,हाँ
1020918,11057,hi,31,377.63,379.85,2.22,/kaggle/working/Hindi-ASR-Whisper-Pipeline/artifacts/q1/preprocess/segments/1020918_0031.wav,बिल्कुल
1020918,11057,hi,32,382.49,397.31,14.82,/kaggle/working/Hindi-ASR-Whisper-Pipeline/artifacts/q1/preprocess/segments/1020918_0032.wav,हम्म हम्म हाँ हाँ
1020918,11057,hi,33,397.94,407.69,9.75,/kaggle/working/Hindi-ASR-Whisper-Pipeline/artifacts/q1/preprocess/segments/1020918_0033.wav,हां जी हां
1020918,11057,hi,34,409.88,419.18,9.3,/kaggle/working/Hindi-ASR-Whisper-Pipeline/artifacts/q1/preprocess/segments/1020918_0034.wav,यह चीज़ हां
1020918,11057,hi,35,425.69,438.32,12.63,/kaggle/working/Hindi-ASR-Whisper-Pipeline/artifacts/q1/preprocess/segments/1020918_0035.wav,जी हां जी हां हां
1020918,11057,hi,36,444.83,448.16,3.33,/kaggle/working/Hindi-ASR-Whisper-Pipeline/artifacts/q1/preprocess/segments/1020918_0036.wav,हाँ बिल्कुल
1020918,11057,hi,37,457.04,459.35,2.31,/kaggle/working/Hindi-ASR-Whisper-Pipeline/artifacts/q1/preprocess/segments/1020918_0037.wav,हां हां
1020918,11057,hi,38,462.8,465.92,3.12,/kaggle/working/Hindi-ASR-Whisper-Pipeline/artifacts/q1/preprocess/segments/1020918_0038.wav,आहँ पिछे
1020918,11057,hi,39,468.02,483.02,15.0,/kaggle/working/Hindi-ASR-Whisper-Pipeline/artifacts/q1/preprocess/segments/1020918_0039.wav,हाँ हाँ ओह हा हा हा हा हा हा हा हा
1020918,11057,hi,41,488.51,491.36,2.85,/kaggle/working/Hindi-ASR-Whisper-Pipeline/artifacts/q1/preprocess/segments/1020918_0041.wav,हां
1020918,11057,hi,42,495.89,509.93,14.04,/kaggle/working/Hindi-ASR-Whisper-Pipeline/artifacts/q1/preprocess/segments/1020918_0042.wav,REDACTED
1020918,11057,hi,43,509.93,524.12,14.19,/kaggle/working/Hindi-ASR-Whisper-Pipeline/artifacts/q1/preprocess/segments/1020918_0043.wav,REDACTED
1020918,11057,hi,44,538.94,541.88,2.94,/kaggle/working/Hindi-ASR-Whisper-Pipeline/artifacts/q1/preprocess/segments/1020918_0044.wav,हाँ जी
1020918,11057,hi,45,548.42,557.69,9.27,/kaggle/working/Hindi-ASR-Whisper-Pipeline/artifacts/q1/preprocess/segments/1020918_0045.wav,जी बिल्कुल वो तो पूरी तरीके से हो गई ये कि वो निर्दोष ही थे निर्दोष ही शरारत थी इनका नतीजा अच्छा नही था
1020918,11057,hi,46,566.57,571.73,5.16,/kaggle/working/Hindi-ASR-Whisper-Pipeline/artifacts/q1/preprocess/segments/1020918_0046.wav,हां
1020918,11057,hi,47,578.87,588.14,9.27,/kaggle/working/Hindi-ASR-Whisper-Pipeline/artifacts/q1/preprocess/segments/1020918_0047.wav,बिल्कुल और क्या उसमें हमें समझ भी नहीं होती है
1020918,11057,hi,48,595.34,606.47,11.13,/kaggle/working/Hindi-ASR-Whisper-Pipeline/artifacts/q1/preprocess/segments/1020918_0048.wav,हां उसको ना समझ ही बोला ना समझ है तो उसको बच्चा ही बोला जायेगा आपको मेरे साथ जैसा मेरे साथ सही होता है
1020918,11057,hi,49,608.21,622.19,13.98,/kaggle/working/Hindi-ASR-Whisper-Pipeline/artifacts/q1/preprocess/segments/1020918_0049.wav,तो मेरे भी साथ भी मैंने भी हल्की फुल शरारत की है इसका नतीजा मैं आपको बताना चाहूंगा जैसे पांचवीं हां फिफ्थ पांचवीं क्लास की बात थी गर्मी बहुत ज्यादा पड़ रही थी गर्मी के दिनों की बात थी
1020918,11057,hi,50,622.73,637.73,15.0,/kaggle/working/Hindi-ASR-Whisper-Pipeline/artifacts/q1/preprocess/segments/1020918_0050.wav,तो हम सबको खेलने के लिए जल्दी छुट्टी चाहिए थी अब क्लास में तो कौन ही निकलने देता अब बीच में से क्लास छोड़कर कौन कहां जाओगे कहते हैं ना कि कहा जाना कहीं नहीं जाना मेरा एक दोस्त था उसके दिमाग मे एक आइडिया आया
1020918,11057,hi,51,637.82,649.76,11.94,/kaggle/working/Hindi-ASR-Whisper-Pipeline/artifacts/q1/preprocess/segments/1020918_0051.wav,हम एक काम करें स्कूल की घंटी पांच मिनट पहले ही बजा दें तो सबको छुट्टी सबको लगेगा छुट्टी हो गई है अच्छा उसने सोचा चुप चाप उसने
1020918,11057,hi,52,649.79,664.07,14.28,/kaggle/working/Hindi-ASR-Whisper-Pipeline/artifacts/q1/preprocess/segments/1020918_0052.wav,उसने जो मेरा दोस्त था उसने चुपचाप जाकर स्कूल की घंटी की रस्सी खींच दी तो घंटी बजते ही सारी क्लास खुशी की लहर दौड़ पड़ी की छुट्टी हो गई छुट्टी हो गई सब दौड़ पड़े सब बच्चे बैग लेके उठाकर भागने लगे टीचर भी बड़े हैरान हो गए लेकिन उन्होंने उनको
1020918,11057,hi,53,664.22,677.72,13.5,/kaggle/working/Hindi-ASR-Whisper-Pipeline/artifacts/q1/preprocess/segments/1020918_0053.wav,थोड़ा बहुत तो शक होता है कि अभी टाइम हुआ नहीं है अभी इतनी जल्दी कैसे छुट्टी हो सकती है तो कुछ ही कुछ मिनटों में प्रिंसीपल ने ऐलान कर दिया किसी ने जानबूझकर घंटी बजाई है वो होता है ना सब
1020918,11057,hi,54,677.75,688.82,11.07,/kaggle/working/Hindi-ASR-Whisper-Pipeline/artifacts/q1/preprocess/segments/1020918_0054.wav,वो बुला कर जो बोलते थे न अ ऐसे कैसे छुट्टी हो गई अब छुट्टी हो गई अभी तो टाइम हुआ नही है अभी छुट्टी कैसे हो सकती है तो प्रिंसिपल ने सबको सबको बोल दिया के अभी छुट्टी हुई नही है घंटी किसी ने जान बुझ के बजाई है जिसने भी किया है वो सामने
1020918,11057,hi,55,688.88,703.85,14.97,/kaggle/working/Hindi-ASR-Whisper-Pipeline/artifacts/q1/preprocess/segments/1020918_0055.wav,सबको इकट्ठा बोल रहे सारे क्लास को बाहर बुला लिया जिसने भी किया वो सामने आ जाओ बाहर आ जाओ अब सबको डर लगता है यह सब डर के मारे चुप हो ही जाते हैं कि अब हमारा नाम यदि हम खुद आ गए तो क्या हमको क्या सजा मिल सकती है अभी पता नहीं क्या क्या होगा अगर घर वालों को बुला लिया तो तो और
1020918,11057,hi,56,703.88,718.4,14.52,/kaggle/working/Hindi-ASR-Whisper-Pipeline/artifacts/q1/preprocess/segments/1020918_0056.wav,बहुत ज्यादा कंप्लेन हो जायेगी जो दोस्त है ना मेरा तो उसने खुद अब वो आना पड़ेगा की नहीं वो सामने आ गया ठीक है सारी बात बता दि की हमे खेल ने जाना था खेल ने का मन था तो
1020918,11057,hi,57,719.24,731.93,12.69,/kaggle/working/Hindi-ASR-Whisper-Pipeline/artifacts/q1/preprocess/segments/1020918_0057.wav,हमने घंटी प पहले ही बजा दी थी तो इसका नतीजा ये निक तो उसका नतीजा ये निकला की जो दोस्त था ना मेरा डांट तो पड़ी डांट भी पड़ी लेकिन वह
1020918,11057,hi,58,731.93,746.06,14.13,/kaggle/working/Hindi-ASR-Whisper-Pipeline/artifacts/q1/preprocess/segments/1020918_0058.wav,खुद आगे आगे और एक मासूम से शरारत थी एक तरीके से मासूम से लगी उसको इसलिए इसीलिए उसे एक दिन के मॉर्निंग असेंबली जो खड़े रहने की सजा मिल गई
1020918,11057,hi,59,746.09,760.22,14.13,/kaggle/working/Hindi-ASR-Whisper-Pipeline/artifacts/q1/preprocess/segments/1020918_0059.wav,कि आपको सिर्फ खड़े रहने मॉर्निंग असेंबली में आपको कुछ पूछा सिर्फ खड़े रहना है बस प्रिन्सीपल ने उसको समझाया भी की ईमानदारी का सम ईमानदारी आपने दिखाई है आपका सम्मान हम करते
1020918,11057,hi,60,760.22,767.21,6.99,/kaggle/working/Hindi-ASR-Whisper-Pipeline/artifacts/q1/preprocess/segments/1020918_0060.wav,नहीं लेकिन आपको सजा तो देनी पड़ेगी अगर आप सजा नहीं देंगे तो और लोग ओर बच्चे क्या कहेंगे कि और भी बच्चे होंगे देख के कर सकते है ना ये चीजें
1020918,11057,hi,61,769.67,770.9,1.23,/kaggle/working/Hindi-ASR-Whisper-Pipeline/artifacts/q1/preprocess/segments/1020918_0061.wav,हां तो
1020918,11057,hi,62,780.71,785.48,4.77,/kaggle/working/Hindi-ASR-Whisper-Pipeline/artifacts/q1/preprocess/segments/1020918_0062.wav,जी
1020918,11057,hi,64,802.76,808.58,5.82,/kaggle/working/Hindi-ASR-Whisper-Pipeline/artifacts/q1/preprocess/segments/1020918_0064.wav,जी
1020918,11057,hi,65,836.33,851.06,14.73,/kaggle/working/Hindi-ASR-Whisper-Pipeline/artifacts/q1/preprocess/segments/1020918_0065.wav,REDACTED
1020918,11057,hi,66,851.63,861.68,10.05,/kaggle/working/Hindi-ASR-Whisper-Pipeline/artifacts/q1/preprocess/segments/1020918_0066.wav,REDACTED
1020918,11057,hi,67,872.96,875.27,2.31,/kaggle/working/Hindi-ASR-Whisper-Pipeline/artifacts/q1/preprocess/segments/1020918_0067.wav,जी ओ होहो
1020918,11057,hi,68,885.02,888.11,3.09,/kaggle/working/Hindi-ASR-Whisper-Pipeline/artifacts/q1/preprocess/segments/1020918_0068.wav,हां बिल्कुल हूं
1020918,11057,hi,69,896.09,898.82,2.73,/kaggle/working/Hindi-ASR-Whisper-Pipeline/artifacts/q1/preprocess/segments/1020918_0069.wav,जी
1020918,11057,hi,70,916.01,917.27,1.26,/kaggle/working/Hindi-ASR-Whisper-Pipeline/artifacts/q1/preprocess/segments/1020918_0070.wav,हां
1020918,11057,hi,71,921.08,925.43,4.35,/kaggle/working/Hindi-ASR-Whisper-Pipeline/artifacts/q1/preprocess/segments/1020918_0071.wav,जी
1020918,11057,hi,72,929.6,939.17,9.57,/kaggle/working/Hindi-ASR-Whisper-Pipeline/artifacts/q1/preprocess/segments/1020918_0072.wav,आके ही उन्होंने ये चीज देखें कि आपने बहुत मेहनत की है तो इसको यह जूते देना तो दिलाना तो बनता है उन्होंने आपकी मेहनत को देखें
1020918,11057,hi,74,948.41,952.67,4.26,/kaggle/working/Hindi-ASR-Whisper-Pipeline/artifacts/q1/preprocess/segments/1020918_0074.wav,हा हा जी
1020918,11057,hi,76,969.53,975.68,6.15,/kaggle/working/Hindi-ASR-Whisper-Pipeline/artifacts/q1/preprocess/segments/1020918_0076.wav,REDACTED
1020918,11057,hi,78,983.09,997.64,14.55,/kaggle/working/Hindi-ASR-Whisper-Pipeline/artifacts/q1/preprocess/segments/1020918_0078.wav,हाँ वो चीज जब जब वो चीज देखने को मिलती है कि या निशान देखने को मिलता है तो वो चीज रिकॉल हो जाती है माइंड में कि हाँ ये चीज हमारे साथ ऐसी घटना होती है एक बार मेरे साथ भी एक बार की बात बताता हूँ आपको मैं स्कूल में था
1020918,11057,hi,79,997.7,1012.46,14.76,/kaggle/working/Hindi-ASR-Whisper-Pipeline/artifacts/q1/preprocess/segments/1020918_0079.wav,तो लंच ब्रेक का समय हो गया था तो मैदान मैदान होता है ना स्कूल का मैदान मैं ग्राउंड था तो बच्चों कि बच्चे शोर गूंज रहा था तो मैं अपने दोस्तों के साथ फुटबॉल मैच खेल रहा था हम दोस्त लोग फुटबॉल मैच खेल रहे थे
1020918,11057,hi,80,1013.09,1023.68,10.59,/kaggle/working/Hindi-ASR-Whisper-Pipeline/artifacts/q1/preprocess/segments/1020918_0080.wav,अपने दोस्तों के साथ फुटबॉल खे मैच खेल रहा था तभी जोर से आवाज आई किसी ने गोल करने की कोशिश में जोड़ से गेंद मारी और सीधे पास में खेल रहे छोटे बच्चे के चेहरे पर जा लगी
1020918,11057,hi,81,1026.2,1040.48,14.28,/kaggle/working/Hindi-ASR-Whisper-Pipeline/artifacts/q1/preprocess/segments/1020918_0081.wav,पास में छोटा बच्चा वो भी प्रैक्टिस कर रहा था खेलने का शौक होता छोटी छोटी क्लास के बच्चों को उसकी चेहरे पर बहुत जोर से जाके लगी बच्चा गिर के रोने लगा गिर गया और रोने लगा उसके मुंह से जरा से और खून बूंद लिकरने लग गये कुछ बच्चे तो ऐसे होते हैं ना कि देख के हंसने लगते हैं और बच्चे
1020918,11057,hi,83,1044.65,1057.94,13.29,/kaggle/working/Hindi-ASR-Whisper-Pipeline/artifacts/q1/preprocess/segments/1020918_0083.wav,मजा लेते है तो कुछ लोग डर के इधर उधर गए कि भाई ये क्या हो गया छोटा सा बच्चा है इसको कितनी ज्यादा लगी तो नहीं है .तभी एक लड़का आम तौर पे चुप रहता था जो ज़्यादातर चुप रहते है ना तो वो आया और जिसके हमसे ज़्यादा.
1020918,11057,hi,84,1058.12,1072.19,14.07,/kaggle/working/Hindi-ASR-Whisper-Pipeline/artifacts/q1/preprocess/segments/1020918_0084.wav,कोई भी जानता था कभी जानते थे दौड़ता हुआ आया उस बच्चे के पास पहुंचा उसने बच्चे को धीरे से धीरे से उठाया उसका सिर सहलाया और उसको अपनी ज़ेब अपनी जेब से रुमाल वगैरह निकालते उसके आंशु पोछे जो ब्लड वगैरह जो निकल रहा था मुंह से
1020918,11057,hi,85,1072.37,1086.53,14.16,/kaggle/working/Hindi-ASR-Whisper-Pipeline/artifacts/q1/preprocess/segments/1020918_0085.wav,हाथ से थोड़ा सा गिर गया था तों उसको पोछा पोछा अपने कंधे पर लगा कर पानी पिलाने पानी पिलाने के लिए ले के गया वो जब टी इत्ती देर में टीचर भी आ गई बाकि सब बच्चे इधर उधर भागे टीचर को देखके कि टीचर आ गए टीचर आ गये
1020918,11057,hi,86,1086.53,1099.88,13.35,/kaggle/working/Hindi-ASR-Whisper-Pipeline/artifacts/q1/preprocess/segments/1020918_0086.wav,कुछ भी बहस कुछ कहेंगी डांट वगैरा लगा सकती है किसने किया किसने नहीं किया लेकिन वो लड़का जो वही जो उसको ले के आया था पानी पिलाने के लिए जिसने उसको मदद की थी वो वही खड़ा रहा सारी बात उसने सब को बता दी ऐसे ऐसे हुआ है इसने ये चीज की
1020918,11057,hi,87,1100.12,1106.24,6.12,/kaggle/working/Hindi-ASR-Whisper-Pipeline/artifacts/q1/preprocess/segments/1020918_0087.wav,तो उस दिन हम सब को समझ में आ गया कि असली ताकत किसी को हरा देने में नहीं होती है बल्कि बख्त पर सहारा देने में होती है
1020918,11057,hi,88,1110.32,1124.18,13.86,/kaggle/working/Hindi-ASR-Whisper-Pipeline/artifacts/q1/preprocess/segments/1020918_0088.wav,हां हां हां कितना भी दयालु तो अब तक जो हमारे साथ अनएक्सपेक्टेड दयालुता की घटनाएं ने मैदान या माहौल को बदल दिया पूरी तरीके से ये अनएक्सपेक्टेड था न जो मैं चुप रहने वाला था और किसी छोटे बच्चे के लग
1020918,11057,hi,89,1124.18,1138.16,13.98,/kaggle/working/Hindi-ASR-Whisper-Pipeline/artifacts/q1/preprocess/segments/1020918_0089.wav,और वो उसको लेके गया चुप रहने वाले लड़के ने अगले कुछ दिनों में मतलब वो सबकी नजरों में ऊपर आ गया चुप रहने वाला बंदा और ऐसा भी हो सकता है मतलब उसने दयालु तक की कीमत हमको समझा दी.
1020918,11057,hi,91,1141.91,1147.46,5.55,/kaggle/working/Hindi-ASR-Whisper-Pipeline/artifacts/q1/preprocess/segments/1020918_0091.wav,ठीक सिर है जी आपसे बात करके बहुत अच्छा लगा सर आपका
